session_id,student_id,duration_seconds,tab_switches,blur_events,fullscreen_exits,avg_blur_duration_ms,max_blur_duration_ms,total_idle_ms,typing_gaps_avg_sec,mouse_outside_count,copy_attempts,paste_attempts,devtools_attempts,screenshot_attempts,has_f12,has_alt_tab,has_win_d_p,has_prt_scr,has_f11_f5,has_escape,label
SES_00001,STU_6365,3600,1,5,0,22203,35863,120312,21.12,1,0,0,0,0,0,0,0,0,0,0,1
SES_00002,STU_4907,3600,0,0,0,0,0,76945,17.08,0,0,0,0,0,0,0,0,0,1,0,1
SES_00003,STU_5196,3600,0,0,0,0,0,2714,0.91,1,0,0,0,0,0,0,0,0,1,0,0
SES_00004,STU_8682,3600,0,1,0,127,880,5284,0.55,1,0,0,0,0,0,0,0,0,1,0,0
SES_00005,STU_7329,3600,0,1,0,287,971,13401,3.38,0,0,0,0,0,0,0,0,0,1,0,0
SES_00006,STU_8820,3600,0,0,0,0,0,14549,0.93,0,0,0,0,0,0,0,0,0,1,0,0
SES_00007,STU_9730,3600,0,1,0,500,500,24127,21.14,1,0,0,0,0,0,0,1,0,0,0,1
SES_00008,STU_5858,3600,3,5,0,3855,8619,24138,10.12,6,0,2,0,13,0,0,0,1,0,0,1
SES_00009,STU_8292,3600,1,3,1,25418,30469,145033,6.71,1,0,0,1,2,0,0,0,0,0,0,1
SES_00010,STU_2800,3600,0,1,0,310,447,14728,3.14,0,0,0,0,0,0,0,0,0,0,0,0
SES_00011,STU_7522,3600,1,1,0,566,618,26832,9.97,2,0,0,0,8,0,0,0,1,0,0,1
SES_00012,STU_3920,3600,0,1,0,591,2496,139143,13.0,0,4,7,0,0,0,0,0,0,0,0,1
SES_00013,STU_3545,3600,0,1,0,449,1161,3104,2.42,1,0,0,0,0,0,0,0,0,0,0,0
SES_00014,STU_5432,3600,3,3,0,8460,14340,93222,12.09,5,1,2,0,0,0,0,0,0,0,0,1
SES_00015,STU_6389,3600,12,12,0,1251,2030,91771,6.45,1,1,0,0,0,0,0,0,0,0,0,1
SES_00016,STU_5292,3600,0,0,0,0,0,121241,13.29,0,0,0,0,1,0,0,0,0,1,0,1
SES_00017,STU_5629,3600,0,1,0,480,976,9009,3.13,1,0,0,0,0,0,0,0,0,1,0,0
SES_00018,STU_5533,3600,0,1,0,910,1975,88459,9.02,0,0,0,1,11,0,0,0,1,0,0,1
SES_00019,STU_7427,3600,0,0,0,0,0,11739,1.9,1,0,0,0,0,0,0,0,1,0,0,0
SES_00020,STU_4987,3600,0,1,0,44,458,2760,1.67,0,0,0,0,0,0,0,0,1,0,0,0
SES_00021,STU_4539,3600,0,0,0,0,0,2484,2.26,0,0,0,0,0,0,0,0,1,0,0,0
SES_00022,STU_6104,3600,0,0,0,0,0,2472,1.47,0,0,0,0,0,0,0,0,1,0,0,0
SES_00023,STU_7156,3600,0,0,0,0,0,113947,14.79,0,0,0,0,2,0,0,0,0,1,0,1
SES_00024,STU_1804,3600,0,0,0,0,0,31701,16.98,0,0,0,1,0,0,0,0,0,1,0,1
SES_00025,STU_8159,3600,0,0,0,5,862,116067,22.5,13,0,0,0,0,0,0,0,0,0,0,1
SES_00026,STU_8581,3600,15,16,0,2107,2937,123013,17.29,3,1,0,1,1,0,0,0,0,0,0,1
SES_00027,STU_3833,3600,0,0,0,714,1109,122634,15.64,2,4,8,0,0,0,0,0,0,0,0,1
SES_00028,STU_1792,3600,6,8,2,3428,6440,93433,24.63,4,0,2,0,12,0,0,0,1,0,0,1
SES_00029,STU_7822,3600,2,1,1,1240,1443,2087,0.47,1,0,0,0,0,0,0,0,1,0,0,0
SES_00030,STU_5953,3600,0,0,0,0,0,11015,3.38,0,0,0,0,0,0,0,0,1,0,0,0
SES_00031,STU_6501,3600,0,1,0,55,748,1381,1.64,1,0,0,0,0,0,0,0,1,0,0,0
SES_00032,STU_7204,3600,0,0,0,0,0,9005,2.5,1,0,0,0,0,0,0,0,1,0,0,0
SES_00033,STU_6662,3600,1,0,0,777,1715,22980,9.26,2,0,0,1,10,0,0,0,1,0,0,1
SES_00034,STU_4859,3600,0,1,0,269,751,4417,2.97,0,0,0,0,0,0,0,0,1,0,0,0
SES_00035,STU_1228,3600,0,1,0,134,996,5165,0.87,1,0,0,0,0,0,0,0,1,0,0,0
SES_00036,STU_4781,3600,1,1,0,1000,1000,79707,13.48,1,0,0,1,0,0,1,0,0,0,0,1
SES_00037,STU_3548,3600,2,1,1,1628,1890,11787,3.24,1,0,0,0,0,0,1,0,0,0,0,0
SES_00038,STU_1757,3600,0,1,0,289,2211,32817,19.26,2,0,0,0,5,0,0,0,1,0,0,1
SES_00039,STU_8141,3600,0,1,0,97,254,11069,2.71,0,0,0,0,0,0,0,0,1,0,0,0
SES_00040,STU_4473,3600,2,4,1,16154,27300,144784,17.38,3,0,0,1,1,0,0,0,0,0,0,1
SES_00041,STU_7242,3600,2,1,0,6175,12647,117382,11.69,4,2,5,0,3,0,0,0,0,0,0,1
SES_00042,STU_3714,3600,2,1,1,1608,2430,14086,1.11,0,0,0,0,0,0,0,0,0,0,0,0
SES_00043,STU_3028,3600,0,0,0,0,0,101726,12.48,1,0,0,0,0,1,0,0,0,0,0,1
SES_00044,STU_7126,3600,0,0,0,0,0,9325,1.95,0,0,0,0,0,1,0,0,0,0,0,0
SES_00045,STU_1242,3600,1,4,1,33369,39286,48857,16.9,1,0,0,0,0,0,0,0,0,0,0,1
SES_00046,STU_8601,3600,0,1,0,8,938,4832,0.83,0,0,0,0,0,0,0,0,0,0,0,0
SES_00047,STU_7863,3600,2,1,1,1034,1349,5518,0.3,1,0,0,0,0,0,0,0,0,0,0,0
SES_00048,STU_7505,3600,0,1,0,211,448,7550,1.29,1,0,0,0,0,0,0,0,0,0,0,0
SES_00049,STU_4333,3600,0,1,0,377,446,2552,1.46,1,0,0,0,0,0,0,0,0,0,0,0
SES_00050,STU_2385,3600,0,0,0,77,1936,127158,17.94,2,0,0,0,7,0,0,0,1,0,0,1
SES_00051,STU_2779,3600,0,0,0,0,0,13209,2.48,1,0,0,0,0,0,0,0,1,0,0,0
SES_00052,STU_7714,3600,0,1,0,170,866,4374,2.07,0,0,0,0,0,0,0,0,1,0,0,0
SES_00053,STU_6354,3600,0,0,0,0,0,3470,2.48,0,0,0,0,0,0,0,0,1,0,0,0
SES_00054,STU_6945,3600,0,0,0,0,0,2866,3.47,0,0,0,0,0,0,0,0,1,0,0,0
SES_00055,STU_5825,3600,15,16,0,1268,2678,39331,8.84,5,0,0,0,0,0,0,0,0,0,0,1
SES_00056,STU_3307,3600,0,1,0,247,457,10093,1.63,1,0,0,0,0,0,0,0,0,0,0,0
SES_00057,STU_2280,3600,0,0,1,0,0,20783,17.81,0,0,0,0,0,0,0,0,0,0,1,1
SES_00058,STU_1604,3600,13,14,0,1028,2328,52429,20.28,1,1,1,0,0,0,0,0,0,0,0,1
SES_00059,STU_4833,3600,0,0,0,0,0,3048,2.42,0,0,0,0,0,0,0,0,0,0,0,0
SES_00060,STU_7608,3600,0,0,0,0,0,9371,3.28,0,0,0,0,0,0,0,0,0,0,0,0
SES_00061,STU_3981,3600,1,3,1,790,1054,7548,2.5,1,0,0,0,0,0,0,0,0,0,0,0
SES_00062,STU_7337,3600,0,1,0,376,1325,13851,1.62,0,0,0,0,0,0,0,0,0,0,0,0
SES_00063,STU_3840,3600,0,0,1,0,0,147876,5.47,0,0,0,1,0,0,0,0,0,0,1,1
SES_00064,STU_8917,3600,0,0,0,0,0,107078,22.89,0,0,0,0,2,0,0,0,0,1,0,1
SES_00065,STU_4057,3600,0,0,0,0,0,12711,1.4,0,0,0,0,0,0,0,0,0,1,0,0
SES_00066,STU_7964,3600,0,1,0,385,728,11182,2.39,0,0,0,0,0,0,0,0,0,1,0,0
SES_00067,STU_6789,3600,0,1,0,500,500,37506,7.62,1,0,0,1,0,0,0,1,0,0,0,1
SES_00068,STU_5753,3600,0,0,0,0,0,9770,0.65,0,0,0,0,0,0,0,1,0,0,0,0
SES_00069,STU_4662,3600,0,1,0,199,959,13443,1.79,0,0,0,0,0,0,0,1,0,0,0,0
SES_00070,STU_7137,3600,0,1,0,500,500,112051,13.62,1,0,0,0,0,0,0,1,0,0,0,1
SES_00071,STU_9743,3600,0,0,0,0,0,8271,2.65,0,0,0,0,0,0,0,1,0,0,0,0
SES_00072,STU_3380,3600,0,0,0,0,0,11909,3.16,1,0,0,0,0,0,0,1,0,0,0,0
SES_00073,STU_3467,3600,0,0,0,0,0,4043,0.86,0,0,0,0,0,0,0,1,0,0,0,0
SES_00074,STU_8365,3600,0,0,0,0,0,1608,0.93,1,0,0,0,0,0,0,1,0,0,0,0
SES_00075,STU_5343,3600,0,0,0,0,0,7901,0.55,1,0,0,0,0,0,0,1,0,0,0,0
SES_00076,STU_1288,3600,0,1,0,200,236,14691,2.84,1,0,0,0,0,0,0,1,0,0,0,0
SES_00077,STU_6782,3600,0,0,0,0,0,1171,1.26,0,0,0,0,0,0,0,1,0,0,0,0
SES_00078,STU_4521,3600,0,1,0,192,1112,3921,2.66,0,0,0,0,0,0,0,1,0,0,0,0
SES_00079,STU_3670,3600,14,19,4,8726,14718,75170,17.34,8,4,2,0,0,0,0,0,0,0,0,1
SES_00080,STU_9959,3600,0,0,0,0,0,12189,2.17,1,0,0,0,0,0,0,0,0,0,0,0
SES_00081,STU_8732,3600,19,22,4,4709,7505,16567,24.19,14,1,2,0,1,0,0,0,0,0,0,1
SES_00082,STU_4912,3600,0,0,0,0,0,12757,1.27,1,0,0,0,0,0,0,0,0,0,0,0
SES_00083,STU_2060,3600,1,2,1,1221,1676,12136,1.47,1,0,0,0,0,0,0,0,0,0,0,0
SES_00084,STU_9553,3600,1,5,1,26757,34330,124177,19.34,1,0,0,1,0,0,0,0,0,0,0,1
SES_00085,STU_1921,3600,0,0,1,0,0,28314,23.63,0,0,0,0,0,0,0,0,0,0,1,1
SES_00086,STU_8408,3600,0,1,0,292,1249,1309,0.3,0,0,0,0,0,0,0,0,0,0,1,0
SES_00087,STU_7388,3600,0,1,0,358,1277,12055,0.68,1,0,0,0,0,0,0,0,0,0,1,0
SES_00088,STU_6230,3600,1,1,1,1180,1706,4233,1.59,1,0,0,0,0,0,0,0,0,0,1,0
SES_00089,STU_3842,3600,0,1,0,238,666,11708,1.9,0,0,0,0,0,0,0,0,0,0,1,0
SES_00090,STU_8038,3600,15,19,2,6921,20546,70140,16.33,18,5,5,0,2,0,0,0,0,0,0,1
SES_00091,STU_7778,3600,0,0,0,0,0,139679,23.63,0,0,0,0,2,0,0,0,0,1,0,1
SES_00092,STU_1126,3600,0,1,0,203,363,8255,2.44,1,0,0,0,0,0,0,0,0,1,0,0
SES_00093,STU_5276,3600,0,0,0,0,0,34923,20.37,0,0,0,0,0,0,0,0,0,1,0,1
SES_00094,STU_2184,3600,0,0,0,379,903,82728,10.1,2,4,7,0,0,0,0,0,0,0,0,1
SES_00095,STU_9725,3600,0,1,0,134,498,9351,2.42,1,0,0,0,0,0,0,0,0,0,0,0
SES_00096,STU_2440,3600,0,0,1,0,0,127048,8.03,0,0,0,0,0,0,0,0,0,0,1,1
SES_00097,STU_5933,3600,4,4,2,12506,20524,109308,21.92,3,0,0,0,0,0,0,0,0,0,0,1
SES_00098,STU_3082,3600,2,2,1,1453,1474,7431,1.32,1,0,0,0,0,0,0,0,0,0,0,0
SES_00099,STU_3073,3600,0,0,0,0,0,83442,16.4,0,0,0,1,0,0,0,0,0,1,0,1
SES_00100,STU_5316,3600,6,7,0,1787,6462,56871,21.04,6,2,0,0,15,0,0,0,1,0,0,1
SES_00101,STU_9103,3600,0,0,0,0,0,7314,1.61,1,0,0,0,0,0,0,0,1,0,0,0
SES_00102,STU_1742,3600,0,0,0,0,0,2820,1.84,1,0,0,0,0,0,0,0,1,0,0,0
SES_00103,STU_9522,3600,0,0,0,0,0,9809,2.39,0,0,0,0,0,0,0,0,1,0,0,0
SES_00104,STU_4154,3600,0,1,0,500,500,14907,9.0,1,0,0,0,1,0,0,1,0,0,0,1
SES_00105,STU_6957,3600,0,0,0,0,0,6927,2.19,1,0,0,0,0,0,0,1,0,0,0,0
SES_00106,STU_2398,3600,0,0,0,0,0,5759,0.61,0,0,0,0,0,0,0,1,0,0,0,0
SES_00107,STU_3359,3600,0,0,0,0,0,10632,1.54,1,0,0,0,0,0,0,1,0,0,0,0
SES_00108,STU_6883,3600,2,3,1,19488,31224,135085,24.01,8,0,0,0,0,0,0,0,0,0,0,1
SES_00109,STU_3961,3600,0,1,0,500,500,78179,6.01,1,0,0,0,0,0,0,1,0,0,0,1
SES_00110,STU_6836,3600,1,3,1,1092,1133,14041,2.28,1,0,0,0,0,0,0,1,0,0,0,0
SES_00111,STU_8811,3600,0,1,0,206,671,11985,2.98,0,0,0,0,0,0,0,1,0,0,0,0
SES_00112,STU_5107,3600,0,1,0,311,885,13589,2.48,0,0,0,0,0,0,0,1,0,0,0,0
SES_00113,STU_5200,3600,2,1,0,223,1096,74966,9.44,1,0,0,0,10,0,0,0,1,0,0,1
SES_00114,STU_1262,3600,0,0,0,0,0,11469,2.83,0,0,0,0,0,0,0,0,1,0,0,0
SES_00115,STU_5456,3600,5,10,2,1690,6258,84069,15.36,10,2,2,1,0,0,0,0,0,0,0,1
SES_00116,STU_7732,3600,0,1,0,232,385,13943,1.55,1,0,0,0,0,0,0,0,0,0,0,0
SES_00117,STU_9885,3600,0,0,1,0,0,20241,16.68,0,0,0,0,0,0,0,0,0,0,1,1
SES_00118,STU_8917,3600,0,1,0,467,1467,2613,3.19,0,0,0,0,0,0,0,0,0,0,1,0
SES_00119,STU_1758,3600,0,0,0,154,603,116374,13.05,0,0,0,1,6,0,0,0,1,0,0,1
SES_00120,STU_5249,3600,0,0,1,0,0,91915,15.81,0,0,0,1,0,0,0,0,0,0,1,1
SES_00121,STU_8345,3600,0,1,0,362,882,10590,0.57,0,0,0,0,0,0,0,0,0,0,1,0
SES_00122,STU_9032,3600,0,0,0,0,0,8244,0.89,0,0,0,0,0,0,0,0,0,0,1,0
SES_00123,STU_8260,3600,0,0,0,473,2144,131754,13.47,1,0,0,0,4,0,0,0,1,0,0,1
SES_00124,STU_5029,3600,0,0,0,0,0,5235,2.02,1,0,0,0,0,0,0,0,1,0,0,0
SES_00125,STU_5434,3600,0,0,0,0,0,61517,9.42,1,0,0,0,0,1,0,0,0,0,0,1
SES_00126,STU_9100,3600,0,1,0,472,978,11542,1.81,1,0,0,0,0,1,0,0,0,0,0,0
SES_00127,STU_9972,3600,3,3,3,23808,40669,78638,22.05,3,0,0,0,0,0,0,0,0,0,0,1
SES_00128,STU_3312,3600,0,0,0,263,885,87934,21.2,10,0,0,1,0,0,0,0,0,0,0,1
SES_00129,STU_8422,3600,1,1,0,1000,1000,70409,9.0,1,0,0,1,0,0,1,0,0,0,0,1
SES_00130,STU_8344,3600,2,1,1,1130,1233,6840,2.38,1,0,0,0,0,0,1,0,0,0,0,0
SES_00131,STU_7135,3600,2,2,1,531,1476,7305,3.42,1,0,0,0,0,0,1,0,0,0,0,0
SES_00132,STU_2697,3600,5,7,3,25538,41016,43200,8.45,8,0,0,0,0,0,0,0,0,0,0,1
SES_00133,STU_7017,3600,0,1,0,488,816,14038,1.13,1,0,0,0,0,0,0,0,0,0,0,0
SES_00134,STU_9308,3600,0,0,0,0,0,1674,0.35,1,0,0,0,0,0,0,0,0,0,0,0
SES_00135,STU_9483,3600,0,0,0,106,504,101745,11.13,9,0,0,0,0,0,0,0,0,0,0,1
SES_00136,STU_3249,3600,1,2,1,15567,23708,35545,19.25,2,0,0,0,0,0,0,0,0,0,0,1
SES_00137,STU_5143,3600,0,0,0,0,0,13059,3.19,1,0,0,0,0,0,0,0,0,0,0,0
SES_00138,STU_1070,3600,0,0,0,0,0,10892,3.12,1,0,0,0,0,0,0,0,0,0,0,0
SES_00139,STU_3787,3600,1,1,1,1781,1897,8073,2.18,1,0,0,0,0,0,0,0,0,0,0,0
SES_00140,STU_8305,3600,0,1,0,237,969,6285,3.4,0,0,0,0,0,0,0,0,0,0,0,0
SES_00141,STU_5472,3600,2,0,0,885,1584,27921,21.32,2,0,0,0,4,0,0,0,1,0,0,1
SES_00142,STU_5682,3600,0,0,0,0,0,2924,1.77,0,0,0,0,0,0,0,0,1,0,0,0
SES_00143,STU_4307,3600,0,1,0,362,509,7472,0.49,0,0,0,0,0,0,0,0,1,0,0,0
SES_00144,STU_6601,3600,0,1,0,476,1321,2321,2.59,0,0,0,0,0,0,0,0,1,0,0,0
SES_00145,STU_8346,3600,0,0,0,0,0,12934,3.08,1,0,0,0,0,0,0,0,1,0,0,0
SES_00146,STU_5223,3600,2,1,1,1219,2097,4012,3.41,0,0,0,0,0,0,0,0,1,0,0,0
SES_00147,STU_8967,3600,0,1,0,3,796,2871,0.79,0,0,0,0,0,0,0,0,1,0,0,0
SES_00148,STU_3182,3600,0,1,0,147,406,9399,2.42,1,0,0,0,0,0,0,0,1,0,0,0
SES_00149,STU_5026,3600,3,3,0,5716,9704,128103,17.31,3,10,10,0,0,0,0,0,0,0,0,1
SES_00150,STU_2889,3600,0,1,0,187,420,9855,1.4,1,0,0,0,0,0,0,0,0,0,0,0
SES_00151,STU_6711,3600,1,1,0,1000,1000,139182,16.61,1,0,0,0,0,0,1,0,0,0,0,1
SES_00152,STU_5714,3600,0,1,0,191,705,10060,0.49,1,0,0,0,0,0,1,0,0,0,0,0
SES_00153,STU_7318,3600,4,4,1,26617,36914,37953,14.54,8,0,0,1,1,0,0,0,0,0,0,1
SES_00154,STU_2719,3600,0,0,0,0,0,2481,2.39,1,0,0,0,0,0,0,0,0,0,0,0
SES_00155,STU_7057,3600,1,1,1,1973,2947,11530,2.91,1,0,0,0,0,0,0,0,0,0,0,0
SES_00156,STU_7644,3600,0,0,0,0,0,102739,24.71,1,0,0,0,1,1,0,0,0,0,0,1
SES_00157,STU_5667,3600,0,1,0,276,1064,12763,3.14,1,0,0,0,0,1,0,0,0,0,0,0
SES_00158,STU_5293,3600,1,2,1,6059,12462,127591,24.29,2,6,3,0,7,0,0,0,0,0,0,1
SES_00159,STU_6398,3600,0,1,0,97,830,4780,2.52,0,0,0,0,0,0,0,0,0,0,0,0
SES_00160,STU_7534,3600,0,1,0,43,298,1203,1.17,0,0,0,0,0,0,0,0,0,0,0,0
SES_00161,STU_4788,3600,0,1,0,275,633,11510,1.78,1,0,0,0,0,0,0,0,0,0,0,0
SES_00162,STU_6886,3600,0,0,1,0,0,86799,6.23,0,0,0,0,0,0,0,0,0,0,1,1
SES_00163,STU_6880,3600,0,0,0,0,0,14928,0.84,0,0,0,0,0,0,0,0,0,0,1,0
SES_00164,STU_6977,3600,1,3,1,1347,1516,11670,2.97,0,0,0,0,0,0,0,0,0,0,1,0
SES_00165,STU_8836,3600,0,1,0,490,950,13710,2.38,0,0,0,0,0,0,0,0,0,0,1,0
SES_00166,STU_7678,3600,1,4,0,19330,24669,78403,16.95,0,0,0,1,0,0,0,0,0,0,0,1
SES_00167,STU_5094,3600,2,0,0,602,2599,86459,7.99,0,0,0,0,11,0,0,0,1,0,0,1
SES_00168,STU_1417,3600,7,8,1,4509,6037,25386,22.52,9,1,2,0,7,0,0,0,1,0,0,1
SES_00169,STU_2551,3600,2,3,1,1820,2010,9402,0.34,1,0,0,0,0,0,0,0,1,0,0,0
SES_00170,STU_5504,3600,0,0,0,600,2262,117092,17.39,1,0,0,0,6,0,0,0,1,0,0,1
SES_00171,STU_6929,3600,0,0,0,0,0,14797,1.64,0,0,0,0,0,0,0,0,1,0,0,0
SES_00172,STU_8133,3600,1,1,0,1000,1000,139781,18.5,1,0,0,1,0,0,1,0,0,0,0,1
SES_00173,STU_5817,3600,0,0,1,0,0,84238,19.71,0,0,0,0,0,0,0,0,0,0,1,1
SES_00174,STU_5705,3600,12,15,2,11276,23413,54688,10.75,8,5,2,0,2,0,0,0,0,0,0,1
SES_00175,STU_9843,3600,0,0,0,0,0,8470,1.74,0,0,0,0,0,0,0,0,0,0,0,0
SES_00176,STU_7708,3600,0,0,0,0,0,18656,9.92,1,0,0,0,0,1,0,0,0,0,0,1
SES_00177,STU_2939,3600,0,0,0,0,0,13059,1.45,0,0,0,0,0,1,0,0,0,0,0,0
SES_00178,STU_1213,3600,0,0,0,0,0,6507,0.47,0,0,0,0,0,1,0,0,0,0,0,0
SES_00179,STU_1387,3600,0,1,0,182,568,11380,3.35,1,0,0,0,0,1,0,0,0,0,0,0
SES_00180,STU_4362,3600,0,0,1,0,0,119669,21.92,0,0,0,0,0,0,0,0,0,0,1,1
SES_00181,STU_6139,3600,0,1,0,500,500,18887,10.69,1,0,0,0,0,0,0,1,0,0,0,1
SES_00182,STU_4051,3600,0,1,0,104,526,1431,1.38,1,0,0,0,0,0,0,1,0,0,0,0
SES_00183,STU_1994,3600,0,1,0,297,1025,13667,0.89,0,0,0,0,0,0,0,1,0,0,0,0
SES_00184,STU_9205,3600,0,1,0,95,604,9925,2.69,1,0,0,0,0,0,0,1,0,0,0,0
SES_00185,STU_9045,3600,0,0,0,0,0,12365,1.25,0,0,0,0,0,0,0,1,0,0,0,0
SES_00186,STU_9827,3600,0,0,0,0,0,6664,2.32,0,0,0,0,0,0,0,1,0,0,0,0
SES_00187,STU_3628,3600,1,1,0,1000,1000,73962,24.97,1,0,0,0,0,0,1,0,0,0,0,1
SES_00188,STU_5618,3600,0,0,0,0,0,133577,14.48,1,0,0,1,0,1,0,0,0,0,0,1
SES_00189,STU_1099,3600,4,5,0,2085,5579,30090,23.53,3,0,2,0,13,0,0,0,1,0,0,1
SES_00190,STU_6926,3600,2,2,1,2425,6351,72975,7.17,4,5,8,0,2,0,0,0,0,0,0,1
SES_00191,STU_6317,3600,0,1,0,500,500,111450,11.82,1,0,0,0,0,0,0,1,0,0,0,1
SES_00192,STU_7370,3600,8,10,3,10702,24054,12112,22.19,5,5,4,0,0,0,0,0,0,0,0,1
SES_00193,STU_6361,3600,0,1,0,412,839,25314,16.98,20,0,0,0,0,0,0,0,0,0,0,1
SES_00194,STU_6623,3600,0,1,0,477,814,5165,0.58,1,0,0,0,0,0,0,0,0,0,0,0
SES_00195,STU_5148,3600,0,1,0,231,735,10706,2.04,1,0,0,0,0,0,0,0,0,0,0,0
SES_00196,STU_3240,3600,0,0,0,238,611,144596,14.56,11,0,0,0,0,0,0,0,0,0,0,1
SES_00197,STU_6736,3600,0,1,0,302,1063,1625,2.24,0,0,0,0,0,0,0,0,0,0,0,0
SES_00198,STU_3600,3600,0,1,0,31,168,5674,0.34,1,0,0,0,0,0,0,0,0,0,0,0
SES_00199,STU_6273,3600,0,0,0,0,0,2369,2.48,1,0,0,0,0,0,0,0,0,0,0,0
SES_00200,STU_7294,3600,0,1,0,263,606,137493,21.31,5,0,0,0,1,0,0,0,0,0,0,1
SES_00201,STU_5255,3600,0,0,1,0,0,93926,10.7,0,0,0,0,0,0,0,0,0,0,1,1
SES_00202,STU_3004,3600,0,1,0,487,1274,14296,2.22,1,0,0,0,0,0,0,0,0,0,1,0
SES_00203,STU_9727,3600,2,3,1,3913,9550,34984,11.41,2,6,5,0,6,0,0,0,0,0,0,1
SES_00204,STU_5298,3600,0,0,0,0,0,3574,2.61,1,0,0,0,0,0,0,0,0,0,0,0
SES_00205,STU_9178,3600,0,0,0,0,0,12743,2.25,0,0,0,0,0,0,0,0,0,0,0,0
SES_00206,STU_2264,3600,0,0,0,0,0,5083,0.37,1,0,0,0,0,0,0,0,0,0,0,0
SES_00207,STU_7689,3600,0,0,0,0,0,6514,1.81,0,0,0,0,0,0,0,0,0,0,0,0
SES_00208,STU_8980,3600,2,1,1,1431,2178,7833,3.2,1,0,0,0,0,0,0,0,0,0,0,0
SES_00209,STU_2909,3600,1,2,2,7939,10974,105258,6.57,5,3,3,0,2,0,0,0,0,0,0,1
SES_00210,STU_2474,3600,0,0,1,0,0,70451,8.94,0,0,0,1,0,0,0,0,0,0,1,1
SES_00211,STU_4927,3600,14,19,2,11734,19853,101973,15.88,10,3,3,0,0,0,0,0,0,0,0,1
SES_00212,STU_3781,3600,0,0,0,0,0,11226,2.31,0,0,0,0,0,0,0,0,0,0,0,0
SES_00213,STU_8319,3600,2,3,1,1244,1817,11359,3.38,1,0,0,0,0,0,0,0,0,0,0,0
SES_00214,STU_1224,3600,1,3,1,1959,2661,2313,2.53,0,0,0,0,0,0,0,0,0,0,0,0
SES_00215,STU_3393,3600,0,0,0,0,0,10728,1.46,1,0,0,0,0,0,0,0,0,0,0,0
SES_00216,STU_2940,3600,0,1,0,238,903,7490,3.19,1,0,0,0,0,0,0,0,0,0,0,0
SES_00217,STU_5469,3600,0,1,0,306,765,3899,0.69,0,0,0,0,0,0,0,0,0,0,0,0
SES_00218,STU_4737,3600,0,1,0,282,957,7245,2.93,0,0,0,0,0,0,0,0,0,0,0,0
SES_00219,STU_1868,3600,0,1,0,100,816,8085,0.59,0,0,0,0,0,0,0,0,0,0,0,0
SES_00220,STU_3019,3600,0,0,0,0,0,12260,3.14,0,0,0,0,0,0,0,0,0,0,0,0
SES_00221,STU_7337,3600,3,3,0,5405,9262,135825,19.5,4,4,6,0,8,0,0,0,0,0,0,1
SES_00222,STU_2534,3600,0,1,0,491,633,1021,0.34,0,0,0,0,0,0,0,0,0,0,0,0
SES_00223,STU_6567,3600,0,0,1,0,0,80542,7.16,0,0,0,1,2,0,0,0,0,0,1,1
SES_00224,STU_1316,3600,0,1,0,145,244,13562,0.84,1,0,0,0,0,0,0,0,0,0,1,0
SES_00225,STU_4277,3600,0,1,0,308,415,4171,2.41,0,0,0,0,0,0,0,0,0,0,1,0
SES_00226,STU_2411,3600,0,1,0,394,432,14796,1.3,0,0,0,0,0,0,0,0,0,0,1,0
SES_00227,STU_6026,3600,3,1,1,8992,14899,67347,24.1,5,2,6,0,3,0,0,0,0,0,0,1
SES_00228,STU_4497,3600,0,0,0,0,0,17819,18.4,0,0,0,0,0,0,0,0,0,1,0,1
SES_00229,STU_1100,3600,0,0,0,0,0,10110,0.94,1,0,0,0,0,0,0,0,0,1,0,0
SES_00230,STU_7490,3600,1,2,1,3629,9115,111152,14.5,3,3,3,0,6,0,0,0,0,0,0,1
SES_00231,STU_7233,3600,0,1,0,389,520,13764,1.23,1,0,0,0,0,0,0,0,0,0,0,0
SES_00232,STU_8312,3600,0,0,0,0,0,11770,2.2,1,0,0,0,0,0,0,0,0,0,0,0
SES_00233,STU_8654,3600,0,0,0,0,0,2893,2.41,0,0,0,0,0,0,0,0,0,0,0,0
SES_00234,STU_9464,3600,0,1,0,305,845,7303,2.69,1,0,0,0,0,0,0,0,0,0,0,0
SES_00235,STU_6549,3600,0,1,0,500,500,52433,6.82,1,0,0,0,1,0,0,1,0,0,0,1
SES_00236,STU_8577,3600,0,1,0,54,815,12282,1.82,1,0,0,0,0,0,0,1,0,0,0,0
SES_00237,STU_8134,3600,1,1,0,1000,1000,113337,20.75,1,0,0,1,1,0,1,0,0,0,0,1
SES_00238,STU_7809,3600,0,3,1,25096,35545,65292,9.01,0,0,0,0,1,0,0,0,0,0,0,1
SES_00239,STU_8334,3600,0,1,0,247,887,10252,3.24,0,0,0,0,0,0,0,0,0,0,0,0
SES_00240,STU_8582,3600,2,1,1,1477,1942,3307,1.63,1,0,0,0,0,0,0,0,0,0,0,0
SES_00241,STU_6413,3600,0,0,0,0,0,13963,3.22,1,0,0,0,0,0,0,0,0,0,0,0
SES_00242,STU_7442,3600,0,0,0,482,1038,112438,18.68,13,0,0,0,0,0,0,0,0,0,0,1
SES_00243,STU_8070,3600,0,0,0,0,0,1300,3.0,0,0,0,0,0,0,0,0,0,0,0,0
SES_00244,STU_1573,3600,4,2,2,6261,12237,80520,11.87,5,1,1,0,0,0,0,0,0,0,0,1
SES_00245,STU_9594,3600,0,0,0,0,0,98064,5.55,0,0,0,0,0,0,0,0,0,1,0,1
SES_00246,STU_1754,3600,0,1,0,431,585,12771,1.46,0,0,0,0,0,0,0,0,0,1,0,0
SES_00247,STU_1141,3600,0,0,0,0,0,7612,1.77,1,0,0,0,0,0,0,0,0,1,0,0
SES_00248,STU_6477,3600,2,3,1,8022,10620,136886,11.85,2,5,6,0,6,0,0,0,0,0,0,1
SES_00249,STU_6431,3600,0,0,0,0,0,3148,3.43,0,0,0,0,0,0,0,0,0,0,0,0
SES_00250,STU_6793,3600,0,0,0,0,0,2324,0.32,1,0,0,0,0,0,0,0,0,0,0,0
SES_00251,STU_1134,3600,2,1,1,2000,2829,4994,2.4,1,0,0,0,0,0,0,0,0,0,0,0
SES_00252,STU_6260,3600,0,1,0,88,573,6481,2.67,0,0,0,0,0,0,0,0,0,0,0,0
SES_00253,STU_8604,3600,0,1,0,375,892,14364,2.7,1,0,0,0,0,0,0,0,0,0,0,0
SES_00254,STU_3651,3600,0,1,0,345,1049,6630,3.16,1,0,0,0,0,0,0,0,0,0,0,0
SES_00255,STU_2391,3600,0,0,0,0,0,8896,3.22,1,0,0,0,0,0,0,0,0,0,0,0
SES_00256,STU_8951,3600,14,18,5,7961,14729,75155,10.96,10,4,5,0,1,0,0,0,0,0,0,1
SES_00257,STU_4188,3600,1,2,0,21088,28982,51311,7.83,1,0,0,0,0,0,0,0,0,0,0,1
SES_00258,STU_2533,3600,11,11,0,2566,3456,134448,7.28,3,0,1,0,0,0,0,0,0,0,0,1
SES_00259,STU_1907,3600,0,1,0,19,897,2602,1.62,1,0,0,0,0,0,0,0,0,0,0,0
SES_00260,STU_7459,3600,0,0,0,0,0,13992,2.18,0,0,0,0,0,0,0,0,0,0,0,0
SES_00261,STU_1066,3600,0,0,0,0,0,4018,1.53,1,0,0,0,0,0,0,0,0,0,0,0
SES_00262,STU_3906,3600,1,1,0,1000,1000,62331,22.05,1,0,0,0,0,0,1,0,0,0,0,1
SES_00263,STU_3478,3600,2,4,1,5868,13712,96376,10.52,6,3,1,0,0,0,0,0,0,0,0,1
SES_00264,STU_3832,3600,0,0,0,0,0,4590,2.06,1,0,0,0,0,0,0,0,0,0,0,0
SES_00265,STU_5689,3600,0,0,0,0,0,13537,0.67,1,0,0,0,0,0,0,0,0,0,0,0
SES_00266,STU_2257,3600,2,0,0,358,1947,68509,20.86,0,0,0,0,8,0,0,0,1,0,0,1
SES_00267,STU_5579,3600,0,0,0,0,0,14040,2.91,1,0,0,0,0,0,0,0,1,0,0,0
SES_00268,STU_5948,3600,0,1,0,429,852,5526,3.46,1,0,0,0,0,0,0,0,1,0,0,0
SES_00269,STU_5806,3600,0,1,0,334,475,2308,1.56,1,0,0,0,0,0,0,0,1,0,0,0
SES_00270,STU_3053,3600,1,3,2,28422,40239,139758,10.84,8,0,0,0,0,0,0,0,0,0,0,1
SES_00271,STU_9749,3600,0,1,0,0,0,10915,2.21,1,0,0,0,0,0,0,0,0,0,0,0
SES_00272,STU_3371,3600,0,1,0,257,1040,13890,3.47,1,0,0,0,0,0,0,0,0,0,0,0
SES_00273,STU_2246,3600,0,1,0,400,1390,12775,0.71,0,0,0,0,0,0,0,0,0,0,0,0
SES_00274,STU_5492,3600,0,1,0,369,896,2576,3.09,0,0,0,0,0,0,0,0,0,0,0,0
SES_00275,STU_5599,3600,1,1,1,1819,2806,13756,2.54,0,0,0,0,0,0,0,0,0,0,0,0
SES_00276,STU_4466,3600,0,0,0,0,0,137749,12.54,0,0,0,0,1,0,0,0,0,1,0,1
SES_00277,STU_4131,3600,0,0,0,0,0,9617,1.31,0,0,0,0,0,0,0,0,0,1,0,0
SES_00278,STU_7024,3600,0,1,0,246,611,11313,1.19,1,0,0,0,0,0,0,0,0,1,0,0
SES_00279,STU_7862,3600,3,2,2,9441,13411,94294,19.68,4,2,3,0,0,0,0,0,0,0,0,1
SES_00280,STU_5380,3600,0,0,0,0,0,6789,2.54,1,0,0,0,0,0,0,0,0,0,0,0
SES_00281,STU_4950,3600,0,0,0,0,0,4180,2.57,1,0,0,0,0,0,0,0,0,0,0,0
SES_00282,STU_3997,3600,0,0,0,0,0,8662,1.06,1,0,0,0,0,0,0,0,0,0,0,0
SES_00283,STU_8932,3600,0,1,0,377,1321,60782,24.42,20,0,0,0,0,0,0,0,0,0,0,1
SES_00284,STU_5206,3600,3,3,0,6207,8829,115927,23.6,4,8,9,1,0,0,0,0,0,0,0,1
SES_00285,STU_2768,3600,8,9,0,1851,3036,82281,15.17,2,1,0,0,0,0,0,0,0,0,0,1
SES_00286,STU_1585,3600,0,1,0,65,1009,7323,0.91,1,0,0,0,0,0,0,0,0,0,0,0
SES_00287,STU_2792,3600,0,0,0,0,0,7847,0.96,1,0,0,0,0,0,0,0,0,0,0,0
SES_00288,STU_2922,3600,0,1,0,190,221,6067,0.43,1,0,0,0,0,0,0,0,0,0,0,0
SES_00289,STU_8179,3600,0,0,0,0,0,3102,1.06,0,0,0,0,0,0,0,0,0,0,0,0
SES_00290,STU_4734,3600,0,1,0,275,292,10077,9.97,13,0,0,0,1,0,0,0,0,0,0,1
SES_00291,STU_4296,3600,0,1,0,500,500,38329,12.09,1,0,0,0,0,0,0,1,0,0,0,1
SES_00292,STU_1215,3600,1,2,1,1226,1779,7942,2.54,1,0,0,0,0,0,0,1,0,0,0,0
SES_00293,STU_1567,3600,0,0,0,121,1217,73328,23.02,0,7,6,0,2,0,0,0,0,0,0,1
SES_00294,STU_9044,3600,2,3,1,1771,2409,6571,3.11,0,0,0,0,0,0,0,0,0,0,0,0
SES_00295,STU_2917,3600,0,0,0,0,0,3065,3.43,1,0,0,0,0,0,0,0,0,0,0,0
SES_00296,STU_6278,3600,0,0,0,0,0,13280,2.36,1,0,0,0,0,0,0,0,0,0,0,0
SES_00297,STU_7618,3600,0,1,0,353,685,6524,0.85,1,0,0,0,0,0,0,0,0,0,0,0
SES_00298,STU_8603,3600,5,7,2,22793,36122,44903,7.24,6,0,0,0,0,0,0,0,0,0,0,1
SES_00299,STU_5060,3600,0,1,0,56,680,2295,0.77,1,0,0,0,0,0,0,0,0,0,0,0
SES_00300,STU_3390,3600,0,0,0,0,0,11514,3.34,0,0,0,0,0,0,0,0,0,0,0,0
SES_00301,STU_9727,3600,1,3,1,1394,1507,5734,1.59,0,0,0,0,0,0,0,0,0,0,0,0
SES_00302,STU_2767,3600,0,1,0,467,747,13181,0.57,0,0,0,0,0,0,0,0,0,0,0,0
SES_00303,STU_7751,3600,0,0,0,0,0,2024,0.51,1,0,0,0,0,0,0,0,0,0,0,0
SES_00304,STU_9323,3600,0,1,0,329,1203,7793,2.58,1,0,0,0,0,0,0,0,0,0,0,0
SES_00305,STU_5882,3600,0,1,0,75,768,8389,2.8,1,0,0,0,0,0,0,0,0,0,0,0
SES_00306,STU_3512,3600,0,1,0,360,818,10740,2.82,1,0,0,0,0,0,0,0,0,0,0,0
SES_00307,STU_5914,3600,3,3,0,5607,9875,68745,24.25,3,4,6,0,7,0,0,0,0,0,0,1
SES_00308,STU_1420,3600,0,1,0,274,772,4495,1.92,1,0,0,0,0,0,0,0,0,0,0,0
SES_00309,STU_4464,3600,4,2,2,8186,11555,88885,22.63,5,2,1,0,1,0,0,0,0,0,0,1
SES_00310,STU_3796,3600,1,3,1,1303,1845,11407,0.42,0,0,0,0,0,0,0,0,0,0,0,0
SES_00311,STU_4991,3600,2,2,1,895,1546,9492,3.32,0,0,0,0,0,0,0,0,0,0,0,0
SES_00312,STU_3236,3600,2,1,1,1421,1840,7284,2.83,1,0,0,0,0,0,0,0,0,0,0,0
SES_00313,STU_2206,3600,0,1,0,640,1355,108014,12.5,2,6,9,0,0,0,0,0,0,0,0,1
SES_00314,STU_2377,3600,0,0,0,0,0,19983,9.6,0,0,0,0,2,0,0,0,0,1,0,1
SES_00315,STU_8716,3600,4,4,2,8793,12051,142198,21.43,5,2,3,0,0,0,0,0,0,0,0,1
SES_00316,STU_4452,3600,2,1,1,1537,1616,10306,3.22,0,0,0,0,0,0,0,0,0,0,0,0
SES_00317,STU_3055,3600,0,1,0,193,742,13678,1.3,0,0,0,0,0,0,0,0,0,0,0,0
SES_00318,STU_6561,3600,1,2,0,32046,39613,47731,5.03,2,0,0,0,0,0,0,0,0,0,0,1
SES_00319,STU_6903,3600,8,11,2,2545,6945,106366,6.98,10,0,1,1,10,0,0,0,1,0,0,1
SES_00320,STU_1692,3600,0,0,0,0,0,10211,3.12,0,0,0,0,0,0,0,0,1,0,0,0
SES_00321,STU_1018,3600,0,1,0,69,143,2650,1.17,0,0,0,0,0,0,0,0,1,0,0,0
SES_00322,STU_7029,3600,0,0,0,0,0,146885,14.5,1,0,0,0,0,1,0,0,0,0,0,1
SES_00323,STU_5687,3600,13,16,3,10173,17191,42584,12.0,16,2,3,0,0,0,0,0,0,0,0,1
SES_00324,STU_1619,3600,0,0,0,0,0,10391,3.45,0,0,0,0,0,0,0,0,0,0,0,0
SES_00325,STU_8834,3600,0,0,0,0,0,10726,8.07,1,0,0,0,0,1,0,0,0,0,0,1
SES_00326,STU_8486,3600,2,2,1,5766,8343,129180,10.56,6,6,8,0,0,0,0,0,0,0,0,1
SES_00327,STU_6143,3600,0,0,0,0,0,10342,1.29,1,0,0,0,0,0,0,0,0,0,0,0
SES_00328,STU_8762,3600,0,1,0,193,299,2163,3.32,0,0,0,0,0,0,0,0,0,0,0,0
SES_00329,STU_5250,3600,0,0,0,0,0,5643,2.52,1,0,0,0,0,0,0,0,0,0,0,0
SES_00330,STU_6888,3600,7,9,0,1072,1852,66019,9.4,3,1,0,1,0,0,0,0,0,0,0,1
SES_00331,STU_7256,3600,0,1,0,75,299,6048,0.41,0,0,0,0,0,0,0,0,0,0,0,0
SES_00332,STU_3992,3600,0,1,0,182,671,10810,1.13,0,0,0,0,0,0,0,0,0,0,0,0
SES_00333,STU_8207,3600,0,1,0,35,351,13090,1.69,1,0,0,0,0,0,0,0,0,0,0,0
SES_00334,STU_4121,3600,1,1,1,1663,2512,13147,0.66,0,0,0,0,0,0,0,0,0,0,0,0
SES_00335,STU_3684,3600,0,0,0,0,0,8187,3.35,0,0,0,0,0,0,0,0,0,0,0,0
SES_00336,STU_1765,3600,0,0,0,0,0,6326,2.62,0,0,0,0,0,0,0,0,0,0,0,0
SES_00337,STU_6560,3600,0,0,0,0,0,2364,1.43,1,0,0,0,0,0,0,0,0,0,0,0
SES_00338,STU_9003,3600,1,1,0,1000,1000,138789,24.71,1,0,0,0,0,0,1,0,0,0,0,1
SES_00339,STU_8288,3600,0,0,1,0,0,130610,16.22,0,0,0,0,0,0,0,0,0,0,1,1
SES_00340,STU_6017,3600,0,1,0,500,500,54180,13.69,1,0,0,0,0,0,0,1,0,0,0,1
SES_00341,STU_1070,3600,0,1,0,319,928,12233,1.67,1,0,0,0,0,0,0,1,0,0,0,0
SES_00342,STU_3871,3600,0,1,0,147,362,8141,3.3,1,0,0,0,0,0,0,1,0,0,0,0
SES_00343,STU_8184,3600,0,0,0,0,0,20670,16.88,1,0,0,0,0,1,0,0,0,0,0,1
SES_00344,STU_5098,3600,1,2,1,1100,1518,9627,1.22,1,0,0,0,0,1,0,0,0,0,0,0
SES_00345,STU_1758,3600,0,1,0,110,1085,14159,2.72,0,0,0,0,0,1,0,0,0,0,0,0
SES_00346,STU_7123,3600,1,1,1,1477,2307,7736,2.04,1,0,0,0,0,1,0,0,0,0,0,0
SES_00347,STU_1602,3600,2,1,1,1281,1610,2369,0.36,0,0,0,0,0,1,0,0,0,0,0,0
SES_00348,STU_9218,3600,4,6,2,11645,18576,105103,21.06,5,0,0,0,0,0,0,0,0,0,0,1
SES_00349,STU_5384,3600,0,0,0,0,0,10612,1.08,0,0,0,0,0,0,0,0,0,0,0,0
SES_00350,STU_8611,3600,1,1,0,898,2804,85899,10.96,0,0,0,0,6,0,0,0,1,0,0,1
SES_00351,STU_7644,3600,0,1,0,500,500,43220,6.74,1,0,0,0,0,0,0,1,0,0,0,1
SES_00352,STU_9409,3600,4,6,2,28446,40708,58350,16.09,8,0,0,0,0,0,0,0,0,0,0,1
SES_00353,STU_1230,3600,0,0,0,0,0,2277,2.11,0,0,0,0,0,0,0,0,0,0,0,0
SES_00354,STU_9042,3600,1,1,0,1000,1000,76177,8.24,1,0,0,1,0,0,1,0,0,0,0,1
SES_00355,STU_6679,3600,0,1,0,307,558,3552,2.39,0,0,0,0,0,0,1,0,0,0,0,0
SES_00356,STU_6906,3600,0,0,0,0,0,13396,2.29,0,0,0,0,0,0,1,0,0,0,0,0
SES_00357,STU_3880,3600,0,1,0,376,379,5701,3.29,0,0,0,0,0,0,1,0,0,0,0,0
SES_00358,STU_6872,3600,0,0,0,0,0,7445,2.79,1,0,0,0,0,0,1,0,0,0,0,0
SES_00359,STU_7764,3600,0,0,0,887,1719,32201,10.96,2,4,9,0,0,0,0,0,0,0,0,1
SES_00360,STU_9686,3600,1,4,1,29197,39884,122064,24.81,1,0,0,0,0,0,0,0,0,0,0,1
SES_00361,STU_2872,3600,8,8,0,1976,3423,40865,7.06,2,1,0,0,0,0,0,0,0,0,0,1
SES_00362,STU_9112,3600,10,10,0,1921,2903,69044,14.42,1,1,1,0,0,0,0,0,0,0,0,1
SES_00363,STU_7204,3600,0,0,0,0,0,94868,24.15,1,0,0,0,2,1,0,0,0,0,0,1
SES_00364,STU_9549,3600,0,0,0,0,0,14915,0.76,1,0,0,0,0,1,0,0,0,0,0,0
SES_00365,STU_9025,3600,0,0,0,0,0,13078,0.57,1,0,0,0,0,1,0,0,0,0,0,0
SES_00366,STU_9096,3600,12,16,4,11048,21204,99848,22.24,8,1,3,0,0,0,0,0,0,0,0,1
SES_00367,STU_9731,3600,0,1,0,500,500,49541,22.12,1,0,0,0,0,0,0,1,0,0,0,1
SES_00368,STU_9206,3600,0,0,0,0,0,5275,2.51,1,0,0,0,0,0,0,1,0,0,0,0
SES_00369,STU_7210,3600,0,1,0,388,856,12695,3.17,1,0,0,0,0,0,0,1,0,0,0,0
SES_00370,STU_4029,3600,0,1,0,272,675,6398,3.01,1,0,0,0,0,0,0,1,0,0,0,0
SES_00371,STU_4586,3600,3,3,0,5157,8693,148487,24.6,3,5,9,0,0,0,0,0,0,0,0,1
SES_00372,STU_9011,3600,0,0,0,0,0,1914,0.41,0,0,0,0,0,0,0,0,0,0,0,0
SES_00373,STU_7658,3600,0,0,0,0,0,24223,8.48,0,0,0,1,0,0,0,0,0,1,0,1
SES_00374,STU_2106,3600,0,0,0,0,0,13008,1.06,1,0,0,0,0,0,0,0,0,1,0,0
SES_00375,STU_2659,3600,0,0,0,0,0,8219,1.16,1,0,0,0,0,0,0,0,0,1,0,0
SES_00376,STU_5718,3600,1,2,1,521,1241,4816,2.4,0,0,0,0,0,0,0,0,0,1,0,0
SES_00377,STU_3429,3600,13,19,5,8885,16643,140091,21.4,19,1,4,0,1,0,0,0,0,0,0,1
SES_00378,STU_3716,3600,0,0,0,0,0,42674,15.55,1,0,0,0,0,1,0,0,0,0,0,1
SES_00379,STU_7592,3600,0,0,0,0,0,9013,1.9,1,0,0,0,0,1,0,0,0,0,0,0
SES_00380,STU_1081,3600,0,0,0,0,0,2068,1.46,0,0,0,0,0,1,0,0,0,0,0,0
SES_00381,STU_7229,3600,2,3,2,10234,13343,71362,7.73,6,1,2,1,2,0,0,0,0,0,0,1
SES_00382,STU_3365,3600,1,5,1,33434,48036,81770,19.42,0,0,0,0,0,0,0,0,0,0,0,1
SES_00383,STU_2188,3600,10,16,3,5426,18525,114077,8.97,18,2,3,1,0,0,0,0,0,0,0,1
SES_00384,STU_9292,3600,0,1,0,164,1087,5509,2.75,0,0,0,0,0,0,0,0,0,0,0,0
SES_00385,STU_7385,3600,0,0,0,0,0,1462,1.61,0,0,0,0,0,0,0,0,0,0,0,0
SES_00386,STU_8050,3600,1,2,1,8312,11489,121456,14.4,6,3,3,0,0,0,0,0,0,0,0,1
SES_00387,STU_3678,3600,0,0,0,0,0,39982,13.92,1,0,0,1,1,1,0,0,0,0,0,1
SES_00388,STU_8742,3600,0,0,0,0,0,14138,0.89,0,0,0,0,0,1,0,0,0,0,0,0
SES_00389,STU_1486,3600,0,0,0,0,0,29290,15.8,1,0,0,0,0,1,0,0,0,0,0,1
SES_00390,STU_3768,3600,0,0,1,0,0,13811,15.97,0,0,0,0,0,0,0,0,0,0,1,1
SES_00391,STU_4928,3600,0,0,0,0,0,13308,1.45,0,0,0,0,0,0,0,0,0,0,1,0
SES_00392,STU_8534,3600,1,0,0,593,1414,22852,10.96,1,0,0,0,12,0,0,0,1,0,0,1
SES_00393,STU_1143,3600,25,28,2,2641,3978,36790,9.01,13,2,0,0,0,0,0,0,0,0,0,1
SES_00394,STU_9430,3600,0,1,0,40,185,1758,0.59,0,0,0,0,0,0,0,0,0,0,0,0
SES_00395,STU_3773,3600,0,1,0,372,627,5461,1.03,0,0,0,0,0,0,0,0,0,0,0,0
SES_00396,STU_3166,3600,0,1,0,185,511,3358,1.93,1,0,0,0,0,0,0,0,0,0,0,0
SES_00397,STU_2690,3600,0,1,0,498,970,13998,2.25,1,0,0,0,0,0,0,0,0,0,0,0
SES_00398,STU_8481,3600,1,2,0,5556,10670,91696,10.53,2,3,1,0,0,0,0,0,0,0,0,1
SES_00399,STU_4037,3600,0,0,0,0,0,1725,1.52,0,0,0,0,0,0,0,0,0,0,0,0
SES_00400,STU_3533,3600,1,2,0,6919,11634,141023,24.48,6,2,2,0,0,0,0,0,0,0,0,1
SES_00401,STU_6151,3600,0,0,1,0,0,124809,8.94,0,0,0,1,0,0,0,0,0,0,1,1
SES_00402,STU_5508,3600,0,0,0,0,0,5508,1.67,1,0,0,0,0,0,0,0,0,0,1,0
SES_00403,STU_9271,3600,0,1,0,322,590,9746,0.86,1,0,0,0,0,0,0,0,0,0,1,0
SES_00404,STU_3287,3600,2,3,1,1107,1824,14860,1.91,1,0,0,0,0,0,0,0,0,0,1,0
SES_00405,STU_5592,3600,4,3,0,10767,16885,145685,7.07,3,2,1,0,0,0,0,0,0,0,0,1
SES_00406,STU_5150,3600,0,0,0,0,0,7629,1.43,0,0,0,0,0,0,0,0,0,0,0,0
SES_00407,STU_4679,3600,14,18,5,4853,19644,138216,17.22,11,4,3,0,0,0,0,0,0,0,0,1
SES_00408,STU_6417,3600,0,0,0,0,0,5115,0.62,1,0,0,0,0,0,0,0,0,0,0,0
SES_00409,STU_9774,3600,1,1,0,8075,14061,17181,15.57,5,6,6,0,2,0,0,0,0,0,0,1
SES_00410,STU_2928,3600,2,2,1,1715,2550,6180,2.14,1,0,0,0,0,0,0,0,0,0,0,0
SES_00411,STU_3451,3600,0,0,0,0,0,83068,13.08,0,0,0,0,0,0,0,0,0,1,0,1
SES_00412,STU_3127,3600,1,2,1,1250,1532,9802,2.89,1,0,0,0,0,0,0,0,0,1,0,0
SES_00413,STU_5342,3600,3,3,0,5262,7297,134467,7.03,2,6,6,0,0,0,0,0,0,0,0,1
SES_00414,STU_8252,3600,0,0,0,0,0,125644,18.98,1,0,0,0,1,1,0,0,0,0,0,1
SES_00415,STU_2088,3600,0,1,0,362,1114,10965,2.3,0,0,0,0,0,1,0,0,0,0,0,0
SES_00416,STU_5042,3600,0,1,0,58,368,3706,0.36,0,0,0,0,0,1,0,0,0,0,0,0
SES_00417,STU_3990,3600,1,2,2,5229,8060,24346,11.34,6,2,1,1,0,0,0,0,0,0,0,1
SES_00418,STU_4328,3600,0,1,0,77,118,14329,2.21,0,0,0,0,0,0,0,0,0,0,0,0
SES_00419,STU_6010,3600,3,2,0,6973,13634,142503,21.51,1,3,2,0,5,0,0,0,0,0,0,1
SES_00420,STU_5789,3600,0,0,0,0,0,8960,3.41,0,0,0,0,0,0,0,0,0,0,0,0
SES_00421,STU_8155,3600,0,0,0,819,2196,96342,16.32,1,3,3,0,0,0,0,0,0,0,0,1
SES_00422,STU_6552,3600,0,1,0,132,415,4953,2.45,1,0,0,0,0,0,0,0,0,0,0,0
SES_00423,STU_3043,3600,0,1,0,500,500,18828,8.78,1,0,0,0,0,0,0,1,0,0,0,1
SES_00424,STU_2474,3600,0,1,0,135,615,4026,2.49,1,0,0,0,0,0,0,1,0,0,0,0
SES_00425,STU_3428,3600,0,0,0,437,597,60844,8.56,0,4,4,1,1,0,0,0,0,0,0,1
SES_00426,STU_2547,3600,0,0,0,0,0,8075,0.95,0,0,0,0,0,0,0,0,0,0,0,0
SES_00427,STU_8191,3600,2,2,0,6169,11346,121141,9.96,2,5,2,0,6,0,0,0,0,0,0,1
SES_00428,STU_9465,3600,0,0,0,0,0,6124,0.96,0,0,0,0,0,0,0,0,0,0,0,0
SES_00429,STU_1004,3600,1,3,1,1368,2168,11055,1.54,0,0,0,0,0,0,0,0,0,0,0,0
SES_00430,STU_5532,3600,1,3,1,730,1533,12502,0.57,1,0,0,0,0,0,0,0,0,0,0,0
SES_00431,STU_4218,3600,6,6,0,1829,2901,62572,14.29,2,1,0,0,0,0,0,0,0,0,0,1
SES_00432,STU_6424,3600,0,1,0,173,393,11006,0.75,1,0,0,0,0,0,0,0,0,0,0,0
SES_00433,STU_3668,3600,0,0,0,0,0,1831,2.19,1,0,0,0,0,0,0,0,0,0,0,0
SES_00434,STU_5545,3600,0,1,0,500,500,41795,16.81,1,0,0,0,0,0,0,1,0,0,0,1
SES_00435,STU_7870,3600,1,1,0,1000,1000,13015,21.05,1,0,0,1,0,0,1,0,0,0,0,1
SES_00436,STU_3464,3600,2,4,1,7700,12272,33989,9.25,2,2,3,0,0,0,0,0,0,0,0,1
SES_00437,STU_5500,3600,3,5,2,4699,7339,106300,5.6,4,1,0,1,12,0,0,0,1,0,0,1
SES_00438,STU_5522,3600,0,0,0,0,0,7398,0.78,1,0,0,0,0,0,0,0,1,0,0,0
SES_00439,STU_9234,3600,2,2,1,1325,1584,14329,1.31,1,0,0,0,0,0,0,0,1,0,0,0
SES_00440,STU_2311,3600,0,0,1,0,0,146729,23.57,0,0,0,0,0,0,0,0,0,0,1,1
SES_00441,STU_3526,3600,7,7,1,1519,6170,114477,19.32,10,2,1,0,14,0,0,0,1,0,0,1
SES_00442,STU_4855,3600,2,1,1,799,1293,9024,2.47,0,0,0,0,0,0,0,0,1,0,0,0
SES_00443,STU_3785,3600,0,0,0,0,0,6072,2.31,1,0,0,0,0,0,0,0,1,0,0,0
SES_00444,STU_3146,3600,3,2,1,9514,15036,135919,24.06,1,5,6,0,2,0,0,0,0,0,0,1
SES_00445,STU_3114,3600,5,5,1,2714,7342,36223,15.37,7,0,0,0,1,0,0,0,0,0,0,1
SES_00446,STU_1287,3600,1,1,0,1000,1000,50461,15.53,1,0,0,0,0,0,1,0,0,0,0,1
SES_00447,STU_1483,3600,1,3,0,6323,10714,97023,11.97,5,3,4,0,4,0,0,0,0,0,0,1
SES_00448,STU_8197,3600,0,1,0,47,1029,12193,3.07,0,0,0,0,0,0,0,0,0,0,0,0
SES_00449,STU_6343,3600,1,3,0,7127,11057,105851,22.54,4,6,4,0,2,0,0,0,0,0,0,1
SES_00450,STU_9032,3600,2,3,1,929,1337,11722,2.74,1,0,0,0,0,0,0,0,0,0,0,0
SES_00451,STU_4979,3600,0,0,0,0,0,5760,0.91,0,0,0,0,0,0,0,0,0,0,0,0
SES_00452,STU_5675,3600,0,0,0,0,0,2692,1.43,1,0,0,0,0,0,0,0,0,0,0,0
SES_00453,STU_6491,3600,0,1,0,377,1013,14082,1.95,0,0,0,0,0,0,0,0,0,0,0,0
SES_00454,STU_1535,3600,0,0,0,0,0,7632,2.77,1,0,0,0,0,0,0,0,0,0,0,0
SES_00455,STU_4684,3600,0,0,0,0,0,9740,3.46,1,0,0,0,0,0,0,0,0,0,0,0
SES_00456,STU_5952,3600,0,1,0,500,500,118746,8.67,1,0,0,0,0,0,0,1,0,0,0,1
SES_00457,STU_1905,3600,0,1,0,220,1013,3527,3.03,1,0,0,0,0,0,0,1,0,0,0,0
SES_00458,STU_9621,3600,1,3,1,1887,1967,11599,2.33,0,0,0,0,0,0,0,1,0,0,0,0
SES_00459,STU_6027,3600,2,1,1,7150,12856,149988,23.63,4,5,5,0,3,0,0,0,0,0,0,1
SES_00460,STU_8623,3600,0,0,0,0,0,8656,2.03,1,0,0,0,0,0,0,0,0,0,0,0
SES_00461,STU_7535,3600,0,1,0,33,914,2255,2.81,0,0,0,0,0,0,0,0,0,0,0,0
SES_00462,STU_1977,3600,0,0,0,0,0,4037,2.3,0,0,0,0,0,0,0,0,0,0,0,0
SES_00463,STU_6445,3600,0,0,0,0,0,6938,1.85,1,0,0,0,0,0,0,0,0,0,0,0
SES_00464,STU_6647,3600,0,1,0,98,344,3534,0.57,1,0,0,0,0,0,0,0,0,0,0,0
SES_00465,STU_3457,3600,0,1,0,173,1132,10035,1.95,1,0,0,0,0,0,0,0,0,0,0,0
SES_00466,STU_4179,3600,0,0,0,0,0,146895,13.49,0,0,0,0,0,0,0,0,0,1,0,1
SES_00467,STU_4301,3600,2,2,2,20249,38616,28279,20.21,7,0,0,0,0,0,0,0,0,0,0,1
SES_00468,STU_6740,3600,0,1,0,500,500,132302,5.57,1,0,0,0,0,0,0,1,0,0,0,1
SES_00469,STU_1934,3600,1,1,0,1000,1000,39470,17.47,1,0,0,0,0,0,1,0,0,0,0,1
SES_00470,STU_2222,3600,13,16,1,2764,3974,45475,5.52,15,0,0,0,0,0,0,0,0,0,0,1
SES_00471,STU_2857,3600,0,1,0,509,856,63717,20.83,2,0,0,0,6,0,0,0,1,0,0,1
SES_00472,STU_7758,3600,0,0,0,0,0,9799,0.56,1,0,0,0,0,0,0,0,1,0,0,0
SES_00473,STU_6659,3600,1,3,1,1144,1863,10663,2.9,1,0,0,0,0,0,0,0,1,0,0,0
SES_00474,STU_4937,3600,19,20,4,4411,5463,88587,21.0,8,1,1,0,0,0,0,0,0,0,0,1
SES_00475,STU_6825,3600,0,1,0,392,1317,5667,0.87,1,0,0,0,0,0,0,0,0,0,0,0
SES_00476,STU_2234,3600,0,1,0,378,436,14933,0.81,0,0,0,0,0,0,0,0,0,0,0,0
SES_00477,STU_9232,3600,0,0,0,0,0,1400,1.91,0,0,0,0,0,0,0,0,0,0,0,0
SES_00478,STU_2471,3600,4,5,2,2403,6262,106555,21.16,7,0,2,0,13,0,0,0,1,0,0,1
SES_00479,STU_5485,3600,3,3,2,3757,5759,140919,12.97,7,1,1,0,15,0,0,0,1,0,0,1
SES_00480,STU_9236,3600,0,1,0,81,1048,13511,0.52,1,0,0,0,0,0,0,0,1,0,0,0
SES_00481,STU_6610,3600,0,0,0,435,1063,123905,11.11,2,7,3,1,0,0,0,0,0,0,0,1
SES_00482,STU_4130,3600,2,1,1,1676,2620,5627,1.72,0,0,0,0,0,0,0,0,0,0,0,0
SES_00483,STU_6168,3600,0,0,0,0,0,6453,0.87,0,0,0,0,0,0,0,0,0,0,0,0
SES_00484,STU_1620,3600,9,12,3,9291,15197,148152,7.82,14,1,2,0,1,0,0,0,0,0,0,1
SES_00485,STU_8048,3600,0,0,0,0,0,8531,0.54,1,0,0,0,0,0,0,0,0,0,0,0
SES_00486,STU_9079,3600,0,0,0,0,0,143547,17.36,1,0,0,0,0,1,0,0,0,0,0,1
SES_00487,STU_6912,3600,6,7,0,2108,3940,20117,24.32,2,1,0,1,2,0,0,0,0,0,0,1
SES_00488,STU_2890,3600,0,1,0,133,1133,10062,3.47,1,0,0,0,0,0,0,0,0,0,0,0
SES_00489,STU_3598,3600,0,0,0,0,0,33745,19.82,1,0,0,0,1,1,0,0,0,0,0,1
SES_00490,STU_3925,3600,0,0,0,185,774,77938,24.45,12,0,0,0,0,0,0,0,0,0,0,1
SES_00491,STU_5881,3600,0,0,0,0,0,13101,3.15,0,0,0,0,0,0,0,0,0,0,0,0
SES_00492,STU_7018,3600,1,1,1,1500,1629,4915,0.47,0,0,0,0,0,0,0,0,0,0,0,0
SES_00493,STU_2924,3600,0,1,0,656,1142,119586,20.62,0,3,7,0,1,0,0,0,0,0,0,1
SES_00494,STU_4360,3600,3,2,0,9684,16111,121361,22.42,1,6,6,0,4,0,0,0,0,0,0,1
SES_00495,STU_5814,3600,7,9,0,2334,4067,58363,16.79,5,1,0,0,1,0,0,0,0,0,0,1
SES_00496,STU_9873,3600,0,0,0,566,1354,60221,13.32,1,7,4,0,0,0,0,0,0,0,0,1
SES_00497,STU_3976,3600,0,0,0,0,0,11368,3.38,0,0,0,0,0,0,0,0,0,0,0,0
SES_00498,STU_9062,3600,0,1,0,478,740,6933,1.42,0,0,0,0,0,0,0,0,0,0,0,0
SES_00499,STU_2530,3600,0,1,0,340,370,5873,3.06,0,0,0,0,0,0,0,0,0,0,0,0
SES_00500,STU_8914,3600,0,0,0,0,0,12321,1.22,0,0,0,0,0,0,0,0,0,0,0,0
SES_00501,STU_6638,3600,0,1,0,38,999,8733,1.35,1,0,0,0,0,0,0,0,0,0,0,0
SES_00502,STU_7155,3600,1,2,0,28485,37911,20787,20.11,2,0,0,0,0,0,0,0,0,0,0,1
SES_00503,STU_2041,3600,2,1,1,510,573,1518,1.91,1,0,0,0,0,0,0,0,0,0,0,0
SES_00504,STU_7902,3600,0,0,0,0,0,3287,0.99,0,0,0,0,0,0,0,0,0,0,0,0
SES_00505,STU_5503,3600,2,2,1,755,1325,9928,1.09,1,0,0,0,0,0,0,0,0,0,0,0
SES_00506,STU_8712,3600,18,22,4,4340,7602,90853,17.04,8,1,0,1,0,0,0,0,0,0,0,1
SES_00507,STU_9974,3600,0,0,0,0,0,4489,1.77,0,0,0,0,0,0,0,0,0,0,0,0
SES_00508,STU_5430,3600,0,0,0,0,0,8699,2.2,1,0,0,0,0,0,0,0,0,0,0,0
SES_00509,STU_8420,3600,0,0,0,0,0,3881,2.88,0,0,0,0,0,0,0,0,0,0,0,0
SES_00510,STU_9606,3600,0,1,0,94,452,6742,2.86,0,0,0,0,0,0,0,0,0,0,0,0
SES_00511,STU_7581,3600,0,0,0,0,0,1130,0.85,0,0,0,0,0,0,0,0,0,0,0,0
SES_00512,STU_4891,3600,0,0,0,0,0,7789,2.61,0,0,0,0,0,0,0,0,0,0,0,0
SES_00513,STU_1000,3600,0,0,0,0,0,2675,2.67,0,0,0,0,0,0,0,0,0,0,0,0
SES_00514,STU_1217,3600,14,14,0,1215,2470,109479,20.24,1,1,1,0,0,0,0,0,0,0,0,1
SES_00515,STU_9087,3600,0,1,0,439,1252,8470,1.88,1,0,0,0,0,0,0,0,0,0,0,0
SES_00516,STU_6407,3600,1,1,1,1512,2119,8376,1.29,1,0,0,0,0,0,0,0,0,0,0,0
SES_00517,STU_3268,3600,0,1,0,471,476,6521,1.78,0,0,0,0,0,0,0,0,0,0,0,0
SES_00518,STU_8732,3600,1,1,0,1000,1000,39560,14.56,1,0,0,0,0,0,1,0,0,0,0,1
SES_00519,STU_5060,3600,7,7,2,4418,9389,69462,23.4,7,1,2,0,14,0,0,0,1,0,0,1
SES_00520,STU_3586,3600,0,0,1,0,0,48800,12.19,0,0,0,1,0,0,0,0,0,0,1,1
SES_00521,STU_2490,3600,2,1,1,1087,1818,5261,2.14,1,0,0,0,0,0,0,0,0,0,1,0
SES_00522,STU_5517,3600,0,1,0,363,674,1200,1.43,0,0,0,0,0,0,0,0,0,0,1,0
SES_00523,STU_2255,3600,1,2,1,27412,34099,15181,21.92,6,0,0,0,1,0,0,0,0,0,0,1
SES_00524,STU_4777,3600,0,0,0,0,0,80935,11.89,1,0,0,0,0,1,0,0,0,0,0,1
SES_00525,STU_3365,3600,2,3,1,1420,2364,10305,0.39,1,0,0,0,0,1,0,0,0,0,0,0
SES_00526,STU_1334,3600,0,1,0,452,760,14593,0.67,1,0,0,0,0,1,0,0,0,0,0,0
SES_00527,STU_9342,3600,0,1,0,186,1103,9250,0.66,1,0,0,0,0,1,0,0,0,0,0,0
SES_00528,STU_4633,3600,0,1,0,164,540,3652,0.68,1,0,0,0,0,1,0,0,0,0,0,0
SES_00529,STU_1395,3600,0,0,0,0,0,4644,0.58,1,0,0,0,0,1,0,0,0,0,0,0
SES_00530,STU_3461,3600,1,3,1,822,1659,10699,2.74,1,0,0,0,0,1,0,0,0,0,0,0
SES_00531,STU_1884,3600,0,0,0,0,0,9856,1.92,0,0,0,0,0,1,0,0,0,0,0,0
SES_00532,STU_7866,3600,0,0,0,0,0,12662,2.74,0,0,0,0,0,1,0,0,0,0,0,0
SES_00533,STU_2578,3600,4,5,2,12682,31456,52019,13.85,5,0,0,0,1,0,0,0,0,0,0,1
SES_00534,STU_5155,3600,6,7,0,1870,3774,143626,9.65,3,0,0,0,0,0,0,0,0,0,0,1
SES_00535,STU_8671,3600,0,0,1,0,0,92866,12.95,0,0,0,0,1,0,0,0,0,0,1,1
SES_00536,STU_6103,3600,0,0,0,0,0,3308,3.43,1,0,0,0,0,0,0,0,0,0,1,0
SES_00537,STU_3904,3600,0,1,0,490,991,11857,1.95,0,0,0,0,0,0,0,0,0,0,1,0
SES_00538,STU_2734,3600,0,0,0,0,0,11307,1.9,1,0,0,0,0,0,0,0,0,0,1,0
SES_00539,STU_8308,3600,0,1,0,149,294,9260,1.45,0,0,0,0,0,0,0,0,0,0,1,0
SES_00540,STU_6557,3600,5,5,0,6507,8128,105577,14.87,7,8,8,0,0,0,0,0,0,0,0,1
SES_00541,STU_9628,3600,1,1,0,1000,1000,137389,10.06,1,0,0,0,1,0,1,0,0,0,0,1
SES_00542,STU_2220,3600,0,1,0,331,1557,62968,8.2,2,6,5,0,0,0,0,0,0,0,0,1
SES_00543,STU_6048,3600,0,0,0,0,0,10358,2.4,1,0,0,0,0,0,0,0,0,0,0,0
SES_00544,STU_5825,3600,0,0,0,0,0,1126,1.4,1,0,0,0,0,0,0,0,0,0,0,0
SES_00545,STU_2368,3600,0,0,0,0,0,5084,3.22,1,0,0,0,0,0,0,0,0,0,0,0
SES_00546,STU_1648,3600,2,2,0,2373,4138,10140,9.04,3,10,6,0,0,0,0,0,0,0,0,1
SES_00547,STU_1503,3600,0,0,0,0,0,9034,3.24,1,0,0,0,0,0,0,0,0,0,0,0
SES_00548,STU_5862,3600,0,0,0,0,0,11799,2.79,0,0,0,0,0,0,0,0,0,0,0,0
SES_00549,STU_1106,3600,0,0,0,0,0,2318,1.6,1,0,0,0,0,0,0,0,0,0,0,0
SES_00550,STU_6635,3600,5,5,2,22897,39832,52053,18.08,9,0,0,0,0,0,0,0,0,0,0,1
SES_00551,STU_4499,3600,5,6,4,3939,5653,138525,19.37,6,0,0,0,0,0,0,0,0,0,0,1
SES_00552,STU_2501,3600,1,4,0,5671,7798,69326,14.49,3,1,2,1,0,0,0,0,0,0,0,1
SES_00553,STU_3800,3600,0,0,1,0,0,69368,19.37,0,0,0,1,0,0,0,0,0,0,1,1
SES_00554,STU_3321,3600,4,4,0,7596,10768,132455,23.27,5,7,4,0,0,0,0,0,0,0,0,1
SES_00555,STU_7676,3600,0,1,0,206,1370,54643,23.3,1,8,6,0,0,0,0,0,0,0,0,1
SES_00556,STU_7827,3600,0,1,0,183,189,14954,2.65,0,0,0,0,0,0,0,0,0,0,0,0
SES_00557,STU_3583,3600,0,0,0,0,0,7454,1.32,1,0,0,0,0,0,0,0,0,0,0,0
SES_00558,STU_1423,3600,0,0,0,0,0,11710,1.28,0,0,0,0,0,0,0,0,0,0,0,0
SES_00559,STU_8280,3600,0,1,0,323,358,1615,2.82,0,0,0,0,0,0,0,0,0,0,0,0
SES_00560,STU_2427,3600,0,0,0,0,0,11842,1.56,0,0,0,0,0,0,0,0,0,0,0,0
SES_00561,STU_3324,3600,0,1,0,393,808,3405,0.62,1,0,0,0,0,0,0,0,0,0,0,0
SES_00562,STU_1854,3600,1,1,0,1000,1000,149785,16.12,1,0,0,0,0,0,1,0,0,0,0,1
SES_00563,STU_6676,3600,0,1,0,73,794,7149,2.29,0,0,0,0,0,0,1,0,0,0,0,0
SES_00564,STU_7244,3600,0,0,0,0,0,10950,2.82,1,0,0,0,0,0,1,0,0,0,0,0
SES_00565,STU_1078,3600,0,0,0,0,0,6355,0.86,1,0,0,0,0,0,1,0,0,0,0,0
SES_00566,STU_2303,3600,2,3,1,20018,27628,20711,23.64,5,0,0,0,0,0,0,0,0,0,0,1
SES_00567,STU_4533,3600,9,15,2,7987,15883,40284,5.84,18,4,3,0,0,0,0,0,0,0,0,1
SES_00568,STU_5332,3600,1,1,1,1799,1904,8933,2.21,0,0,0,0,0,0,0,0,0,0,0,0
SES_00569,STU_9410,3600,0,1,0,447,1140,2464,3.16,0,0,0,0,0,0,0,0,0,0,0,0
SES_00570,STU_7997,3600,0,1,0,114,471,4478,0.97,1,0,0,0,0,0,0,0,0,0,0,0
SES_00571,STU_1016,3600,0,0,0,0,0,128146,17.13,0,0,0,0,1,0,0,0,0,1,0,1
SES_00572,STU_6584,3600,0,0,0,0,0,8162,2.62,0,0,0,0,0,0,0,0,0,1,0,0
SES_00573,STU_5726,3600,3,5,1,13549,30355,23881,5.48,10,0,0,0,0,0,0,0,0,0,0,1
SES_00574,STU_1149,3600,4,4,1,4903,7345,14176,22.79,7,6,5,0,1,0,0,0,0,0,0,1
SES_00575,STU_3708,3600,0,0,0,0,0,14883,1.06,1,0,0,0,0,0,0,0,0,0,0,0
SES_00576,STU_9420,3600,0,1,0,263,473,4359,1.37,0,0,0,0,0,0,0,0,0,0,0,0
SES_00577,STU_6042,3600,3,3,0,6259,8976,99409,23.94,4,8,10,0,0,0,0,0,0,0,0,1
SES_00578,STU_4875,3600,0,0,0,0,0,96515,16.33,0,0,0,0,0,0,0,0,0,1,0,1
SES_00579,STU_7598,3600,8,9,2,3746,8597,17420,19.56,6,0,2,0,13,0,0,0,1,0,0,1
SES_00580,STU_6249,3600,0,0,0,0,0,10256,1.39,0,0,0,0,0,0,0,0,1,0,0,0
SES_00581,STU_3444,3600,0,1,0,415,871,1969,3.13,0,0,0,0,0,0,0,0,1,0,0,0
SES_00582,STU_5775,3600,1,4,2,10827,13362,91325,12.02,6,3,2,0,0,0,0,0,0,0,0,1
SES_00583,STU_8171,3600,0,0,0,0,0,4468,3.41,1,0,0,0,0,0,0,0,0,0,0,0
SES_00584,STU_7422,3600,0,0,0,0,0,93362,21.57,1,0,0,0,0,1,0,0,0,0,0,1
SES_00585,STU_6404,3600,3,2,1,7483,12496,42095,9.73,4,1,2,0,0,0,0,0,0,0,0,1
SES_00586,STU_9431,3600,0,0,0,0,0,2848,0.7,0,0,0,0,0,0,0,0,0,0,0,0
SES_00587,STU_8307,3600,0,1,0,302,688,10220,2.86,0,0,0,0,0,0,0,0,0,0,0,0
SES_00588,STU_5909,3600,1,2,1,1752,2359,3885,1.89,1,0,0,0,0,0,0,0,0,0,0,0
SES_00589,STU_3794,3600,0,1,0,174,235,4726,2.9,1,0,0,0,0,0,0,0,0,0,0,0
SES_00590,STU_6061,3600,1,5,1,28336,33406,53265,20.22,0,0,0,0,0,0,0,0,0,0,0,1
SES_00591,STU_1013,3600,18,19,4,2040,5417,11979,8.72,13,1,0,0,2,0,0,0,0,0,0,1
SES_00592,STU_6758,3600,0,0,0,0,0,6089,3.12,0,0,0,0,0,0,0,0,0,0,0,0
SES_00593,STU_7718,3600,0,0,0,0,0,12568,0.84,0,0,0,0,0,0,0,0,0,0,0,0
SES_00594,STU_8529,3600,2,1,1,1192,2037,13027,2.13,1,0,0,0,0,0,0,0,0,0,0,0
SES_00595,STU_2426,3600,0,0,0,0,0,1724,3.05,0,0,0,0,0,0,0,0,0,0,0,0
SES_00596,STU_9112,3600,0,0,0,346,501,14624,16.23,5,0,0,0,0,0,0,0,0,0,0,1
SES_00597,STU_9516,3600,0,0,0,0,0,8830,0.92,1,0,0,0,0,0,0,0,0,0,0,0
SES_00598,STU_5135,3600,10,16,5,6025,19066,113496,15.02,11,2,2,0,2,0,0,0,0,0,0,1
SES_00599,STU_1907,3600,7,7,1,2681,5578,100452,18.86,9,1,0,0,10,0,0,0,1,0,0,1
SES_00600,STU_8310,3600,2,1,1,587,1244,1325,0.77,1,0,0,0,0,0,0,0,1,0,0,0
SES_00601,STU_7598,3600,1,3,1,1159,1391,4994,1.44,1,0,0,0,0,0,0,0,1,0,0,0
SES_00602,STU_1320,3600,0,0,0,408,879,14892,13.21,13,0,0,0,0,0,0,0,0,0,0,1
SES_00603,STU_6640,3600,0,0,0,129,1083,69791,19.63,17,0,0,0,0,0,0,0,0,0,0,1
SES_00604,STU_5601,3600,2,1,0,7418,10619,35800,22.11,2,6,3,0,4,0,0,0,0,0,0,1
SES_00605,STU_7470,3600,17,17,3,4216,5938,84672,9.68,11,0,1,0,0,0,0,0,0,0,0,1
SES_00606,STU_6193,3600,0,1,0,417,891,5768,1.28,1,0,0,0,0,0,0,0,0,0,0,0
SES_00607,STU_5628,3600,0,1,0,359,370,1691,3.08,1,0,0,0,0,0,0,0,0,0,0,0
SES_00608,STU_6173,3600,0,1,0,94,364,11112,0.88,1,0,0,0,0,0,0,0,0,0,0,0
SES_00609,STU_9408,3600,0,1,0,407,1405,14453,1.6,0,0,0,0,0,0,0,0,0,0,0,0
SES_00610,STU_6234,3600,0,1,0,394,1370,3734,0.63,0,0,0,0,0,0,0,0,0,0,0,0
SES_00611,STU_6550,3600,7,7,0,1139,2661,70661,9.51,5,1,0,0,0,0,0,0,0,0,0,1
SES_00612,STU_1041,3600,3,4,1,3896,8700,49327,6.41,4,1,0,0,12,0,0,0,1,0,0,1
SES_00613,STU_6639,3600,0,1,0,448,781,5573,0.83,0,0,0,0,0,0,0,0,1,0,0,0
SES_00614,STU_5336,3600,0,0,0,0,0,1471,1.29,1,0,0,0,0,0,0,0,1,0,0,0
SES_00615,STU_7418,3600,0,0,0,0,0,1279,3.35,1,0,0,0,0,0,0,0,1,0,0,0
SES_00616,STU_4189,3600,1,2,0,29755,37529,106553,12.92,2,0,0,0,2,0,0,0,0,0,0,1
SES_00617,STU_5401,3600,0,1,0,90,901,8040,2.65,1,0,0,0,0,0,0,0,0,0,0,0
SES_00618,STU_6708,3600,1,1,0,1000,1000,17695,7.06,1,0,0,0,0,0,1,0,0,0,0,1
SES_00619,STU_8181,3600,0,1,0,53,123,13669,0.99,0,0,0,0,0,0,1,0,0,0,0,0
SES_00620,STU_9029,3600,0,1,0,422,1375,69858,8.58,15,0,0,0,0,0,0,0,0,0,0,1
SES_00621,STU_9873,3600,5,5,1,4276,8108,21475,18.11,4,4,10,1,0,0,0,0,0,0,0,1
SES_00622,STU_5653,3600,0,0,0,0,0,7189,0.4,1,0,0,0,0,0,0,0,0,0,0,0
SES_00623,STU_4110,3600,0,1,0,279,1095,8368,2.91,0,0,0,0,0,0,0,0,0,0,0,0
SES_00624,STU_4457,3600,2,2,3,27358,34316,68406,8.51,4,0,0,1,2,0,0,0,0,0,0,1
SES_00625,STU_5402,3600,0,1,0,82,466,133414,22.81,19,0,0,1,0,0,0,0,0,0,0,1
SES_00626,STU_1569,3600,15,16,0,1937,3774,123752,15.65,4,0,1,0,2,0,0,0,0,0,0,1
SES_00627,STU_8246,3600,0,1,0,110,664,9886,1.12,1,0,0,0,0,0,0,0,0,0,0,0
SES_00628,STU_6077,3600,0,0,1,0,0,72072,24.51,0,0,0,1,0,0,0,0,0,0,1,1
SES_00629,STU_9648,3600,0,0,0,0,0,8699,1.16,0,0,0,0,0,0,0,0,0,0,1,0
SES_00630,STU_9020,3600,0,0,0,0,0,85309,17.48,1,0,0,0,0,1,0,0,0,0,0,1
SES_00631,STU_9237,3600,0,1,0,65,852,10403,2.51,1,0,0,0,0,1,0,0,0,0,0,0
SES_00632,STU_3961,3600,0,0,0,0,0,81598,7.0,1,0,0,0,0,1,0,0,0,0,0,1
SES_00633,STU_1661,3600,2,3,1,578,1357,1557,0.69,1,0,0,0,0,1,0,0,0,0,0,0
SES_00634,STU_7356,3600,0,1,0,430,1161,12736,1.27,0,0,0,0,0,1,0,0,0,0,0,0
SES_00635,STU_7871,3600,0,1,0,172,1012,11363,3.26,0,0,0,0,0,1,0,0,0,0,0,0
SES_00636,STU_7563,3600,0,1,0,219,996,1263,1.66,1,0,0,0,0,1,0,0,0,0,0,0
SES_00637,STU_1018,3600,0,1,0,299,1237,10078,1.87,0,0,0,0,0,1,0,0,0,0,0,0
SES_00638,STU_5927,3600,0,1,0,184,542,10819,3.41,1,0,0,0,0,1,0,0,0,0,0,0
SES_00639,STU_2119,3600,0,0,0,0,0,11717,0.74,1,0,0,0,0,1,0,0,0,0,0,0
SES_00640,STU_1319,3600,0,1,0,976,2611,22048,17.38,2,0,0,0,11,0,0,0,1,0,0,1
SES_00641,STU_4373,3600,0,1,0,460,1195,6951,1.41,0,0,0,0,0,0,0,0,1,0,0,0
SES_00642,STU_6096,3600,0,1,0,65,337,126965,14.61,1,9,5,0,0,0,0,0,0,0,0,1
SES_00643,STU_8292,3600,2,2,2,8773,11909,148844,21.26,2,3,2,0,0,0,0,0,0,0,0,1
SES_00644,STU_6052,3600,0,0,0,0,0,2157,2.19,1,0,0,0,0,0,0,0,0,0,0,0
SES_00645,STU_7844,3600,0,1,0,414,1255,13121,2.3,1,0,0,0,0,0,0,0,0,0,0,0
SES_00646,STU_1876,3600,0,1,0,500,500,66142,7.97,1,0,0,0,0,0,0,1,0,0,0,1
SES_00647,STU_5360,3600,0,0,0,0,0,8536,1.94,1,0,0,0,0,0,0,1,0,0,0,0
SES_00648,STU_8910,3600,1,4,1,31204,37853,135755,8.17,1,0,0,0,1,0,0,0,0,0,0,1
SES_00649,STU_4039,3600,0,0,0,0,0,49947,24.97,1,0,0,1,0,1,0,0,0,0,0,1
SES_00650,STU_3630,3600,0,0,1,0,0,51167,12.67,0,0,0,1,0,0,0,0,0,0,1,1
SES_00651,STU_7765,3600,0,1,0,397,1257,9517,2.54,0,0,0,0,0,0,0,0,0,0,1,0
SES_00652,STU_3251,3600,10,12,0,1536,3194,148006,6.85,3,0,1,1,1,0,0,0,0,0,0,1
SES_00653,STU_4151,3600,2,3,1,565,716,14066,2.77,1,0,0,0,0,0,0,0,0,0,0,0
SES_00654,STU_1814,3600,0,1,0,118,932,1580,1.75,0,0,0,0,0,0,0,0,0,0,0,0
SES_00655,STU_1280,3600,0,0,0,0,0,13865,2.7,1,0,0,0,0,0,0,0,0,0,0,0
SES_00656,STU_3306,3600,0,0,0,0,0,14138,0.94,0,0,0,0,0,0,0,0,0,0,0,0
SES_00657,STU_6739,3600,0,0,0,0,0,9599,3.0,0,0,0,0,0,0,0,0,0,0,0,0
SES_00658,STU_7482,3600,0,1,0,94,995,11090,0.86,0,0,0,0,0,0,0,0,0,0,0,0
SES_00659,STU_5708,3600,0,1,0,117,843,9685,0.58,0,0,0,0,0,0,0,0,0,0,0,0
SES_00660,STU_3350,3600,0,1,0,232,768,7175,3.37,1,0,0,0,0,0,0,0,0,0,0,0
SES_00661,STU_4787,3600,0,1,0,205,1010,4524,1.75,1,0,0,0,0,0,0,0,0,0,0,0
SES_00662,STU_8653,3600,0,0,0,268,2068,120442,20.57,1,5,8,0,0,0,0,0,0,0,0,1
SES_00663,STU_6818,3600,1,1,0,1000,1000,147660,21.85,1,0,0,0,0,0,1,0,0,0,0,1
SES_00664,STU_3179,3600,0,0,0,0,0,7498,1.5,1,0,0,0,0,0,1,0,0,0,0,0
SES_00665,STU_2320,3600,0,0,0,0,0,7629,1.45,1,0,0,0,0,0,1,0,0,0,0,0
SES_00666,STU_1796,3600,7,9,1,4160,7837,39364,12.45,8,0,1,0,12,0,0,0,1,0,0,1
SES_00667,STU_2535,3600,0,0,0,0,0,1547,1.19,1,0,0,0,0,0,0,0,1,0,0,0
SES_00668,STU_1609,3600,0,0,0,0,0,5502,0.86,1,0,0,0,0,0,0,0,1,0,0,0
SES_00669,STU_5374,3600,0,0,0,0,0,14684,1.32,0,0,0,0,0,0,0,0,1,0,0,0
SES_00670,STU_8897,3600,0,1,0,455,549,12714,0.55,1,0,0,0,0,0,0,0,1,0,0,0
SES_00671,STU_7026,3600,5,5,1,5484,9891,139666,12.39,8,5,8,0,0,0,0,0,0,0,0,1
SES_00672,STU_4669,3600,13,15,3,7231,19613,133082,18.67,10,4,4,0,0,0,0,0,0,0,0,1
SES_00673,STU_6653,3600,2,1,0,850,2054,19557,6.94,0,0,0,0,8,0,0,0,1,0,0,1
SES_00674,STU_5372,3600,1,1,1,1350,1518,7807,3.36,0,0,0,0,0,0,0,0,1,0,0,0
SES_00675,STU_5875,3600,1,2,1,7023,12237,129783,16.08,2,3,5,0,8,0,0,0,0,0,0,1
SES_00676,STU_7431,3600,0,1,0,254,1045,7477,2.95,0,0,0,0,0,0,0,0,0,0,0,0
SES_00677,STU_6586,3600,0,1,0,36,79,3214,0.67,0,0,0,0,0,0,0,0,0,0,0,0
SES_00678,STU_8189,3600,0,1,0,478,1288,5223,2.6,1,0,0,0,0,0,0,0,0,0,0,0
SES_00679,STU_2381,3600,0,0,0,0,0,3168,2.95,1,0,0,0,0,0,0,0,0,0,0,0
SES_00680,STU_1447,3600,0,1,0,7,696,6266,3.1,1,0,0,0,0,0,0,0,0,0,0,0
SES_00681,STU_4304,3600,0,0,0,0,0,3776,2.88,0,0,0,0,0,0,0,0,0,0,0,0
SES_00682,STU_1954,3600,0,0,0,0,0,3341,2.06,1,0,0,0,0,0,0,0,0,0,0,0
SES_00683,STU_9417,3600,0,1,0,280,629,11174,2.23,0,0,0,0,0,0,0,0,0,0,0,0
SES_00684,STU_4726,3600,0,0,0,8,714,13380,24.88,5,0,0,0,0,0,0,0,0,0,0,1
SES_00685,STU_9880,3600,9,11,5,10770,21236,85208,18.74,13,2,4,0,0,0,0,0,0,0,0,1
SES_00686,STU_5154,3600,0,0,0,431,945,77734,5.78,6,0,0,0,1,0,0,0,0,0,0,1
SES_00687,STU_7412,3600,0,1,0,175,396,6432,1.4,0,0,0,0,0,0,0,0,0,0,0,0
SES_00688,STU_1851,3600,0,0,0,0,0,6059,0.91,1,0,0,0,0,0,0,0,0,0,0,0
SES_00689,STU_9068,3600,0,1,0,39,452,4122,2.76,1,0,0,0,0,0,0,0,0,0,0,0
SES_00690,STU_7854,3600,6,7,2,1103,4987,62557,22.24,6,2,0,1,1,0,0,0,0,0,0,1
SES_00691,STU_6037,3600,0,0,1,0,0,88553,12.84,0,0,0,0,2,0,0,0,0,0,1,1
SES_00692,STU_1722,3600,3,1,1,8432,12099,25816,24.74,3,6,4,0,3,0,0,0,0,0,0,1
SES_00693,STU_3626,3600,0,1,0,319,1243,5995,2.78,1,0,0,0,0,0,0,0,0,0,0,0
SES_00694,STU_6436,3600,0,0,0,0,0,9696,2.26,1,0,0,0,0,0,0,0,0,0,0,0
SES_00695,STU_8164,3600,1,3,1,5653,10187,36651,19.25,5,3,2,0,0,0,0,0,0,0,0,1
SES_00696,STU_9177,3600,0,1,0,278,984,10102,0.76,0,0,0,0,0,0,0,0,0,0,0,0
SES_00697,STU_6030,3600,0,1,0,221,742,6953,1.33,0,0,0,0,0,0,0,0,0,0,0,0
SES_00698,STU_4504,3600,1,2,1,1384,2356,7377,2.93,0,0,0,0,0,0,0,0,0,0,0,0
SES_00699,STU_5425,3600,0,1,0,443,962,12546,0.41,0,0,0,0,0,0,0,0,0,0,0,0
SES_00700,STU_6429,3600,11,13,0,2755,4570,70348,14.42,4,1,1,0,0,0,0,0,0,0,0,1
SES_00701,STU_6093,3600,0,1,0,418,741,8974,2.83,0,0,0,0,0,0,0,0,0,0,0,0
SES_00702,STU_2693,3600,0,0,0,957,2777,23147,10.54,1,0,0,0,5,0,0,0,1,0,0,1
SES_00703,STU_1797,3600,9,12,3,9583,17475,40470,12.68,15,3,4,0,0,0,0,0,0,0,0,1
SES_00704,STU_8285,3600,0,1,0,269,448,6675,1.57,1,0,0,0,0,0,0,0,0,0,0,0
SES_00705,STU_6902,3600,0,1,0,463,1387,1255,2.14,0,0,0,0,0,0,0,0,0,0,0,0
SES_00706,STU_4851,3600,1,5,1,22934,32272,117662,5.31,1,0,0,0,0,0,0,0,0,0,0,1
SES_00707,STU_6776,3600,0,1,0,436,908,9351,1.74,1,0,0,0,0,0,0,0,0,0,0,0
SES_00708,STU_7475,3600,0,0,0,0,0,2116,2.59,1,0,0,0,0,0,0,0,0,0,0,0
SES_00709,STU_2017,3600,15,20,2,1533,6592,28695,6.25,15,2,2,0,1,0,0,0,0,0,0,1
SES_00710,STU_9089,3600,0,1,0,500,500,146536,14.86,1,0,0,0,0,0,0,1,0,0,0,1
SES_00711,STU_4179,3600,11,17,3,5588,19617,60590,21.68,8,3,2,0,0,0,0,0,0,0,0,1
SES_00712,STU_9652,3600,2,2,1,1687,2182,13650,1.32,1,0,0,0,0,0,0,0,0,0,0,0
SES_00713,STU_1624,3600,4,6,3,22571,41222,130543,21.52,10,0,0,0,0,0,0,0,0,0,0,1
SES_00714,STU_2354,3600,0,0,0,0,0,2835,1.57,0,0,0,0,0,0,0,0,0,0,0,0
SES_00715,STU_5923,3600,0,1,0,140,978,1760,2.84,0,0,0,0,0,0,0,0,0,0,0,0
SES_00716,STU_8943,3600,0,1,0,91,319,14327,3.29,0,0,0,0,0,0,0,0,0,0,0,0
SES_00717,STU_7552,3600,11,15,3,4313,10183,12577,8.03,11,0,1,0,0,0,0,0,0,0,0,1
SES_00718,STU_6858,3600,0,1,0,72,813,12525,2.03,0,0,0,0,0,0,0,0,0,0,0,0
SES_00719,STU_8099,3600,0,1,0,383,1363,3329,1.01,0,0,0,0,0,0,0,0,0,0,0,0
SES_00720,STU_9402,3600,0,0,0,0,0,109522,24.48,1,0,0,0,0,1,0,0,0,0,0,1
SES_00721,STU_6612,3600,0,1,0,198,435,14772,2.03,0,0,0,0,0,1,0,0,0,0,0,0
SES_00722,STU_4534,3600,0,0,0,0,0,3955,2.46,0,0,0,0,0,1,0,0,0,0,0,0
SES_00723,STU_7877,3600,0,1,0,252,583,3786,1.25,1,0,0,0,0,1,0,0,0,0,0,0
SES_00724,STU_1385,3600,0,0,1,0,0,78894,21.13,0,0,0,0,0,0,0,0,0,0,1,1
SES_00725,STU_8865,3600,0,1,0,59,280,9964,3.31,0,0,0,0,0,0,0,0,0,0,1,0
SES_00726,STU_2519,3600,0,1,0,500,500,88585,13.31,1,0,0,1,0,0,0,1,0,0,0,1
SES_00727,STU_8784,3600,0,0,0,0,0,12836,1.72,0,0,0,0,0,0,0,1,0,0,0,0
SES_00728,STU_8101,3600,0,0,0,0,0,1110,3.37,1,0,0,0,0,0,0,1,0,0,0,0
SES_00729,STU_3311,3600,23,27,2,3092,4630,73125,17.13,5,2,0,0,1,0,0,0,0,0,0,1
SES_00730,STU_6523,3600,0,0,0,0,0,3120,0.45,0,0,0,0,0,0,0,0,0,0,0,0
SES_00731,STU_9813,3600,0,1,0,455,1346,12704,1.71,1,0,0,0,0,0,0,0,0,0,0,0
SES_00732,STU_8864,3600,0,0,0,0,0,61578,23.2,0,0,0,1,0,0,0,0,0,1,0,1
SES_00733,STU_6242,3600,1,3,1,1837,1993,10969,2.0,0,0,0,0,0,0,0,0,0,1,0,0
SES_00734,STU_1040,3600,0,1,0,500,500,119816,24.69,1,0,0,0,1,0,0,1,0,0,0,1
SES_00735,STU_6076,3600,0,3,0,32229,39983,46032,8.02,2,0,0,1,0,0,0,0,0,0,0,1
SES_00736,STU_6593,3600,1,2,1,1329,2198,8921,2.2,1,0,0,0,0,0,0,0,0,0,0,0
SES_00737,STU_8916,3600,2,1,0,801,1827,41389,24.95,2,0,0,0,12,0,0,0,1,0,0,1
SES_00738,STU_4334,3600,0,1,0,71,200,5749,1.58,1,0,0,0,0,0,0,0,1,0,0,0
SES_00739,STU_8983,3600,0,0,0,0,0,4948,1.74,0,0,0,0,0,0,0,0,1,0,0,0
SES_00740,STU_9218,3600,2,2,1,823,1095,8543,2.9,0,0,0,0,0,0,0,0,1,0,0,0
SES_00741,STU_6342,3600,2,2,0,8627,15572,139928,12.13,6,2,1,0,0,0,0,0,0,0,0,1
SES_00742,STU_1046,3600,0,0,1,0,0,94358,19.37,0,0,0,1,0,0,0,0,0,0,1,1
SES_00743,STU_2855,3600,2,1,0,195,577,70900,5.78,1,0,0,0,4,0,0,0,1,0,0,1
SES_00744,STU_7064,3600,15,17,0,1631,3024,48250,23.35,4,0,1,0,0,0,0,0,0,0,0,1
SES_00745,STU_6946,3600,2,2,1,1748,2677,12967,2.35,1,0,0,0,0,0,0,0,0,0,0,0
SES_00746,STU_9709,3600,0,0,0,0,0,5370,1.14,0,0,0,0,0,0,0,0,0,0,0,0
SES_00747,STU_1103,3600,0,0,0,0,0,118810,15.54,1,0,0,0,0,1,0,0,0,0,0,1
SES_00748,STU_9281,3600,4,4,0,7055,9775,17016,18.88,4,3,3,0,0,0,0,0,0,0,0,1
SES_00749,STU_1510,3600,0,0,0,211,1368,138093,9.42,2,10,8,0,0,0,0,0,0,0,0,1
SES_00750,STU_4227,3600,0,0,0,0,0,8406,0.66,1,0,0,0,0,0,0,0,0,0,0,0
SES_00751,STU_5563,3600,0,1,0,282,1071,3863,2.25,0,0,0,0,0,0,0,0,0,0,0,0
SES_00752,STU_3372,3600,3,2,1,8391,11334,47163,5.37,5,4,3,0,6,0,0,0,0,0,0,1
SES_00753,STU_5535,3600,1,2,1,8045,12261,44583,9.46,3,3,2,0,2,0,0,0,0,0,0,1
SES_00754,STU_5888,3600,1,2,1,1614,2399,4506,2.76,0,0,0,0,0,0,0,0,0,0,0,0
SES_00755,STU_2968,3600,0,1,0,383,1366,8132,0.71,1,0,0,0,0,0,0,0,0,0,0,0
SES_00756,STU_7725,3600,20,25,4,2015,4825,147667,14.12,12,1,0,0,2,0,0,0,0,0,0,1
SES_00757,STU_1223,3600,2,2,1,4447,10130,112390,5.62,5,3,4,0,2,0,0,0,0,0,0,1
SES_00758,STU_9983,3600,0,1,0,304,1201,7816,0.8,1,0,0,0,0,0,0,0,0,0,0,0
SES_00759,STU_4478,3600,0,1,0,308,908,8460,2.9,0,0,0,0,0,0,0,0,0,0,0,0
SES_00760,STU_8820,3600,13,13,0,1755,3583,25335,12.36,2,0,0,0,0,0,0,0,0,0,0,1
SES_00761,STU_1017,3600,0,0,0,0,0,6970,2.82,1,0,0,0,0,0,0,0,0,0,0,0
SES_00762,STU_4794,3600,0,0,0,0,0,12277,0.79,0,0,0,0,0,0,0,0,0,0,0,0
SES_00763,STU_9303,3600,0,0,0,0,0,98556,23.23,1,0,0,0,0,1,0,0,0,0,0,1
SES_00764,STU_2620,3600,0,1,0,419,692,8181,0.61,1,0,0,0,0,1,0,0,0,0,0,0
SES_00765,STU_6478,3600,1,2,1,1899,2181,4233,2.9,1,0,0,0,0,1,0,0,0,0,0,0
SES_00766,STU_3199,3600,0,0,0,382,2239,38738,17.25,0,10,4,0,0,0,0,0,0,0,0,1
SES_00767,STU_2584,3600,0,1,0,340,903,5112,0.68,1,0,0,0,0,0,0,0,0,0,0,0
SES_00768,STU_1908,3600,5,5,0,7972,12024,30332,12.27,2,9,7,0,0,0,0,0,0,0,0,1
SES_00769,STU_3383,3600,0,1,0,311,1265,7201,0.92,0,0,0,0,0,0,0,0,0,0,0,0
SES_00770,STU_2194,3600,1,3,1,644,703,12196,1.86,0,0,0,0,0,0,0,0,0,0,0,0
SES_00771,STU_1829,3600,3,3,1,2361,3519,91717,17.59,3,9,9,0,0,0,0,0,0,0,0,1
SES_00772,STU_3435,3600,0,1,0,92,751,8669,0.33,0,0,0,0,0,0,0,0,0,0,0,0
SES_00773,STU_8081,3600,0,0,0,0,0,14938,1.64,0,0,0,0,0,0,0,0,0,0,0,0
SES_00774,STU_4893,3600,0,0,0,0,0,68149,14.79,1,0,0,0,0,1,0,0,0,0,0,1
SES_00775,STU_6270,3600,0,1,0,44,287,2115,0.96,0,0,0,0,0,1,0,0,0,0,0,0
SES_00776,STU_3628,3600,0,1,0,86,559,1513,2.67,0,0,0,0,0,1,0,0,0,0,0,0
SES_00777,STU_9289,3600,0,0,0,0,0,103121,21.92,1,0,0,0,0,1,0,0,0,0,0,1
SES_00778,STU_1694,3600,0,0,0,94,483,90278,15.49,2,0,0,0,6,0,0,0,1,0,0,1
SES_00779,STU_6838,3600,0,0,0,0,0,5105,0.61,1,0,0,0,0,0,0,0,1,0,0,0
SES_00780,STU_9394,3600,0,0,0,0,0,13696,5.46,1,0,0,0,0,1,0,0,0,0,0,1
SES_00781,STU_4366,3600,7,7,0,3088,5151,92612,12.5,9,1,2,0,15,0,0,0,1,0,0,1
SES_00782,STU_6700,3600,0,0,1,0,0,139789,15.57,0,0,0,1,0,0,0,0,0,0,1,1
SES_00783,STU_6050,3600,0,4,1,15680,22970,19881,19.72,2,0,0,0,0,0,0,0,0,0,0,1
SES_00784,STU_7164,3600,0,1,0,271,1112,8033,1.45,1,0,0,0,0,0,0,0,0,0,0,0
SES_00785,STU_8805,3600,1,1,0,1000,1000,131431,14.82,1,0,0,0,1,0,1,0,0,0,0,1
SES_00786,STU_1005,3600,12,12,0,1869,3790,67748,18.33,3,0,1,0,0,0,0,0,0,0,0,1
SES_00787,STU_3002,3600,0,0,1,0,0,130228,15.78,0,0,0,0,0,0,0,0,0,0,1,1
SES_00788,STU_5186,3600,0,1,0,333,1030,13216,0.46,1,0,0,0,0,0,0,0,0,0,1,0
SES_00789,STU_4642,3600,0,1,0,402,992,17769,9.91,12,0,0,1,0,0,0,0,0,0,0,1
SES_00790,STU_7084,3600,0,1,0,493,1078,6257,3.02,1,0,0,0,0,0,0,0,0,0,0,0
SES_00791,STU_6110,3600,0,1,0,248,366,11735,1.52,1,0,0,0,0,0,0,0,0,0,0,0
SES_00792,STU_5254,3600,0,1,0,419,919,6679,1.25,0,0,0,0,0,0,0,0,0,0,0,0
SES_00793,STU_6583,3600,1,3,3,26044,32405,74592,10.47,9,0,0,0,0,0,0,0,0,0,0,1
SES_00794,STU_2797,3600,0,0,0,0,0,9935,3.17,0,0,0,0,0,0,0,0,0,0,0,0
SES_00795,STU_5905,3600,0,1,0,323,482,4465,2.43,1,0,0,0,0,0,0,0,0,0,0,0
SES_00796,STU_2622,3600,0,0,0,0,0,10843,2.79,1,0,0,0,0,0,0,0,0,0,0,0
SES_00797,STU_1039,3600,0,0,0,0,0,1627,0.79,1,0,0,0,0,0,0,0,0,0,0,0
SES_00798,STU_3278,3600,0,0,0,0,0,1439,2.24,0,0,0,0,0,0,0,0,0,0,0,0
SES_00799,STU_4960,3600,7,8,0,1161,2887,102142,18.0,4,0,1,0,0,0,0,0,0,0,0,1
SES_00800,STU_2809,3600,0,1,0,270,963,5281,3.24,0,0,0,0,0,0,0,0,0,0,0,0
SES_00801,STU_4664,3600,8,12,3,6973,17601,13806,22.28,19,1,5,1,0,0,0,0,0,0,0,1
SES_00802,STU_4053,3600,0,1,0,223,590,3905,2.09,1,0,0,0,0,0,0,0,0,0,0,0
SES_00803,STU_6223,3600,1,2,2,10150,13260,65968,20.11,4,1,3,1,0,0,0,0,0,0,0,1
SES_00804,STU_6668,3600,0,1,0,371,1125,13416,1.1,1,0,0,0,0,0,0,0,0,0,0,0
SES_00805,STU_1374,3600,0,1,0,111,169,12748,3.04,1,0,0,0,0,0,0,0,0,0,0,0
SES_00806,STU_2770,3600,2,1,1,5268,9345,47676,20.76,2,3,5,0,4,0,0,0,0,0,0,1
SES_00807,STU_9348,3600,1,1,1,1736,2605,2874,1.92,0,0,0,0,0,0,0,0,0,0,0,0
SES_00808,STU_9909,3600,0,1,0,350,967,11871,1.15,1,0,0,0,0,0,0,0,0,0,0,0
SES_00809,STU_7847,3600,0,0,0,0,0,7230,1.05,1,0,0,0,0,0,0,0,0,0,0,0
SES_00810,STU_1362,3600,0,0,0,0,0,1600,2.11,0,0,0,0,0,0,0,0,0,0,0,0
SES_00811,STU_7243,3600,17,20,4,3816,5931,108685,19.93,8,1,1,1,0,0,0,0,0,0,0,1
SES_00812,STU_5197,3600,3,4,2,26021,31884,148749,5.81,9,0,0,0,1,0,0,0,0,0,0,1
SES_00813,STU_4922,3600,0,0,1,0,0,10623,23.83,0,0,0,1,0,0,0,0,0,0,1,1
SES_00814,STU_5967,3600,0,0,0,370,722,131186,8.69,0,9,3,0,0,0,0,0,0,0,0,1
SES_00815,STU_3561,3600,2,2,1,1916,2174,8750,0.59,0,0,0,0,0,0,0,0,0,0,0,0
SES_00816,STU_2556,3600,1,2,1,28078,40524,12980,16.87,7,0,0,0,0,0,0,0,0,0,0,1
SES_00817,STU_3468,3600,0,0,0,0,0,13771,2.18,0,0,0,0,0,0,0,0,0,0,0,0
SES_00818,STU_7971,3600,0,0,0,0,0,5026,1.75,0,0,0,0,0,0,0,0,0,0,0,0
SES_00819,STU_8266,3600,0,0,0,0,0,1921,1.27,1,0,0,0,0,0,0,0,0,0,0,0
SES_00820,STU_8858,3600,1,2,1,9516,17452,124168,19.92,1,3,6,0,3,0,0,0,0,0,0,1
SES_00821,STU_8138,3600,1,2,0,29658,36652,118595,5.15,0,0,0,1,2,0,0,0,0,0,0,1
SES_00822,STU_9002,3600,2,3,1,1417,2100,1127,2.05,1,0,0,0,0,0,0,0,0,0,0,0
SES_00823,STU_8627,3600,5,6,1,24187,33575,67782,9.71,6,0,0,0,0,0,0,0,0,0,0,1
SES_00824,STU_4744,3600,0,1,0,226,1192,4224,2.28,0,0,0,0,0,0,0,0,0,0,0,0
SES_00825,STU_7618,3600,1,1,1,1479,2325,5757,3.1,1,0,0,0,0,0,0,0,0,0,0,0
SES_00826,STU_5916,3600,1,1,0,5993,12908,120032,13.87,2,2,2,1,2,0,0,0,0,0,0,1
SES_00827,STU_6998,3600,0,0,0,0,0,10144,1.43,1,0,0,0,0,0,0,0,0,0,0,0
SES_00828,STU_6388,3600,0,0,0,0,0,9954,3.16,1,0,0,0,0,0,0,0,0,0,0,0
SES_00829,STU_2997,3600,0,1,0,425,1127,7609,3.18,0,0,0,0,0,0,0,0,0,0,0,0
SES_00830,STU_8292,3600,0,1,0,203,329,11493,0.85,1,0,0,0,0,0,0,0,0,0,0,0
SES_00831,STU_8900,3600,0,1,0,356,2133,90412,10.12,0,4,5,0,0,0,0,0,0,0,0,1
SES_00832,STU_8343,3600,13,14,0,1044,2360,112891,18.62,4,1,0,0,0,0,0,0,0,0,0,1
SES_00833,STU_4212,3600,0,1,0,500,500,96495,16.74,1,0,0,0,1,0,0,1,0,0,0,1
SES_00834,STU_5868,3600,7,9,0,2168,4205,31543,9.65,4,2,0,0,13,0,0,0,1,0,0,1
SES_00835,STU_3106,3600,0,1,0,331,1211,7541,2.94,0,0,0,0,0,0,0,0,1,0,0,0
SES_00836,STU_8036,3600,0,0,0,0,0,14142,1.02,0,0,0,0,0,0,0,0,1,0,0,0
SES_00837,STU_1340,3600,0,1,0,335,1328,6404,1.6,0,0,0,0,0,0,0,0,1,0,0,0
SES_00838,STU_1101,3600,0,1,0,471,1429,2304,3.15,1,0,0,0,0,0,0,0,1,0,0,0
SES_00839,STU_6650,3600,0,0,0,0,0,9956,2.17,0,0,0,0,0,0,0,0,1,0,0,0
SES_00840,STU_8988,3600,0,1,0,323,726,2724,2.29,1,0,0,0,0,0,0,0,1,0,0,0
SES_00841,STU_6167,3600,2,2,1,4821,7569,90047,8.48,2,10,8,0,0,0,0,0,0,0,0,1
SES_00842,STU_7619,3600,0,0,0,0,0,5243,2.93,0,0,0,0,0,0,0,0,0,0,0,0
SES_00843,STU_5890,3600,0,1,0,274,594,4377,2.38,1,0,0,0,0,0,0,0,0,0,0,0
SES_00844,STU_6135,3600,2,2,0,5713,11911,37512,9.2,4,2,1,0,0,0,0,0,0,0,0,1
SES_00845,STU_9830,3600,4,4,1,11338,14720,117309,16.99,4,2,2,0,0,0,0,0,0,0,0,1
SES_00846,STU_2940,3600,1,3,1,1290,1984,14951,1.75,0,0,0,0,0,0,0,0,0,0,0,0
SES_00847,STU_4189,3600,0,0,0,0,0,108277,10.09,1,0,0,1,0,1,0,0,0,0,0,1
SES_00848,STU_5078,3600,0,1,0,500,500,91248,7.48,1,0,0,0,2,0,0,1,0,0,0,1
SES_00849,STU_4972,3600,0,0,0,0,0,10063,2.33,0,0,0,0,0,0,0,1,0,0,0,0
SES_00850,STU_8912,3600,0,1,0,307,1083,1797,1.76,1,0,0,0,0,0,0,1,0,0,0,0
SES_00851,STU_5172,3600,4,6,2,20001,28636,133073,15.23,3,0,0,0,0,0,0,0,0,0,0,1
SES_00852,STU_8653,3600,10,16,5,6996,16846,106135,18.45,7,5,1,1,0,0,0,0,0,0,0,1
SES_00853,STU_4953,3600,0,0,0,0,0,4044,2.0,1,0,0,0,0,0,0,0,0,0,0,0
SES_00854,STU_4507,3600,0,1,0,246,931,128290,21.48,1,8,4,0,2,0,0,0,0,0,0,1
SES_00855,STU_2654,3600,0,0,0,0,0,4716,2.77,0,0,0,0,0,0,0,0,0,0,0,0
SES_00856,STU_3209,3600,1,2,3,10681,27823,145055,12.67,9,0,0,0,0,0,0,0,0,0,0,1
SES_00857,STU_9652,3600,1,3,0,9938,17582,61332,15.18,5,6,3,0,7,0,0,0,0,0,0,1
SES_00858,STU_2987,3600,0,0,0,0,0,13406,1.25,1,0,0,0,0,0,0,0,0,0,0,0
SES_00859,STU_6824,3600,0,0,0,250,1182,47398,23.27,10,0,0,0,0,0,0,0,0,0,0,1
SES_00860,STU_8111,3600,0,0,0,0,0,4194,2.26,0,0,0,0,0,0,0,0,0,0,0,0
SES_00861,STU_2232,3600,0,1,0,97,789,5178,2.32,0,0,0,0,0,0,0,0,0,0,0,0
SES_00862,STU_6979,3600,2,1,1,1557,2443,11547,2.76,0,0,0,0,0,0,0,0,0,0,0,0
SES_00863,STU_7602,3600,1,3,0,31505,42093,111273,17.47,1,0,0,0,2,0,0,0,0,0,0,1
SES_00864,STU_4278,3600,2,1,1,1334,2210,3323,2.69,1,0,0,0,0,0,0,0,0,0,0,0
SES_00865,STU_5105,3600,2,1,0,397,2221,141167,21.43,0,0,0,0,11,0,0,0,1,0,0,1
SES_00866,STU_8695,3600,0,0,0,0,0,43006,18.77,1,0,0,0,0,1,0,0,0,0,0,1
SES_00867,STU_3683,3600,0,1,0,500,500,13262,19.26,1,0,0,0,0,0,0,1,0,0,0,1
SES_00868,STU_5391,3600,0,1,0,49,91,4671,3.28,1,0,0,0,0,0,0,1,0,0,0,0
SES_00869,STU_5533,3600,1,1,0,1000,1000,75284,12.15,1,0,0,0,0,0,1,0,0,0,0,1
SES_00870,STU_8362,3600,1,3,1,1330,1528,13122,1.91,0,0,0,0,0,0,1,0,0,0,0,0
SES_00871,STU_2577,3600,0,1,0,200,224,7236,1.86,0,0,0,0,0,0,1,0,0,0,0,0
SES_00872,STU_7894,3600,0,1,0,405,1404,10296,2.11,0,0,0,0,0,0,1,0,0,0,0,0
SES_00873,STU_9624,3600,25,27,3,3214,7459,103281,18.58,11,2,2,0,0,0,0,0,0,0,0,1
SES_00874,STU_7850,3600,0,0,0,0,0,8187,3.21,1,0,0,0,0,0,0,0,0,0,0,0
SES_00875,STU_8172,3600,0,0,0,276,866,117042,22.98,1,5,5,0,0,0,0,0,0,0,0,1
SES_00876,STU_5768,3600,0,0,0,892,1201,35365,24.36,2,9,4,0,0,0,0,0,0,0,0,1
SES_00877,STU_6089,3600,0,1,0,39,834,4307,0.38,1,0,0,0,0,0,0,0,0,0,0,0
SES_00878,STU_2513,3600,0,0,0,0,0,12855,0.36,0,0,0,0,0,0,0,0,0,0,0,0
SES_00879,STU_5257,3600,1,0,0,38,491,28341,12.23,2,0,0,1,4,0,0,0,1,0,0,1
SES_00880,STU_8209,3600,0,0,0,0,0,12292,0.57,0,0,0,0,0,0,0,0,1,0,0,0
SES_00881,STU_8946,3600,2,1,1,1827,2203,10006,0.54,0,0,0,0,0,0,0,0,1,0,0,0
SES_00882,STU_9788,3600,0,0,0,0,0,4101,0.9,1,0,0,0,0,0,0,0,1,0,0,0
SES_00883,STU_3074,3600,11,12,0,1938,3490,69976,17.81,1,1,1,0,0,0,0,0,0,0,0,1
SES_00884,STU_1940,3600,0,1,0,27,644,1308,3.27,1,0,0,0,0,0,0,0,0,0,0,0
SES_00885,STU_7849,3600,0,1,0,52,565,12105,2.34,1,0,0,0,0,0,0,0,0,0,0,0
SES_00886,STU_8990,3600,0,0,0,0,0,7592,2.94,0,0,0,0,0,0,0,0,0,0,0,0
SES_00887,STU_2969,3600,0,0,0,0,0,11948,1.14,1,0,0,0,0,0,0,0,0,0,0,0
SES_00888,STU_6433,3600,0,0,0,0,0,3939,0.94,1,0,0,0,0,0,0,0,0,0,0,0
SES_00889,STU_2411,3600,1,3,0,21364,33239,90289,11.92,2,0,0,0,0,0,0,0,0,0,0,1
SES_00890,STU_5869,3600,4,5,0,4076,8346,120635,22.51,9,0,0,0,8,0,0,0,1,0,0,1
SES_00891,STU_8342,3600,0,0,0,0,0,1391,1.3,1,0,0,0,0,0,0,0,1,0,0,0
SES_00892,STU_5140,3600,0,1,0,262,991,5991,2.05,1,0,0,0,0,0,0,0,1,0,0,0
SES_00893,STU_6001,3600,0,0,0,0,0,13126,0.65,1,0,0,0,0,0,0,0,1,0,0,0
SES_00894,STU_5936,3600,2,2,0,6532,7721,37710,18.8,7,4,4,0,0,0,0,0,0,0,0,1
SES_00895,STU_6626,3600,0,0,0,0,0,6595,1.22,0,0,0,0,0,0,0,0,0,0,0,0
SES_00896,STU_6177,3600,0,1,0,266,1001,7644,0.74,1,0,0,0,0,0,0,0,0,0,0,0
SES_00897,STU_3577,3600,12,16,1,1470,3422,60281,6.9,6,2,0,0,0,0,0,0,0,0,0,1
SES_00898,STU_2523,3600,0,1,0,442,870,5740,0.74,1,0,0,0,0,0,0,0,0,0,0,0
SES_00899,STU_6128,3600,0,0,0,0,0,13751,1.27,0,0,0,0,0,0,0,0,0,0,0,0
SES_00900,STU_2693,3600,0,0,0,0,0,4858,2.69,1,0,0,0,0,0,0,0,0,0,0,0
SES_00901,STU_1374,3600,2,2,1,586,1539,8128,2.24,0,0,0,0,0,0,0,0,0,0,0,0
SES_00902,STU_9961,3600,0,0,0,698,1008,100324,18.02,1,0,0,0,12,0,0,0,1,0,0,1
SES_00903,STU_5154,3600,0,1,0,173,1018,14141,1.15,0,0,0,0,0,0,0,0,1,0,0,0
SES_00904,STU_1191,3600,4,4,0,2851,4933,37157,17.34,6,7,7,0,0,0,0,0,0,0,0,1
SES_00905,STU_3587,3600,0,1,0,322,1144,5628,1.42,1,0,0,0,0,0,0,0,0,0,0,0
SES_00906,STU_3242,3600,0,1,0,295,1153,13980,0.99,0,0,0,0,0,0,0,0,0,0,0,0
SES_00907,STU_4443,3600,1,1,1,1869,1954,10573,1.12,1,0,0,0,0,0,0,0,0,0,0,0
SES_00908,STU_7027,3600,14,14,0,1207,2237,103065,9.52,2,1,0,0,0,0,0,0,0,0,0,1
SES_00909,STU_4836,3600,2,2,1,816,923,6782,0.37,1,0,0,0,0,0,0,0,0,0,0,0
SES_00910,STU_5248,3600,1,2,0,16152,27521,80572,13.83,0,0,0,0,2,0,0,0,0,0,0,1
SES_00911,STU_8209,3600,0,1,0,445,1296,142653,8.04,16,0,0,0,0,0,0,0,0,0,0,1
SES_00912,STU_1640,3600,0,0,0,0,0,7497,0.47,0,0,0,0,0,0,0,0,0,0,0,0
SES_00913,STU_9762,3600,0,1,0,319,934,12979,1.91,1,0,0,0,0,0,0,0,0,0,0,0
SES_00914,STU_8924,3600,2,2,1,7453,11044,92400,6.02,5,10,7,0,1,0,0,0,0,0,0,1
SES_00915,STU_3419,3600,0,0,0,0,0,2344,2.07,1,0,0,0,0,0,0,0,0,0,0,0
SES_00916,STU_1217,3600,0,0,0,0,0,9629,1.77,1,0,0,0,0,0,0,0,0,0,0,0
SES_00917,STU_3981,3600,15,21,5,8776,21727,34494,6.28,17,3,1,1,0,0,0,0,0,0,0,1
SES_00918,STU_9632,3600,7,7,3,2801,7770,47278,7.45,15,1,2,1,0,0,0,0,0,0,0,1
SES_00919,STU_6870,3600,0,0,0,0,0,7049,0.65,1,0,0,0,0,0,0,0,0,0,0,0
SES_00920,STU_8359,3600,0,1,0,417,983,7111,3.46,1,0,0,0,0,0,0,0,0,0,0,0
SES_00921,STU_5113,3600,0,0,0,0,0,2768,3.48,1,0,0,0,0,0,0,0,0,0,0,0
SES_00922,STU_9263,3600,0,1,0,77,1024,5191,0.88,0,0,0,0,0,0,0,0,0,0,0,0
SES_00923,STU_4329,3600,0,0,0,0,0,5457,0.56,1,0,0,0,0,0,0,0,0,0,0,0
SES_00924,STU_7792,3600,0,1,0,221,283,11935,2.78,0,0,0,0,0,0,0,0,0,0,0,0
SES_00925,STU_2574,3600,16,16,4,2349,6654,26399,17.0,11,1,0,0,0,0,0,0,0,0,0,1
SES_00926,STU_9362,3600,0,0,1,0,0,63901,21.7,0,0,0,0,1,0,0,0,0,0,1,1
SES_00927,STU_7382,3600,0,0,0,0,0,2140,2.12,0,0,0,0,0,0,0,0,0,0,1,0
SES_00928,STU_1378,3600,0,0,0,0,0,30259,13.96,1,0,0,0,2,1,0,0,0,0,0,1
SES_00929,STU_6451,3600,0,0,0,0,0,9504,0.45,0,0,0,0,0,1,0,0,0,0,0,0
SES_00930,STU_8139,3600,0,0,0,0,0,10572,1.33,1,0,0,0,0,1,0,0,0,0,0,0
SES_00931,STU_6612,3600,5,6,3,14205,21521,64955,8.64,9,0,0,0,0,0,0,0,0,0,0,1
SES_00932,STU_6541,3600,0,4,0,30972,38784,129175,5.97,0,0,0,0,0,0,0,0,0,0,0,1
SES_00933,STU_3710,3600,0,0,0,0,0,7499,2.7,0,0,0,0,0,0,0,0,0,0,0,0
SES_00934,STU_3499,3600,0,0,0,0,0,10561,3.32,0,0,0,0,0,0,0,0,0,0,0,0
SES_00935,STU_9677,3600,0,1,0,199,854,2077,0.35,0,0,0,0,0,0,0,0,0,0,0,0
SES_00936,STU_1417,3600,0,1,0,66,636,3861,3.37,0,0,0,0,0,0,0,0,0,0,0,0
SES_00937,STU_1947,3600,0,0,0,0,0,3220,3.27,1,0,0,0,0,0,0,0,0,0,0,0
SES_00938,STU_3718,3600,0,0,0,0,0,5672,1.7,0,0,0,0,0,0,0,0,0,0,0,0
SES_00939,STU_9322,3600,0,1,0,500,500,37497,14.34,1,0,0,0,0,0,0,1,0,0,0,1
SES_00940,STU_2324,3600,15,19,5,11593,25892,54868,24.13,15,1,3,1,0,0,0,0,0,0,0,1
SES_00941,STU_3166,3600,0,0,0,0,0,104960,19.87,0,0,0,0,0,0,0,0,0,1,0,1
SES_00942,STU_3851,3600,0,1,0,450,1234,8747,1.15,0,0,0,0,0,0,0,0,0,1,0,0
SES_00943,STU_8671,3600,0,1,0,342,1180,9969,2.14,0,0,0,0,0,0,0,0,0,1,0,0
SES_00944,STU_2818,3600,2,1,0,5049,11464,142786,8.85,4,2,5,0,7,0,0,0,0,0,0,1
SES_00945,STU_5313,3600,0,0,0,0,0,7904,0.81,1,0,0,0,0,0,0,0,0,0,0,0
SES_00946,STU_2130,3600,0,0,0,0,0,7231,1.29,0,0,0,0,0,0,0,0,0,0,0,0
SES_00947,STU_7791,3600,1,2,1,1982,2114,4514,2.17,0,0,0,0,0,0,0,0,0,0,0,0
SES_00948,STU_5128,3600,0,1,0,500,500,116586,15.27,1,0,0,0,0,0,0,1,0,0,0,1
SES_00949,STU_1559,3600,0,1,0,53,913,11298,2.58,1,0,0,0,0,0,0,1,0,0,0,0
SES_00950,STU_6660,3600,0,0,1,0,0,18113,15.86,0,0,0,0,1,0,0,0,0,0,1,1
SES_00951,STU_8604,3600,1,1,0,1000,1000,88309,12.63,1,0,0,1,0,0,1,0,0,0,0,1
SES_00952,STU_8383,3600,0,0,0,0,0,81380,22.74,0,0,0,0,1,0,0,0,0,1,0,1
SES_00953,STU_6895,3600,0,1,0,149,632,6332,1.7,0,0,0,0,0,0,0,0,0,1,0,0
SES_00954,STU_3490,3600,0,0,0,0,0,93276,11.8,1,0,0,0,0,1,0,0,0,0,0,1
SES_00955,STU_1306,3600,1,1,0,1000,1000,96864,21.11,1,0,0,0,2,0,1,0,0,0,0,1
SES_00956,STU_6710,3600,0,1,0,119,623,8101,0.44,1,0,0,0,0,0,1,0,0,0,0,0
SES_00957,STU_7068,3600,0,1,0,332,379,14633,0.43,0,0,0,0,0,0,1,0,0,0,0,0
SES_00958,STU_4668,3600,11,16,4,9999,20409,84328,17.74,9,2,3,1,0,0,0,0,0,0,0,1
SES_00959,STU_5710,3600,2,3,1,1798,1898,6728,3.33,0,0,0,0,0,0,0,0,0,0,0,0
SES_00960,STU_7202,3600,5,5,1,3956,5428,98497,11.91,5,7,9,0,2,0,0,0,0,0,0,1
SES_00961,STU_7369,3600,1,1,1,888,1780,8998,3.16,1,0,0,0,0,0,0,0,0,0,0,0
SES_00962,STU_7711,3600,0,1,0,347,677,126403,18.65,20,0,0,0,0,0,0,0,0,0,0,1
SES_00963,STU_2647,3600,0,1,0,467,497,3589,2.33,1,0,0,0,0,0,0,0,0,0,0,0
SES_00964,STU_5242,3600,14,15,0,1024,1532,143415,11.86,1,0,0,0,0,0,0,0,0,0,0,1
SES_00965,STU_7726,3600,0,0,0,0,0,8468,1.25,1,0,0,0,0,0,0,0,0,0,0,0
SES_00966,STU_4362,3600,3,2,1,11893,18085,16166,8.99,5,2,1,0,2,0,0,0,0,0,0,1
SES_00967,STU_6762,3600,1,1,0,359,494,15571,9.63,2,0,0,1,8,0,0,0,1,0,0,1
SES_00968,STU_8396,3600,0,0,0,0,0,9727,1.0,1,0,0,0,0,0,0,0,1,0,0,0
SES_00969,STU_7250,3600,0,1,0,27,233,2715,1.13,1,0,0,0,0,0,0,0,1,0,0,0
SES_00970,STU_6653,3600,0,1,0,222,516,1044,0.44,0,0,0,0,0,0,0,0,1,0,0,0
SES_00971,STU_6366,3600,5,5,1,2315,5025,132910,24.46,4,4,8,0,0,0,0,0,0,0,0,1
SES_00972,STU_8632,3600,0,0,0,0,0,13440,2.58,0,0,0,0,0,0,0,0,0,0,0,0
SES_00973,STU_2935,3600,15,18,3,4449,6865,95735,17.55,15,2,0,1,0,0,0,0,0,0,0,1
SES_00974,STU_2529,3600,0,0,0,0,0,3837,0.47,0,0,0,0,0,0,0,0,0,0,0,0
SES_00975,STU_5237,3600,0,0,0,0,0,24811,23.51,0,0,0,0,0,0,0,0,0,1,0,1
SES_00976,STU_4928,3600,0,0,0,249,1697,33811,15.69,0,10,10,0,2,0,0,0,0,0,0,1
SES_00977,STU_8353,3600,1,1,0,1000,1000,103967,13.46,1,0,0,0,0,0,1,0,0,0,0,1
SES_00978,STU_7545,3600,2,1,1,1418,1445,9844,0.39,0,0,0,0,0,0,1,0,0,0,0,0
SES_00979,STU_3964,3600,0,1,0,251,706,14336,0.73,0,0,0,0,0,0,1,0,0,0,0,0
SES_00980,STU_5686,3600,1,0,0,270,1864,125003,22.33,2,0,0,1,12,0,0,0,1,0,0,1
SES_00981,STU_2726,3600,9,10,0,2180,3295,40674,9.97,3,0,0,0,0,0,0,0,0,0,0,1
SES_00982,STU_5556,3600,0,3,1,29747,43675,14601,8.3,1,0,0,0,2,0,0,0,0,0,0,1
SES_00983,STU_2294,3600,5,7,1,15878,27723,93066,19.21,5,0,0,0,0,0,0,0,0,0,0,1
SES_00984,STU_7583,3600,0,1,0,821,2030,10038,9.51,0,4,4,0,0,0,0,0,0,0,0,1
SES_00985,STU_4155,3600,0,1,0,14,397,11119,1.82,0,0,0,0,0,0,0,0,0,0,0,0
SES_00986,STU_4748,3600,0,1,0,51,361,14232,2.56,1,0,0,0,0,0,0,0,0,0,0,0
SES_00987,STU_7274,3600,2,2,0,5013,10623,94003,15.34,5,2,1,0,1,0,0,0,0,0,0,1
SES_00988,STU_2818,3600,0,0,0,0,0,14353,0.33,1,0,0,0,0,0,0,0,0,0,0,0
SES_00989,STU_5599,3600,0,0,0,0,0,10060,1.22,0,0,0,0,0,0,0,0,0,0,0,0
SES_00990,STU_1108,3600,4,7,2,1715,5617,52555,12.62,7,2,1,0,12,0,0,0,1,0,0,1
SES_00991,STU_8628,3600,0,0,0,0,0,115058,6.42,1,0,0,0,0,1,0,0,0,0,0,1
SES_00992,STU_6202,3600,12,12,0,1267,1892,125924,10.1,4,1,1,1,0,0,0,0,0,0,0,1
SES_00993,STU_6463,3600,0,0,0,0,0,8838,0.7,1,0,0,0,0,0,0,0,0,0,0,0
SES_00994,STU_8281,3600,0,1,0,25,164,2610,2.92,1,0,0,0,0,0,0,0,0,0,0,0
SES_00995,STU_5517,3600,3,6,1,4363,8980,132926,12.48,5,0,2,1,10,0,0,0,1,0,0,1
SES_00996,STU_3615,3600,0,0,0,0,0,5677,1.15,0,0,0,0,0,0,0,0,1,0,0,0
SES_00997,STU_6255,3600,1,2,1,18476,31568,20864,21.55,5,0,0,1,0,0,0,0,0,0,0,1
SES_00998,STU_6413,3600,0,1,0,155,336,13678,1.36,1,0,0,0,0,0,0,0,0,0,0,0
SES_00999,STU_5159,3600,0,1,0,278,953,12088,0.5,1,0,0,0,0,0,0,0,0,0,0,0
SES_01000,STU_2790,3600,0,0,0,0,0,2055,1.63,0,0,0,0,0,0,0,0,0,0,0,0
SES_01001,STU_4648,3600,1,2,1,854,1477,12427,2.38,0,0,0,0,0,0,0,0,0,0,0,0
SES_01002,STU_8554,3600,1,1,1,609,913,13261,2.16,1,0,0,0,0,0,0,0,0,0,0,0
SES_01003,STU_3277,3600,1,5,0,32575,46925,39165,20.23,0,0,0,0,0,0,0,0,0,0,0,1
SES_01004,STU_4519,3600,14,15,3,4308,5950,21989,20.4,15,2,1,1,0,0,0,0,0,0,0,1
SES_01005,STU_7785,3600,2,1,1,5097,7628,100892,14.39,4,5,4,0,4,0,0,0,0,0,0,1
SES_01006,STU_4031,3600,0,1,0,500,500,92700,15.86,1,0,0,1,0,0,0,1,0,0,0,1
SES_01007,STU_8841,3600,1,2,1,1667,2606,2582,0.36,1,0,0,0,0,0,0,1,0,0,0,0
SES_01008,STU_8645,3600,0,0,0,0,0,14117,3.09,0,0,0,0,0,0,0,1,0,0,0,0
SES_01009,STU_5747,3600,0,0,0,0,0,14304,2.54,0,0,0,0,0,0,0,1,0,0,0,0
SES_01010,STU_7425,3600,0,1,0,499,1157,13026,2.9,0,0,0,0,0,0,0,1,0,0,0,0
SES_01011,STU_3798,3600,0,1,0,500,500,122088,20.29,1,0,0,1,0,0,0,1,0,0,0,1
SES_01012,STU_5984,3600,0,1,0,237,482,9008,2.76,1,0,0,0,0,0,0,1,0,0,0,0
SES_01013,STU_2516,3600,0,0,0,0,0,5657,0.36,0,0,0,0,0,0,0,1,0,0,0,0
SES_01014,STU_4073,3600,3,4,0,10084,12524,119418,20.22,5,2,2,0,0,0,0,0,0,0,0,1
SES_01015,STU_1810,3600,1,3,1,730,991,13292,0.37,1,0,0,0,0,0,0,0,0,0,0,0
SES_01016,STU_9524,3600,0,0,0,0,0,63498,11.17,1,0,0,0,0,1,0,0,0,0,0,1
SES_01017,STU_8230,3600,0,0,0,0,0,3306,3.27,1,0,0,0,0,1,0,0,0,0,0,0
SES_01018,STU_6025,3600,17,17,1,1294,4069,87076,7.53,7,0,1,0,2,0,0,0,0,0,0,1
SES_01019,STU_4266,3600,0,0,0,0,0,87355,13.32,0,0,0,0,0,0,0,0,0,1,0,1
SES_01020,STU_6571,3600,4,4,2,22277,41028,62449,12.48,8,0,0,0,2,0,0,0,0,0,0,1
SES_01021,STU_6842,3600,0,1,0,372,691,5557,2.72,1,0,0,0,0,0,0,0,0,0,0,0
SES_01022,STU_4286,3600,0,0,0,0,0,8203,0.83,0,0,0,0,0,0,0,0,0,0,0,0
SES_01023,STU_2115,3600,0,1,0,463,725,10505,1.83,0,0,0,0,0,0,0,0,0,0,0,0
SES_01024,STU_4826,3600,0,1,0,179,746,10351,0.89,0,0,0,0,0,0,0,0,0,0,0,0
SES_01025,STU_2818,3600,2,4,3,19431,36402,89084,18.76,5,0,0,0,1,0,0,0,0,0,0,1
SES_01026,STU_4988,3600,1,1,0,1000,1000,86578,16.08,1,0,0,0,1,0,1,0,0,0,0,1
SES_01027,STU_9711,3600,0,1,0,159,254,11919,2.86,1,0,0,0,0,0,1,0,0,0,0,0
SES_01028,STU_7010,3600,0,0,0,0,0,54317,9.72,0,0,0,0,0,0,0,0,0,1,0,1
SES_01029,STU_1051,3600,0,1,0,412,1069,10320,1.11,0,0,0,0,0,0,0,0,0,1,0,0
SES_01030,STU_4109,3600,8,8,0,1641,2562,39521,9.29,5,0,0,1,1,0,0,0,0,0,0,1
SES_01031,STU_8758,3600,3,3,0,5017,6216,78240,5.58,3,8,8,0,0,0,0,0,0,0,0,1
SES_01032,STU_1849,3600,0,0,0,548,1645,58582,12.06,2,4,3,0,0,0,0,0,0,0,0,1
SES_01033,STU_6256,3600,0,0,0,0,0,8200,1.5,1,0,0,0,0,0,0,0,0,0,0,0
SES_01034,STU_2580,3600,0,0,0,0,0,10265,1.42,1,0,0,0,0,0,0,0,0,0,0,0
SES_01035,STU_5997,3600,0,1,0,301,1018,11109,1.8,0,0,0,0,0,0,0,0,0,0,0,0
SES_01036,STU_2033,3600,0,1,0,361,575,12450,3.19,1,0,0,0,0,0,0,0,0,0,0,0
SES_01037,STU_5205,3600,1,1,0,298,1395,91074,5.33,1,0,0,0,11,0,0,0,1,0,0,1
SES_01038,STU_6460,3600,0,1,0,587,1787,127171,10.49,1,9,5,0,0,0,0,0,0,0,0,1
SES_01039,STU_1058,3600,0,4,0,18685,29633,148077,11.82,2,0,0,0,0,0,0,0,0,0,0,1
SES_01040,STU_7175,3600,0,0,0,0,0,9282,0.49,1,0,0,0,0,0,0,0,0,0,0,0
SES_01041,STU_5084,3600,0,0,0,0,0,14360,2.16,0,0,0,0,0,0,0,0,0,0,0,0
SES_01042,STU_2729,3600,0,0,0,0,0,135614,10.16,0,0,0,1,0,0,0,0,0,1,0,1
SES_01043,STU_5255,3600,0,0,0,0,0,12678,3.04,0,0,0,0,0,0,0,0,0,1,0,0
SES_01044,STU_5710,3600,1,3,1,1828,2280,9222,1.78,0,0,0,0,0,0,0,0,0,1,0,0
SES_01045,STU_3014,3600,0,1,0,500,500,31597,24.99,1,0,0,0,0,0,0,1,0,0,0,1
SES_01046,STU_9033,3600,2,2,0,6973,10547,74994,12.47,3,9,8,0,0,0,0,0,0,0,0,1
SES_01047,STU_9041,3600,0,0,0,0,0,41983,10.17,0,0,0,0,0,0,0,0,0,1,0,1
SES_01048,STU_3341,3600,12,17,4,4546,8364,51955,13.69,3,1,1,0,0,0,0,0,0,0,0,1
SES_01049,STU_4620,3600,6,7,0,2873,3870,116571,16.23,5,1,0,0,0,0,0,0,0,0,0,1
SES_01050,STU_7931,3600,0,0,0,0,0,13784,1.37,1,0,0,0,0,0,0,0,0,0,0,0
SES_01051,STU_3992,3600,0,1,0,500,500,141406,19.58,1,0,0,0,0,0,0,1,0,0,0,1
SES_01052,STU_7296,3600,23,26,2,4515,9751,121148,13.13,6,2,2,0,0,0,0,0,0,0,0,1
SES_01053,STU_9748,3600,2,0,0,41,963,93968,24.07,0,0,0,0,6,0,0,0,1,0,0,1
SES_01054,STU_5087,3600,2,2,1,1173,2104,6942,3.2,1,0,0,0,0,0,0,0,1,0,0,0
SES_01055,STU_9209,3600,0,1,0,399,1355,14569,0.37,1,0,0,0,0,0,0,0,1,0,0,0
SES_01056,STU_3364,3600,0,1,0,208,1007,6769,2.64,0,0,0,0,0,0,0,0,1,0,0,0
SES_01057,STU_4758,3600,0,0,0,0,0,141235,17.99,0,0,0,0,0,0,0,0,0,1,0,1
SES_01058,STU_7010,3600,0,1,0,216,431,13557,1.71,0,0,0,0,0,0,0,0,0,1,0,0
SES_01059,STU_7503,3600,3,2,0,9886,16947,99940,13.32,3,3,3,1,4,0,0,0,0,0,0,1
SES_01060,STU_5135,3600,0,0,0,294,615,50118,18.13,16,0,0,0,0,0,0,0,0,0,0,1
SES_01061,STU_5585,3600,19,21,2,2061,7076,139563,17.34,3,0,1,0,2,0,0,0,0,0,0,1
SES_01062,STU_7397,3600,0,1,0,240,940,8926,1.36,0,0,0,0,0,0,0,0,0,0,0,0
SES_01063,STU_7121,3600,2,3,1,9042,11204,49218,24.65,1,6,2,0,4,0,0,0,0,0,0,1
SES_01064,STU_1942,3600,4,4,1,7254,11827,76024,12.22,4,3,6,0,0,0,0,0,0,0,0,1
SES_01065,STU_1719,3600,0,1,0,418,1051,1594,1.95,1,0,0,0,0,0,0,0,0,0,0,0
SES_01066,STU_2789,3600,0,0,0,0,0,3725,0.85,1,0,0,0,0,0,0,0,0,0,0,0
SES_01067,STU_2689,3600,0,1,0,528,1630,116345,24.19,0,8,5,0,0,0,0,0,0,0,0,1
SES_01068,STU_2684,3600,0,0,0,23,879,88159,16.5,2,6,9,0,2,0,0,0,0,0,0,1
SES_01069,STU_4637,3600,0,1,0,224,953,12313,1.39,0,0,0,0,0,0,0,0,0,0,0,0
SES_01070,STU_6058,3600,0,0,0,0,0,5697,0.6,0,0,0,0,0,0,0,0,0,0,0,0
SES_01071,STU_9200,3600,0,0,0,0,0,1558,1.37,0,0,0,0,0,0,0,0,0,0,0,0
SES_01072,STU_9247,3600,0,0,0,0,0,12890,0.45,1,0,0,0,0,0,0,0,0,0,0,0
SES_01073,STU_4391,3600,0,0,0,0,0,3010,0.65,0,0,0,0,0,0,0,0,0,0,0,0
SES_01074,STU_1021,3600,1,3,2,9780,14691,37385,14.71,6,2,3,0,0,0,0,0,0,0,0,1
SES_01075,STU_2961,3600,7,9,0,1609,2538,56792,18.31,2,0,1,0,0,0,0,0,0,0,0,1
SES_01076,STU_8577,3600,15,18,5,9549,20095,14322,21.3,20,5,2,1,0,0,0,0,0,0,0,1
SES_01077,STU_3465,3600,3,3,0,2043,3341,89723,9.42,6,10,4,0,0,0,0,0,0,0,0,1
SES_01078,STU_7533,3600,9,9,0,1559,2101,72746,7.44,1,0,1,0,0,0,0,0,0,0,0,1
SES_01079,STU_6568,3600,1,1,0,1000,1000,31332,19.21,1,0,0,0,0,0,1,0,0,0,0,1
SES_01080,STU_5759,3600,0,0,0,0,0,4375,0.56,0,0,0,0,0,0,1,0,0,0,0,0
SES_01081,STU_8604,3600,1,4,1,22075,34678,148940,15.47,0,0,0,0,0,0,0,0,0,0,0,1
SES_01082,STU_6971,3600,0,1,0,451,1096,1020,1.8,1,0,0,0,0,0,0,0,0,0,0,0
SES_01083,STU_9571,3600,0,1,0,67,148,12426,1.29,1,0,0,0,0,0,0,0,0,0,0,0
SES_01084,STU_9857,3600,0,1,0,105,817,11641,2.79,0,0,0,0,0,0,0,0,0,0,0,0
SES_01085,STU_9350,3600,0,0,0,0,0,5324,1.61,1,0,0,0,0,0,0,0,0,0,0,0
SES_01086,STU_8389,3600,0,1,0,500,500,18064,17.31,1,0,0,0,1,0,0,1,0,0,0,1
SES_01087,STU_6965,3600,13,19,3,6299,16048,42851,9.06,11,1,5,0,0,0,0,0,0,0,0,1
SES_01088,STU_7817,3600,0,1,0,322,586,12400,2.41,1,0,0,0,0,0,0,0,0,0,0,0
SES_01089,STU_3667,3600,2,1,0,678,1960,68542,24.36,1,0,0,0,7,0,0,0,1,0,0,1
SES_01090,STU_8846,3600,0,0,0,0,0,3945,1.46,0,0,0,0,0,0,0,0,1,0,0,0
SES_01091,STU_2578,3600,0,0,0,0,0,9973,1.77,0,0,0,0,0,0,0,0,1,0,0,0
SES_01092,STU_1632,3600,8,8,0,2843,4122,59992,14.87,2,1,1,0,1,0,0,0,0,0,0,1
SES_01093,STU_7176,3600,0,1,0,425,621,4634,3.4,1,0,0,0,0,0,0,0,0,0,0,0
SES_01094,STU_2343,3600,0,1,0,52,813,12103,1.85,0,0,0,0,0,0,0,0,0,0,0,0
SES_01095,STU_7356,3600,0,0,0,0,0,114696,9.97,1,0,0,1,0,1,0,0,0,0,0,1
SES_01096,STU_2526,3600,0,1,0,101,872,10512,2.31,0,0,0,0,0,1,0,0,0,0,0,0
SES_01097,STU_5236,3600,0,1,0,23,1012,12489,2.71,0,0,0,0,0,1,0,0,0,0,0,0
SES_01098,STU_1418,3600,1,5,0,19024,26715,96231,13.29,2,0,0,0,0,0,0,0,0,0,0,1
SES_01099,STU_4752,3600,0,0,0,0,0,11396,1.38,1,0,0,0,0,0,0,0,0,0,0,0
SES_01100,STU_9328,3600,0,1,0,63,558,10927,1.26,1,0,0,0,0,0,0,0,0,0,0,0
SES_01101,STU_3138,3600,0,1,0,29,933,7381,2.98,0,0,0,0,0,0,0,0,0,0,0,0
SES_01102,STU_5272,3600,0,0,0,0,0,67656,19.24,1,0,0,0,0,1,0,0,0,0,0,1
SES_01103,STU_1439,3600,0,0,0,0,0,54813,19.68,0,0,0,0,0,0,0,0,0,1,0,1
SES_01104,STU_9559,3600,2,3,2,13931,30952,114889,22.78,2,0,0,0,0,0,0,0,0,0,0,1
SES_01105,STU_1126,3600,21,25,4,3906,5625,137526,11.74,9,2,1,0,0,0,0,0,0,0,0,1
SES_01106,STU_8320,3600,0,1,0,400,677,5623,0.74,0,0,0,0,0,0,0,0,0,0,0,0
SES_01107,STU_9347,3600,0,0,0,0,0,12437,2.82,1,0,0,0,0,0,0,0,0,0,0,0
SES_01108,STU_6510,3600,1,1,1,4724,6925,88855,18.86,2,4,5,0,5,0,0,0,0,0,0,1
SES_01109,STU_8685,3600,0,0,0,0,0,29497,7.8,0,0,0,0,0,0,0,0,0,1,0,1
SES_01110,STU_9880,3600,2,0,0,504,672,16135,10.38,1,0,0,0,9,0,0,0,1,0,0,1
SES_01111,STU_1987,3600,0,0,0,0,0,13210,2.7,0,0,0,0,0,0,0,0,1,0,0,0
SES_01112,STU_3668,3600,0,1,0,500,500,134379,12.31,1,0,0,0,0,0,0,1,0,0,0,1
SES_01113,STU_5955,3600,0,1,0,256,1041,6085,3.38,0,0,0,0,0,0,0,1,0,0,0,0
SES_01114,STU_5482,3600,2,3,1,8439,12303,119850,13.7,3,2,3,0,0,0,0,0,0,0,0,1
SES_01115,STU_9459,3600,0,0,0,0,0,11383,2.9,1,0,0,0,0,0,0,0,0,0,0,0
SES_01116,STU_6204,3600,0,0,0,0,0,4403,2.22,1,0,0,0,0,0,0,0,0,0,0,0
SES_01117,STU_8020,3600,0,0,0,0,0,10666,1.87,0,0,0,0,0,0,0,0,0,0,0,0
SES_01118,STU_2189,3600,1,2,1,1483,1937,4713,2.2,0,0,0,0,0,0,0,0,0,0,0,0
SES_01119,STU_6334,3600,0,1,0,294,470,5360,3.3,1,0,0,0,0,0,0,0,0,0,0,0
SES_01120,STU_8814,3600,0,1,0,52,597,12936,2.68,1,0,0,0,0,0,0,0,0,0,0,0
SES_01121,STU_1970,3600,0,0,0,479,931,114469,6.97,13,0,0,0,0,0,0,0,0,0,0,1
SES_01122,STU_3616,3600,0,5,0,30305,41233,82302,8.01,1,0,0,0,2,0,0,0,0,0,0,1
SES_01123,STU_9905,3600,0,0,0,0,0,7593,0.68,1,0,0,0,0,0,0,0,0,0,0,0
SES_01124,STU_9557,3600,12,12,4,4094,10009,95199,14.91,15,0,0,0,0,0,0,0,0,0,0,1
SES_01125,STU_4431,3600,1,1,0,808,2059,134424,12.03,0,0,0,0,5,0,0,0,1,0,0,1
SES_01126,STU_5224,3600,0,0,0,0,0,1695,2.99,0,0,0,0,0,0,0,0,1,0,0,0
SES_01127,STU_9641,3600,2,1,1,556,614,6593,3.38,1,0,0,0,0,0,0,0,1,0,0,0
SES_01128,STU_1719,3600,0,0,0,455,974,73096,22.57,18,0,0,0,0,0,0,0,0,0,0,1
SES_01129,STU_4153,3600,2,1,0,6376,13318,145971,9.04,1,5,5,0,4,0,0,0,0,0,0,1
SES_01130,STU_2767,3600,0,0,1,0,0,24967,20.75,0,0,0,0,0,0,0,0,0,0,1,1
SES_01131,STU_3892,3600,6,6,0,1159,1806,60356,15.19,3,1,1,0,2,0,0,0,0,0,0,1
SES_01132,STU_9104,3600,1,1,0,1000,1000,113090,19.34,1,0,0,1,1,0,1,0,0,0,0,1
SES_01133,STU_8585,3600,0,1,0,320,639,1932,1.91,0,0,0,0,0,0,1,0,0,0,0,0
SES_01134,STU_9954,3600,0,0,0,0,0,101167,5.64,1,0,0,0,1,1,0,0,0,0,0,1
SES_01135,STU_1445,3600,1,3,1,1967,2034,8385,2.38,0,0,0,0,0,1,0,0,0,0,0,0
SES_01136,STU_6946,3600,0,0,0,0,0,36061,13.99,0,0,0,0,0,0,0,0,0,1,0,1
SES_01137,STU_3305,3600,0,1,0,420,778,6715,0.9,1,0,0,0,0,0,0,0,0,1,0,0
SES_01138,STU_8033,3600,0,1,0,500,500,123303,21.71,1,0,0,0,2,0,0,1,0,0,0,1
SES_01139,STU_7545,3600,0,0,0,0,0,12978,1.66,1,0,0,0,0,0,0,1,0,0,0,0
SES_01140,STU_9238,3600,0,1,0,491,928,4049,1.86,1,0,0,0,0,0,0,1,0,0,0,0
SES_01141,STU_5422,3600,1,3,1,1672,2039,1043,1.29,1,0,0,0,0,0,0,1,0,0,0,0
SES_01142,STU_7041,3600,0,0,0,0,0,1820,2.09,0,0,0,0,0,0,0,1,0,0,0,0
SES_01143,STU_3613,3600,4,7,0,2759,5762,133277,19.12,3,0,2,0,5,0,0,0,1,0,0,1
SES_01144,STU_7953,3600,1,3,1,1589,1967,4642,1.72,0,0,0,0,0,0,0,0,1,0,0,0
SES_01145,STU_7005,3600,0,1,0,11,1759,79276,8.22,1,4,10,0,0,0,0,0,0,0,0,1
SES_01146,STU_3115,3600,0,1,0,297,665,10107,2.64,1,0,0,0,0,0,0,0,0,0,0,0
SES_01147,STU_7619,3600,0,0,0,0,0,5971,1.14,0,0,0,0,0,0,0,0,0,0,0,0
SES_01148,STU_4251,3600,0,1,0,471,667,3397,2.32,1,0,0,0,0,0,0,0,0,0,0,0
SES_01149,STU_7013,3600,0,1,0,132,315,7426,2.53,1,0,0,0,0,0,0,0,0,0,0,0
SES_01150,STU_1048,3600,1,1,0,1000,1000,87429,19.3,1,0,0,0,0,0,1,0,0,0,0,1
SES_01151,STU_7156,3600,0,1,0,177,797,17596,8.08,14,0,0,0,0,0,0,0,0,0,0,1
SES_01152,STU_6111,3600,0,0,0,0,0,11490,2.06,1,0,0,0,0,0,0,0,0,0,0,0
SES_01153,STU_6921,3600,0,0,0,0,0,78320,19.89,1,0,0,0,0,1,0,0,0,0,0,1
SES_01154,STU_9188,3600,2,4,3,18494,37966,89661,17.13,4,0,0,1,2,0,0,0,0,0,0,1
SES_01155,STU_9850,3600,2,2,1,9132,15656,117827,10.47,2,2,2,0,4,0,0,0,0,0,0,1
SES_01156,STU_9072,3600,3,1,1,8103,13040,112554,6.96,1,4,2,0,6,0,0,0,0,0,0,1
SES_01157,STU_6349,3600,1,1,0,1000,1000,25462,6.76,1,0,0,0,2,0,1,0,0,0,0,1
SES_01158,STU_8329,3600,0,0,0,0,0,9851,2.09,1,0,0,0,0,0,1,0,0,0,0,0
SES_01159,STU_2067,3600,2,1,1,858,1823,1728,1.9,0,0,0,0,0,0,1,0,0,0,0,0
SES_01160,STU_6287,3600,2,2,1,953,1840,3556,2.34,0,0,0,0,0,0,1,0,0,0,0,0
SES_01161,STU_9360,3600,1,3,1,1177,2061,8018,3.42,0,0,0,0,0,0,1,0,0,0,0,0
SES_01162,STU_2750,3600,0,0,0,0,0,2460,3.05,0,0,0,0,0,0,1,0,0,0,0,0
SES_01163,STU_2582,3600,4,4,1,7754,10685,132372,17.66,5,9,7,0,0,0,0,0,0,0,0,1
SES_01164,STU_9204,3600,0,0,0,0,0,13860,2.33,1,0,0,0,0,0,0,0,0,0,0,0
SES_01165,STU_6846,3600,2,2,0,3976,5339,47709,10.23,7,4,8,0,0,0,0,0,0,0,0,1
SES_01166,STU_6496,3600,0,1,0,338,1196,14427,3.37,0,0,0,0,0,0,0,0,0,0,0,0
SES_01167,STU_5206,3600,0,1,0,242,777,1248,1.14,0,0,0,0,0,0,0,0,0,0,0,0
SES_01168,STU_4966,3600,0,1,0,378,1219,12871,0.79,1,0,0,0,0,0,0,0,0,0,0,0
SES_01169,STU_9923,3600,0,1,0,352,1902,24712,18.13,1,6,3,0,0,0,0,0,0,0,0,1
SES_01170,STU_7327,3600,0,1,0,185,726,4552,0.72,1,0,0,0,0,0,0,0,0,0,0,0
SES_01171,STU_7101,3600,0,0,0,0,0,11436,2.33,1,0,0,0,0,0,0,0,0,0,0,0
SES_01172,STU_6667,3600,0,0,0,0,0,144441,10.41,0,0,0,0,0,0,0,0,0,1,0,1
SES_01173,STU_6241,3600,0,0,0,0,0,9677,1.44,1,0,0,0,0,0,0,0,0,1,0,0
SES_01174,STU_3895,3600,2,1,1,707,1657,7240,0.83,0,0,0,0,0,0,0,0,0,1,0,0
SES_01175,STU_6968,3600,0,1,0,318,354,2501,2.6,0,0,0,0,0,0,0,0,0,1,0,0
SES_01176,STU_7114,3600,0,0,0,0,0,15182,7.2,1,0,0,0,0,1,0,0,0,0,0,1
SES_01177,STU_9173,3600,1,1,0,1000,1000,32788,22.28,1,0,0,1,0,0,1,0,0,0,0,1
SES_01178,STU_5086,3600,0,0,0,0,0,42064,22.26,0,0,0,0,0,0,0,0,0,1,0,1
SES_01179,STU_3613,3600,0,0,0,0,0,8764,0.56,1,0,0,0,0,0,0,0,0,1,0,0
SES_01180,STU_3876,3600,4,2,2,8182,13057,44489,9.9,6,2,3,0,0,0,0,0,0,0,0,1
SES_01181,STU_3224,3600,1,2,1,1403,1783,7513,2.75,0,0,0,0,0,0,0,0,0,0,0,0
SES_01182,STU_2339,3600,0,0,0,0,0,129773,9.22,1,0,0,1,0,1,0,0,0,0,0,1
SES_01183,STU_4291,3600,2,1,1,4901,6965,87605,8.24,2,4,4,0,5,0,0,0,0,0,0,1
SES_01184,STU_6815,3600,0,0,0,91,501,58638,18.0,18,0,0,1,0,0,0,0,0,0,0,1
SES_01185,STU_1687,3600,1,1,1,638,1395,10862,2.51,1,0,0,0,0,0,0,0,0,0,0,0
SES_01186,STU_4918,3600,0,1,0,15,392,3983,0.55,1,0,0,0,0,0,0,0,0,0,0,0
SES_01187,STU_3696,3600,2,1,1,615,785,6564,0.38,1,0,0,0,0,0,0,0,0,0,0,0
SES_01188,STU_7441,3600,0,0,0,0,0,10890,0.98,1,0,0,0,0,0,0,0,0,0,0,0
SES_01189,STU_9421,3600,0,0,1,0,0,105445,14.73,0,0,0,0,1,0,0,0,0,0,1,1
SES_01190,STU_6370,3600,0,1,0,142,453,12913,0.57,1,0,0,0,0,0,0,0,0,0,1,0
SES_01191,STU_8836,3600,0,1,0,176,1096,14264,2.74,1,0,0,0,0,0,0,0,0,0,1,0
SES_01192,STU_4309,3600,1,1,0,1000,1000,99171,20.55,1,0,0,0,0,0,1,0,0,0,0,1
SES_01193,STU_7336,3600,2,3,1,1488,2151,4700,3.45,0,0,0,0,0,0,1,0,0,0,0,0
SES_01194,STU_3696,3600,15,17,0,2148,3770,86870,23.02,1,0,0,0,0,0,0,0,0,0,0,1
SES_01195,STU_7771,3600,2,3,1,1592,2484,1259,0.85,0,0,0,0,0,0,0,0,0,0,0,0
SES_01196,STU_7470,3600,2,1,1,1110,1509,3119,1.19,1,0,0,0,0,0,0,0,0,0,0,0
SES_01197,STU_8088,3600,3,4,1,8268,12690,87744,15.83,4,3,2,0,0,0,0,0,0,0,0,1
SES_01198,STU_1009,3600,0,0,0,0,0,66962,9.85,0,0,0,0,0,0,0,0,0,1,0,1
SES_01199,STU_1550,3600,0,0,0,0,0,9014,1.6,1,0,0,0,0,0,0,0,0,1,0,0
SES_01200,STU_1891,3600,0,1,0,500,500,14453,8.64,1,0,0,0,0,0,0,1,0,0,0,1
SES_01201,STU_5483,3600,2,2,1,3881,11733,67603,23.95,3,5,5,0,2,0,0,0,0,0,0,1
SES_01202,STU_6875,3600,0,1,0,335,895,14916,1.26,0,0,0,0,0,0,0,0,0,0,0,0
SES_01203,STU_4443,3600,0,0,0,0,0,14818,1.45,1,0,0,0,0,0,0,0,0,0,0,0
SES_01204,STU_7489,3600,2,3,1,1588,1798,14055,1.64,1,0,0,0,0,0,0,0,0,0,0,0
SES_01205,STU_6007,3600,0,0,0,0,0,7062,1.89,0,0,0,0,0,0,0,0,0,0,0,0
SES_01206,STU_2053,3600,0,1,0,385,433,12109,3.41,0,0,0,0,0,0,0,0,0,0,0,0
SES_01207,STU_9782,3600,1,0,0,951,2042,46416,6.35,2,0,0,0,4,0,0,0,1,0,0,1
SES_01208,STU_8835,3600,0,1,0,464,1041,13867,3.3,0,0,0,0,0,0,0,0,1,0,0,0
SES_01209,STU_4844,3600,0,0,0,0,0,10741,0.45,1,0,0,0,0,0,0,0,1,0,0,0
SES_01210,STU_4829,3600,1,0,0,959,1308,13577,17.14,0,0,0,0,6,0,0,0,1,0,0,1
SES_01211,STU_6612,3600,2,1,1,845,1029,7670,1.16,0,0,0,0,0,0,0,0,1,0,0,0
SES_01212,STU_6704,3600,0,1,0,434,570,14855,3.11,1,0,0,0,0,0,0,0,1,0,0,0
SES_01213,STU_3663,3600,0,0,0,0,0,10251,1.67,1,0,0,0,0,0,0,0,1,0,0,0
SES_01214,STU_1227,3600,0,0,0,0,0,12880,2.71,1,0,0,0,0,0,0,0,1,0,0,0
SES_01215,STU_9210,3600,0,1,0,18,126,5405,2.56,0,0,0,0,0,0,0,0,1,0,0,0
SES_01216,STU_8542,3600,0,1,0,275,399,10212,2.24,0,0,0,0,0,0,0,0,1,0,0,0
SES_01217,STU_8978,3600,0,1,0,236,947,1620,3.2,1,0,0,0,0,0,0,0,1,0,0,0
SES_01218,STU_7991,3600,1,1,1,1789,2360,2491,1.0,0,0,0,0,0,0,0,0,1,0,0,0
SES_01219,STU_9727,3600,0,1,0,500,500,112201,14.65,1,0,0,0,0,0,0,1,0,0,0,1
SES_01220,STU_2548,3600,0,1,0,267,460,1451,3.12,1,0,0,0,0,0,0,1,0,0,0,0
SES_01221,STU_7158,3600,1,3,1,7845,14720,18049,9.22,3,2,2,1,6,0,0,0,0,0,0,1
SES_01222,STU_7537,3600,1,2,1,5305,12784,71227,18.08,5,4,2,0,5,0,0,0,0,0,0,1
SES_01223,STU_5594,3600,0,0,0,0,0,63272,14.56,1,0,0,0,0,1,0,0,0,0,0,1
SES_01224,STU_7747,3600,0,1,0,299,390,3303,1.99,0,0,0,0,0,1,0,0,0,0,0,0
SES_01225,STU_6008,3600,1,5,1,27717,36292,60604,14.19,1,0,0,0,0,0,0,0,0,0,0,1
SES_01226,STU_5445,3600,0,0,0,0,0,3977,3.34,0,0,0,0,0,0,0,0,0,0,0,0
SES_01227,STU_8528,3600,1,2,1,1465,1842,14165,2.87,1,0,0,0,0,0,0,0,0,0,0,0
SES_01228,STU_4268,3600,0,0,0,0,0,1180,0.85,1,0,0,0,0,0,0,0,0,0,0,0
SES_01229,STU_7983,3600,8,9,1,1516,6382,93230,14.84,10,1,2,0,12,0,0,0,1,0,0,1
SES_01230,STU_3504,3600,0,0,0,0,0,8070,2.65,0,0,0,0,0,0,0,0,1,0,0,0
SES_01231,STU_8783,3600,0,1,0,146,862,11483,0.93,1,0,0,0,0,0,0,0,1,0,0,0
SES_01232,STU_9044,3600,0,0,0,0,0,3898,2.96,1,0,0,0,0,0,0,0,1,0,0,0
SES_01233,STU_7593,3600,2,2,1,1148,1150,8973,1.59,1,0,0,0,0,0,0,0,1,0,0,0
SES_01234,STU_6517,3600,0,1,0,258,926,10232,3.29,0,0,0,0,0,0,0,0,1,0,0,0
SES_01235,STU_7925,3600,0,1,0,14,963,4084,0.45,0,0,0,0,0,0,0,0,1,0,0,0
SES_01236,STU_8682,3600,0,0,0,0,0,105875,24.04,1,0,0,0,0,1,0,0,0,0,0,1
SES_01237,STU_6216,3600,0,1,0,190,721,9910,3.35,1,0,0,0,0,1,0,0,0,0,0,0
SES_01238,STU_2300,3600,0,1,0,372,770,13662,0.47,0,0,0,0,0,1,0,0,0,0,0,0
SES_01239,STU_7313,3600,1,1,0,1000,1000,145437,24.05,1,0,0,0,0,0,1,0,0,0,0,1
SES_01240,STU_7931,3600,15,19,3,4053,18355,51247,15.99,12,3,5,0,0,0,0,0,0,0,0,1
SES_01241,STU_3470,3600,1,3,1,1464,2346,9694,0.73,0,0,0,0,0,0,0,0,0,0,0,0
SES_01242,STU_3737,3600,0,0,0,0,0,14236,2.27,1,0,0,0,0,0,0,0,0,0,0,0
SES_01243,STU_5964,3600,0,0,0,0,0,13311,1.64,0,0,0,0,0,0,0,0,0,0,0,0
SES_01244,STU_3070,3600,1,1,0,1000,1000,17351,6.01,1,0,0,0,1,0,1,0,0,0,0,1
SES_01245,STU_9817,3600,0,0,0,0,0,4708,3.29,1,0,0,0,0,0,1,0,0,0,0,0
SES_01246,STU_1114,3600,14,20,4,9902,15415,120229,5.95,5,5,4,0,0,0,0,0,0,0,0,1
SES_01247,STU_6445,3600,0,0,0,0,0,1795,3.49,0,0,0,0,0,0,0,0,0,0,0,0
SES_01248,STU_6504,3600,0,1,0,341,357,12982,3.16,1,0,0,0,0,0,0,0,0,0,0,0
SES_01249,STU_1736,3600,2,4,3,24215,41009,142111,7.34,9,0,0,0,0,0,0,0,0,0,0,1
SES_01250,STU_4893,3600,7,9,2,4322,7443,148197,20.0,3,1,1,1,14,0,0,0,1,0,0,1
SES_01251,STU_7633,3600,1,2,1,747,1598,1861,2.19,1,0,0,0,0,0,0,0,1,0,0,0
SES_01252,STU_4743,3600,2,2,1,1882,2245,3440,1.77,0,0,0,0,0,0,0,0,1,0,0,0
SES_01253,STU_2872,3600,0,1,0,48,972,3730,2.52,1,0,0,0,0,0,0,0,1,0,0,0
SES_01254,STU_6977,3600,0,0,0,0,0,8525,3.24,1,0,0,0,0,0,0,0,1,0,0,0
SES_01255,STU_6190,3600,1,1,0,1000,1000,102104,8.12,1,0,0,1,0,0,1,0,0,0,0,1
SES_01256,STU_4839,3600,0,1,0,467,1396,10785,2.95,1,0,0,0,0,0,1,0,0,0,0,0
SES_01257,STU_7448,3600,15,15,0,2733,4529,70582,17.14,2,0,0,0,0,0,0,0,0,0,0,1
SES_01258,STU_7010,3600,0,1,0,403,777,10699,2.81,0,0,0,0,0,0,0,0,0,0,0,0
SES_01259,STU_8046,3600,0,0,0,0,0,10997,1.37,1,0,0,0,0,0,0,0,0,0,0,0
SES_01260,STU_4011,3600,5,8,1,4672,9419,75009,20.87,8,0,1,0,6,0,0,0,1,0,0,1
SES_01261,STU_1798,3600,0,1,0,500,500,54951,17.6,1,0,0,1,0,0,0,1,0,0,0,1
SES_01262,STU_6181,3600,5,5,0,2556,5403,72592,5.98,6,9,4,0,0,0,0,0,0,0,0,1
SES_01263,STU_2265,3600,0,1,0,72,278,7468,0.36,1,0,0,0,0,0,0,0,0,0,0,0
SES_01264,STU_8901,3600,3,3,1,6460,7744,97864,13.13,4,4,4,0,0,0,0,0,0,0,0,1
SES_01265,STU_5830,3600,0,0,0,0,0,12257,2.79,1,0,0,0,0,0,0,0,0,0,0,0
SES_01266,STU_4101,3600,0,0,0,0,0,11597,24.74,1,0,0,0,1,1,0,0,0,0,0,1
SES_01267,STU_3884,3600,0,0,0,0,0,10306,2.21,0,0,0,0,0,1,0,0,0,0,0,0
SES_01268,STU_5732,3600,3,2,0,10934,17651,120819,11.7,4,1,3,0,0,0,0,0,0,0,0,1
SES_01269,STU_1391,3600,0,0,0,0,0,77802,5.16,1,0,0,0,0,1,0,0,0,0,0,1
SES_01270,STU_3691,3600,2,3,1,1625,1923,13635,1.95,1,0,0,0,0,1,0,0,0,0,0,0
SES_01271,STU_2287,3600,0,0,0,0,0,9730,2.06,1,0,0,0,0,1,0,0,0,0,0,0
SES_01272,STU_4964,3600,0,1,0,91,810,12782,1.95,1,0,0,0,0,1,0,0,0,0,0,0
SES_01273,STU_9016,3600,0,0,0,0,0,8825,2.69,0,0,0,0,0,1,0,0,0,0,0,0
SES_01274,STU_1347,3600,0,0,0,0,0,88087,13.27,1,0,0,0,0,1,0,0,0,0,0,1
SES_01275,STU_2818,3600,0,0,0,0,0,117652,6.48,0,0,0,0,0,0,0,0,0,1,0,1
SES_01276,STU_2172,3600,2,2,1,10349,14938,109744,15.77,4,2,3,1,0,0,0,0,0,0,0,1
SES_01277,STU_2983,3600,0,0,0,0,0,65914,22.44,0,0,0,1,0,0,0,0,0,1,0,1
SES_01278,STU_5530,3600,0,1,0,299,1105,6835,2.23,1,0,0,0,0,0,0,0,0,1,0,0
SES_01279,STU_5404,3600,0,1,0,34,85,14911,1.45,0,0,0,0,0,0,0,0,0,1,0,0
SES_01280,STU_9460,3600,0,0,0,0,0,6267,1.28,1,0,0,0,0,0,0,0,0,1,0,0
SES_01281,STU_8994,3600,0,1,0,673,1852,140227,9.23,1,0,0,1,11,0,0,0,1,0,0,1
SES_01282,STU_6658,3600,0,1,0,180,200,1603,0.38,1,0,0,0,0,0,0,0,1,0,0,0
SES_01283,STU_6421,3600,0,1,0,297,1110,8855,0.49,0,0,0,0,0,0,0,0,1,0,0,0
SES_01284,STU_9970,3600,0,0,0,0,0,114325,15.66,1,0,0,0,1,1,0,0,0,0,0,1
SES_01285,STU_7868,3600,0,1,0,360,1019,11498,3.0,0,0,0,0,0,1,0,0,0,0,0,0
SES_01286,STU_5250,3600,0,0,0,0,0,9444,2.13,1,0,0,0,0,1,0,0,0,0,0,0
SES_01287,STU_2805,3600,0,0,0,0,0,8535,2.5,0,0,0,0,0,1,0,0,0,0,0,0
SES_01288,STU_3459,3600,3,3,0,2451,6610,129597,19.99,8,5,6,0,0,0,0,0,0,0,0,1
SES_01289,STU_3619,3600,0,1,0,231,523,10735,0.53,0,0,0,0,0,0,0,0,0,0,0,0
SES_01290,STU_9687,3600,0,1,0,98,156,8820,2.76,0,0,0,0,0,0,0,0,0,0,0,0
SES_01291,STU_5521,3600,1,3,0,32346,38563,142349,14.41,2,0,0,0,0,0,0,0,0,0,0,1
SES_01292,STU_6669,3600,2,2,1,901,1798,6340,3.32,1,0,0,0,0,0,0,0,0,0,0,0
SES_01293,STU_1768,3600,0,0,0,0,0,8645,1.42,0,0,0,0,0,0,0,0,0,0,0,0
SES_01294,STU_8379,3600,1,3,1,1608,1817,9667,2.59,0,0,0,0,0,0,0,0,0,0,0,0
SES_01295,STU_8769,3600,0,0,0,0,0,9329,0.52,0,0,0,0,0,0,0,0,0,0,0,0
SES_01296,STU_5379,3600,0,1,0,349,1301,2724,3.19,0,0,0,0,0,0,0,0,0,0,0,0
SES_01297,STU_1356,3600,0,1,0,204,936,7665,0.69,1,0,0,0,0,0,0,0,0,0,0,0
SES_01298,STU_3740,3600,0,0,0,129,338,111104,23.31,12,0,0,0,0,0,0,0,0,0,0,1
SES_01299,STU_4953,3600,0,1,0,192,199,4819,1.99,0,0,0,0,0,0,0,0,0,0,0,0
SES_01300,STU_2472,3600,0,0,0,0,0,5220,0.83,1,0,0,0,0,0,0,0,0,0,0,0
SES_01301,STU_2777,3600,0,0,0,250,335,10327,8.0,6,0,0,0,1,0,0,0,0,0,0,1
SES_01302,STU_7730,3600,0,1,0,54,953,4762,3.12,1,0,0,0,0,0,0,0,0,0,0,0
SES_01303,STU_4582,3600,0,0,0,0,0,4650,1.98,1,0,0,0,0,0,0,0,0,0,0,0
SES_01304,STU_5293,3600,2,1,1,1760,2115,3687,3.33,0,0,0,0,0,0,0,0,0,0,0,0
SES_01305,STU_1033,3600,0,0,0,0,0,149989,19.33,0,0,0,0,0,0,0,0,0,1,0,1
SES_01306,STU_7210,3600,0,0,0,0,0,9561,2.22,1,0,0,0,0,0,0,0,0,1,0,0
SES_01307,STU_9120,3600,3,3,1,3863,5717,26084,18.96,7,4,9,0,0,0,0,0,0,0,0,1
SES_01308,STU_7527,3600,0,0,0,0,0,11190,0.7,0,0,0,0,0,0,0,0,0,0,0,0
SES_01309,STU_6164,3600,2,2,1,1288,1793,1395,1.43,0,0,0,0,0,0,0,0,0,0,0,0
SES_01310,STU_6684,3600,0,0,0,0,0,4441,0.6,1,0,0,0,0,0,0,0,0,0,0,0
SES_01311,STU_8656,3600,0,0,1,0,0,31712,20.03,0,0,0,0,0,0,0,0,0,0,1,1
SES_01312,STU_8183,3600,1,1,1,1134,1462,8241,3.4,1,0,0,0,0,0,0,0,0,0,1,0
SES_01313,STU_6931,3600,0,0,0,0,0,1278,1.43,1,0,0,0,0,0,0,0,0,0,1,0
SES_01314,STU_3485,3600,0,1,0,500,769,1056,2.53,1,0,0,0,0,0,0,0,0,0,1,0
SES_01315,STU_6418,3600,0,1,0,500,500,80247,11.99,1,0,0,1,0,0,0,1,0,0,0,1
SES_01316,STU_8935,3600,0,0,0,0,0,1504,0.74,1,0,0,0,0,0,0,1,0,0,0,0
SES_01317,STU_4676,3600,14,14,0,2593,4104,45072,19.33,1,1,1,0,0,0,0,0,0,0,0,1
SES_01318,STU_2641,3600,0,1,0,266,1231,11090,0.93,1,0,0,0,0,0,0,0,0,0,0,0
SES_01319,STU_1432,3600,0,0,0,0,0,34365,9.92,0,0,0,0,0,0,0,0,0,1,0,1
SES_01320,STU_9336,3600,0,0,0,0,0,7118,2.16,1,0,0,0,0,0,0,0,0,1,0,0
SES_01321,STU_8460,3600,0,1,0,328,567,8931,2.46,0,0,0,0,0,0,0,0,0,1,0,0
SES_01322,STU_1166,3600,0,0,0,0,0,3962,3.26,0,0,0,0,0,0,0,0,0,1,0,0
SES_01323,STU_7261,3600,8,8,0,2372,3764,85776,21.13,2,1,1,1,0,0,0,0,0,0,0,1
SES_01324,STU_4925,3600,0,0,0,0,0,3427,1.95,0,0,0,0,0,0,0,0,0,0,0,0
SES_01325,STU_8292,3600,0,0,0,0,0,1762,2.38,1,0,0,0,0,0,0,0,0,0,0,0
SES_01326,STU_5557,3600,0,1,0,485,798,7914,1.19,0,0,0,0,0,0,0,0,0,0,0,0
SES_01327,STU_3971,3600,0,0,0,994,2138,65041,17.33,2,8,4,0,1,0,0,0,0,0,0,1
SES_01328,STU_3488,3600,14,15,2,1914,4371,135184,21.03,6,2,0,1,0,0,0,0,0,0,0,1
SES_01329,STU_5459,3600,0,0,0,0,0,3169,0.35,1,0,0,0,0,0,0,0,0,0,0,0
SES_01330,STU_7225,3600,0,0,0,0,0,9501,0.77,0,0,0,0,0,0,0,0,0,0,0,0
SES_01331,STU_7538,3600,1,1,0,4529,8877,19838,10.53,2,4,2,0,5,0,0,0,0,0,0,1
SES_01332,STU_8665,3600,1,3,1,1107,1853,13836,2.08,0,0,0,0,0,0,0,0,0,0,0,0
SES_01333,STU_7707,3600,0,1,0,278,356,13251,2.78,0,0,0,0,0,0,0,0,0,0,0,0
SES_01334,STU_8176,3600,1,2,1,847,907,4371,2.97,1,0,0,0,0,0,0,0,0,0,0,0
SES_01335,STU_1608,3600,0,0,0,909,1034,102350,24.87,2,9,10,1,0,0,0,0,0,0,0,1
SES_01336,STU_7946,3600,0,0,1,0,0,138228,5.87,0,0,0,0,0,0,0,0,0,0,1,1
SES_01337,STU_9377,3600,0,0,0,0,0,8471,2.39,1,0,0,0,0,0,0,0,0,0,1,0
SES_01338,STU_7939,3600,0,0,0,0,0,2461,2.35,0,0,0,0,0,0,0,0,0,0,1,0
SES_01339,STU_7479,3600,0,1,0,217,374,9429,1.82,0,0,0,0,0,0,0,0,0,0,1,0
SES_01340,STU_3619,3600,2,2,0,4781,5794,130120,11.79,7,6,7,1,2,0,0,0,0,0,0,1
SES_01341,STU_9748,3600,2,3,0,5190,8142,33824,20.12,1,5,3,0,4,0,0,0,0,0,0,1
SES_01342,STU_6307,3600,2,3,2,9991,13002,14235,7.42,2,3,2,1,0,0,0,0,0,0,0,1
SES_01343,STU_9449,3600,0,0,0,0,0,1347,2.4,0,0,0,0,0,0,0,0,0,0,0,0
SES_01344,STU_7257,3600,0,1,0,452,1134,5442,3.15,1,0,0,0,0,0,0,0,0,0,0,0
SES_01345,STU_2321,3600,1,2,1,937,1077,8835,1.09,0,0,0,0,0,0,0,0,0,0,0,0
SES_01346,STU_8008,3600,1,5,1,30673,35903,36929,13.59,0,0,0,0,0,0,0,0,0,0,0,1
SES_01347,STU_8921,3600,1,2,1,20440,28698,10810,13.78,1,0,0,0,0,0,0,0,0,0,0,1
SES_01348,STU_4371,3600,1,3,2,29352,44761,107672,10.31,6,0,0,0,2,0,0,0,0,0,0,1
SES_01349,STU_8901,3600,0,1,0,456,1028,8901,1.05,0,0,0,0,0,0,0,0,0,0,0,0
SES_01350,STU_7352,3600,0,0,0,0,0,7383,0.44,0,0,0,0,0,0,0,0,0,0,0,0
SES_01351,STU_4063,3600,0,0,0,0,0,15285,5.25,0,0,0,0,0,0,0,0,0,1,0,1
SES_01352,STU_5551,3600,0,0,0,0,0,3458,1.2,0,0,0,0,0,0,0,0,0,1,0,0
SES_01353,STU_2457,3600,0,0,0,0,0,12805,3.0,0,0,0,0,0,0,0,0,0,1,0,0
SES_01354,STU_1189,3600,0,0,0,0,0,80606,22.6,0,0,0,0,0,0,0,0,0,1,0,1
SES_01355,STU_1478,3600,2,2,1,1717,2314,8176,0.66,1,0,0,0,0,0,0,0,0,1,0,0
SES_01356,STU_4712,3600,0,1,0,260,454,11321,2.36,1,0,0,0,0,0,0,0,0,1,0,0
SES_01357,STU_6887,3600,0,1,0,298,849,14511,2.52,0,0,0,0,0,0,0,0,0,1,0,0
SES_01358,STU_4160,3600,24,25,4,2741,5143,46277,12.01,11,2,2,0,0,0,0,0,0,0,0,1
SES_01359,STU_2181,3600,0,0,0,0,0,12840,2.52,1,0,0,0,0,0,0,0,0,0,0,0
SES_01360,STU_6387,3600,5,5,0,6806,9329,146194,23.51,4,4,9,1,0,0,0,0,0,0,0,1
SES_01361,STU_4346,3600,2,2,1,9171,15049,119788,19.93,6,1,1,0,0,0,0,0,0,0,0,1
SES_01362,STU_5996,3600,0,1,0,500,500,82540,16.45,1,0,0,0,1,0,0,1,0,0,0,1
SES_01363,STU_3489,3600,3,3,0,8501,13920,118639,23.0,4,3,2,0,5,0,0,0,0,0,0,1
SES_01364,STU_4097,3600,0,0,0,0,0,12136,2.62,1,0,0,0,0,0,0,0,0,0,0,0
SES_01365,STU_6529,3600,0,1,0,153,593,10816,1.5,1,0,0,0,0,0,0,0,0,0,0,0
SES_01366,STU_8223,3600,2,0,0,727,1141,40466,11.1,0,0,0,1,8,0,0,0,1,0,0,1
SES_01367,STU_8742,3600,0,1,0,486,1370,4804,2.59,0,0,0,0,0,0,0,0,1,0,0,0
SES_01368,STU_5657,3600,0,1,0,286,765,9473,0.72,0,0,0,0,0,0,0,0,1,0,0,0
SES_01369,STU_5123,3600,2,3,2,10344,14750,93279,5.42,4,3,2,0,0,0,0,0,0,0,0,1
SES_01370,STU_1665,3600,0,1,0,92,113,82400,20.22,18,0,0,0,0,0,0,0,0,0,0,1
SES_01371,STU_4539,3600,0,1,0,124,814,6025,0.64,0,0,0,0,0,0,0,0,0,0,0,0
SES_01372,STU_2191,3600,0,1,0,441,1258,4904,2.34,0,0,0,0,0,0,0,0,0,0,0,0
SES_01373,STU_3154,3600,6,6,0,4159,6598,73370,18.29,10,0,1,0,6,0,0,0,1,0,0,1
SES_01374,STU_8835,3600,0,1,0,238,409,4916,1.41,0,0,0,0,0,0,0,0,1,0,0,0
SES_01375,STU_8418,3600,0,1,0,32,942,9239,1.76,0,0,0,0,0,0,0,0,1,0,0,0
SES_01376,STU_5037,3600,13,15,5,7046,15220,126531,22.09,6,5,2,0,2,0,0,0,0,0,0,1
SES_01377,STU_7883,3600,0,0,0,0,0,10460,0.49,0,0,0,0,0,0,0,0,0,0,0,0
SES_01378,STU_5221,3600,0,0,0,0,0,11356,2.59,1,0,0,0,0,0,0,0,0,0,0,0
SES_01379,STU_4191,3600,0,0,0,173,843,110944,10.28,18,0,0,0,0,0,0,0,0,0,0,1
SES_01380,STU_1495,3600,2,2,1,695,1289,12024,2.79,0,0,0,0,0,0,0,0,0,0,0,0
SES_01381,STU_7014,3600,0,1,0,279,517,7887,3.23,1,0,0,0,0,0,0,0,0,0,0,0
SES_01382,STU_5244,3600,0,1,0,348,771,9389,1.75,1,0,0,0,0,0,0,0,0,0,0,0
SES_01383,STU_8894,3600,9,13,5,6492,11797,100747,10.42,7,4,2,0,0,0,0,0,0,0,0,1
SES_01384,STU_4325,3600,0,1,0,334,1235,12458,0.42,0,0,0,0,0,0,0,0,0,0,0,0
SES_01385,STU_9516,3600,0,0,0,0,0,13337,2.51,0,0,0,0,0,0,0,0,0,0,0,0
SES_01386,STU_1932,3600,0,1,0,163,344,10859,0.84,0,0,0,0,0,0,0,0,0,0,0,0
SES_01387,STU_6936,3600,8,10,3,1332,6410,116073,7.5,12,1,2,0,0,0,0,0,0,0,0,1
SES_01388,STU_1119,3600,0,0,0,436,1207,128366,5.63,6,0,0,0,0,0,0,0,0,0,0,1
SES_01389,STU_5696,3600,0,0,1,0,0,109739,11.63,0,0,0,1,0,0,0,0,0,0,1,1
SES_01390,STU_7759,3600,0,1,0,264,609,13924,3.01,1,0,0,0,0,0,0,0,0,0,1,0
SES_01391,STU_3647,3600,0,1,0,66,769,79382,6.02,18,0,0,0,1,0,0,0,0,0,0,1
SES_01392,STU_2948,3600,0,0,0,0,0,14456,1.94,1,0,0,0,0,0,0,0,0,0,0,0
SES_01393,STU_1877,3600,1,1,1,1658,1811,1244,2.03,0,0,0,0,0,0,0,0,0,0,0,0
SES_01394,STU_2374,3600,0,0,0,0,0,2213,1.18,1,0,0,0,0,0,0,0,0,0,0,0
SES_01395,STU_1345,3600,0,0,1,0,0,47652,19.63,0,0,0,0,0,0,0,0,0,0,1,1
SES_01396,STU_4073,3600,2,4,2,7117,11687,143835,17.72,4,3,3,0,0,0,0,0,0,0,0,1
SES_01397,STU_5314,3600,0,0,0,0,0,4829,3.3,0,0,0,0,0,0,0,0,0,0,0,0
SES_01398,STU_7304,3600,6,8,0,1595,5692,145750,22.58,7,0,2,0,15,0,0,0,1,0,0,1
SES_01399,STU_8939,3600,2,2,0,5951,8463,12247,11.06,3,9,6,1,0,0,0,0,0,0,0,1
SES_01400,STU_9722,3600,0,0,0,0,0,9817,2.65,0,0,0,0,0,0,0,0,0,0,0,0
SES_01401,STU_9462,3600,0,0,0,0,0,11334,0.81,1,0,0,0,0,0,0,0,0,0,0,0
SES_01402,STU_3065,3600,0,0,0,81,1002,17171,19.79,18,0,0,0,0,0,0,0,0,0,0,1
SES_01403,STU_4094,3600,2,2,1,17417,34380,73149,15.54,2,0,0,0,0,0,0,0,0,0,0,1
SES_01404,STU_6733,3600,0,1,0,104,231,2132,2.12,0,0,0,0,0,0,0,0,0,0,0,0
SES_01405,STU_7545,3600,1,3,1,19087,36960,92067,9.06,10,0,0,1,0,0,0,0,0,0,0,1
SES_01406,STU_1091,3600,0,1,0,45,496,8995,1.32,0,0,0,0,0,0,0,0,0,0,0,0
SES_01407,STU_1953,3600,0,1,0,389,418,13968,0.87,0,0,0,0,0,0,0,0,0,0,0,0
SES_01408,STU_1432,3600,0,0,0,0,0,9854,1.86,1,0,0,0,0,0,0,0,0,0,0,0
SES_01409,STU_2562,3600,0,0,0,0,0,7875,2.09,0,0,0,0,0,0,0,0,0,0,0,0
SES_01410,STU_4189,3600,0,1,0,118,1011,8035,3.31,0,0,0,0,0,0,0,0,0,0,0,0
SES_01411,STU_8707,3600,0,0,0,0,0,1331,3.37,0,0,0,0,0,0,0,0,0,0,0,0
SES_01412,STU_6100,3600,0,4,1,18838,27582,29766,10.99,0,0,0,0,2,0,0,0,0,0,0,1
SES_01413,STU_2322,3600,1,1,0,1000,1000,34592,22.03,1,0,0,1,0,0,1,0,0,0,0,1
SES_01414,STU_3176,3600,0,0,0,0,0,9141,2.88,0,0,0,0,0,0,1,0,0,0,0,0
SES_01415,STU_8332,3600,0,1,0,122,995,5866,3.49,0,0,0,0,0,0,1,0,0,0,0,0
SES_01416,STU_2854,3600,0,1,0,500,500,120314,23.24,1,0,0,1,0,0,0,1,0,0,0,1
SES_01417,STU_2736,3600,0,0,0,0,0,12544,1.93,0,0,0,0,0,0,0,1,0,0,0,0
SES_01418,STU_2515,3600,2,2,1,2153,4010,148314,7.37,5,9,4,0,0,0,0,0,0,0,0,1
SES_01419,STU_9412,3600,2,2,1,620,910,13283,3.25,1,0,0,0,0,0,0,0,0,0,0,0
SES_01420,STU_5726,3600,2,3,0,3147,8846,61491,17.09,4,6,5,0,6,0,0,0,0,0,0,1
SES_01421,STU_4352,3600,0,1,0,226,869,2859,1.6,1,0,0,0,0,0,0,0,0,0,0,0
SES_01422,STU_6675,3600,8,10,4,4193,15797,140956,13.06,15,1,3,0,0,0,0,0,0,0,0,1
SES_01423,STU_9424,3600,0,1,0,87,692,6704,1.33,0,0,0,0,0,0,0,0,0,0,0,0
SES_01424,STU_5216,3600,0,1,0,500,500,86967,22.08,1,0,0,0,0,0,0,1,0,0,0,1
SES_01425,STU_4450,3600,0,0,0,0,0,137481,17.68,1,0,0,0,0,1,0,0,0,0,0,1
SES_01426,STU_4065,3600,0,1,0,354,579,12867,1.32,0,0,0,0,0,1,0,0,0,0,0,0
SES_01427,STU_9363,3600,0,0,0,0,0,96423,7.35,0,0,0,0,0,0,0,0,0,1,0,1
SES_01428,STU_2473,3600,0,0,0,0,0,3932,1.9,0,0,0,0,0,0,0,0,0,1,0,0
SES_01429,STU_4626,3600,0,1,0,185,1082,7391,2.06,0,0,0,0,0,0,0,0,0,1,0,0
SES_01430,STU_2145,3600,0,0,1,0,0,45283,18.85,0,0,0,0,0,0,0,0,0,0,1,1
SES_01431,STU_6650,3600,0,1,0,312,935,7877,2.42,1,0,0,0,0,0,0,0,0,0,1,0
SES_01432,STU_4419,3600,0,0,0,0,0,19963,5.75,0,0,0,0,0,0,0,0,0,1,0,1
SES_01433,STU_3815,3600,0,0,0,0,0,6817,2.12,1,0,0,0,0,0,0,0,0,1,0,0
SES_01434,STU_9856,3600,3,5,1,18712,36498,146692,10.49,6,0,0,1,0,0,0,0,0,0,0,1
SES_01435,STU_7382,3600,0,1,0,259,648,1755,2.79,0,0,0,0,0,0,0,0,0,0,0,0
SES_01436,STU_3307,3600,2,4,1,17248,31162,122990,20.48,2,0,0,0,0,0,0,0,0,0,0,1
SES_01437,STU_4717,3600,2,2,1,1744,1954,13763,2.9,1,0,0,0,0,0,0,0,0,0,0,0
SES_01438,STU_5759,3600,0,1,0,151,282,31465,12.15,0,5,7,1,2,0,0,0,0,0,0,1
SES_01439,STU_9106,3600,2,1,1,889,1385,11536,2.12,0,0,0,0,0,0,0,0,0,0,0,0
SES_01440,STU_4204,3600,0,1,0,500,500,116963,24.09,1,0,0,0,0,0,0,1,0,0,0,1
SES_01441,STU_3037,3600,15,15,0,2805,4491,74924,7.73,1,1,0,0,0,0,0,0,0,0,0,1
SES_01442,STU_3659,3600,0,0,0,0,0,12591,1.27,1,0,0,0,0,0,0,0,0,0,0,0
SES_01443,STU_7381,3600,0,1,0,141,846,4118,1.77,0,0,0,0,0,0,0,0,0,0,0,0
SES_01444,STU_5001,3600,3,3,0,3490,6562,13163,11.42,2,5,6,1,2,0,0,0,0,0,0,1
SES_01445,STU_2178,3600,0,0,0,0,0,7743,1.68,0,0,0,0,0,0,0,0,0,0,0,0
SES_01446,STU_9141,3600,0,0,0,0,0,3268,2.79,1,0,0,0,0,0,0,0,0,0,0,0
SES_01447,STU_2597,3600,0,0,0,0,0,7918,2.91,1,0,0,0,0,0,0,0,0,0,0,0
SES_01448,STU_9497,3600,0,0,0,0,0,121928,19.5,1,0,0,0,0,1,0,0,0,0,0,1
SES_01449,STU_6404,3600,0,1,0,68,461,11419,1.41,1,0,0,0,0,1,0,0,0,0,0,0
SES_01450,STU_6536,3600,0,0,0,0,0,14377,2.15,1,0,0,0,0,1,0,0,0,0,0,0
SES_01451,STU_6833,3600,0,0,0,0,0,7285,3.05,1,0,0,0,0,1,0,0,0,0,0,0
SES_01452,STU_2595,3600,2,2,1,1149,1448,13012,2.15,1,0,0,0,0,1,0,0,0,0,0,0
SES_01453,STU_4188,3600,4,3,0,7243,10387,33676,19.0,4,1,1,0,0,0,0,0,0,0,0,1
SES_01454,STU_7407,3600,0,1,0,269,407,1606,1.1,1,0,0,0,0,0,0,0,0,0,0,0
SES_01455,STU_1070,3600,0,0,0,0,0,6933,3.27,1,0,0,0,0,0,0,0,0,0,0,0
SES_01456,STU_2213,3600,0,0,0,0,0,1851,2.03,1,0,0,0,0,0,0,0,0,0,0,0
SES_01457,STU_7421,3600,0,0,0,0,0,14986,1.12,0,0,0,0,0,0,0,0,0,0,0,0
SES_01458,STU_5676,3600,0,0,0,846,2217,48941,22.99,2,8,5,0,0,0,0,0,0,0,0,1
SES_01459,STU_1378,3600,1,3,1,1929,2167,3965,0.67,1,0,0,0,0,0,0,0,0,0,0,0
SES_01460,STU_9054,3600,0,0,0,0,0,3360,1.43,0,0,0,0,0,0,0,0,0,0,0,0
SES_01461,STU_2581,3600,0,0,0,0,0,86599,12.23,1,0,0,0,0,1,0,0,0,0,0,1
SES_01462,STU_7467,3600,1,1,2,24486,31784,144480,17.03,4,0,0,0,0,0,0,0,0,0,0,1
SES_01463,STU_9305,3600,11,14,5,4148,14185,66153,13.93,7,4,4,0,0,0,0,0,0,0,0,1
SES_01464,STU_3315,3600,0,0,0,0,0,11800,2.99,1,0,0,0,0,0,0,0,0,0,0,0
SES_01465,STU_1317,3600,1,1,0,1000,1000,107936,17.08,1,0,0,0,0,0,1,0,0,0,0,1
SES_01466,STU_4339,3600,0,1,0,467,499,1434,1.08,1,0,0,0,0,0,1,0,0,0,0,0
SES_01467,STU_1420,3600,0,1,0,128,460,8467,0.41,0,0,0,0,0,0,1,0,0,0,0,0
SES_01468,STU_9726,3600,1,2,0,5968,12732,121122,19.41,4,3,5,1,2,0,0,0,0,0,0,1
SES_01469,STU_2966,3600,1,2,0,26294,34889,137071,23.93,0,0,0,0,0,0,0,0,0,0,0,1
SES_01470,STU_6287,3600,1,1,1,4042,7045,31443,20.85,1,2,3,0,7,0,0,0,0,0,0,1
SES_01471,STU_3211,3600,0,1,0,302,765,14455,2.42,1,0,0,0,0,0,0,0,0,0,0,0
SES_01472,STU_4635,3600,0,4,1,17158,22875,119757,14.78,0,0,0,0,0,0,0,0,0,0,0,1
SES_01473,STU_3220,3600,2,0,0,778,2510,69205,7.45,1,0,0,0,5,0,0,0,1,0,0,1
SES_01474,STU_3812,3600,0,1,0,81,489,5259,1.53,0,0,0,0,0,0,0,0,1,0,0,0
SES_01475,STU_8634,3600,0,1,0,500,500,92709,6.03,1,0,0,0,0,0,0,1,0,0,0,1
SES_01476,STU_7452,3600,0,1,0,203,381,9268,1.52,1,0,0,0,0,0,0,1,0,0,0,0
SES_01477,STU_4745,3600,1,2,1,1819,2726,2872,2.25,1,0,0,0,0,0,0,1,0,0,0,0
SES_01478,STU_4204,3600,0,1,0,289,1193,13822,0.6,1,0,0,0,0,0,0,1,0,0,0,0
SES_01479,STU_2415,3600,0,1,0,500,500,100044,8.63,1,0,0,1,0,0,0,1,0,0,0,1
SES_01480,STU_4186,3600,0,0,0,0,0,6952,1.0,0,0,0,0,0,0,0,1,0,0,0,0
SES_01481,STU_1018,3600,0,1,0,36,215,12680,1.94,1,0,0,0,0,0,0,1,0,0,0,0
SES_01482,STU_1530,3600,0,1,0,130,901,1580,2.42,1,0,0,0,0,0,0,1,0,0,0,0
SES_01483,STU_2440,3600,1,3,1,501,1247,13393,3.36,0,0,0,0,0,0,0,1,0,0,0,0
SES_01484,STU_4080,3600,0,1,0,243,840,12274,0.54,0,0,0,0,0,0,0,1,0,0,0,0
SES_01485,STU_4183,3600,0,1,0,53,905,13535,1.92,1,0,0,0,0,0,0,1,0,0,0,0
SES_01486,STU_5708,3600,0,1,0,344,411,1222,2.66,1,0,0,0,0,0,0,1,0,0,0,0
SES_01487,STU_2323,3600,15,17,3,10246,24418,101244,12.1,16,4,2,0,0,0,0,0,0,0,0,1
SES_01488,STU_3784,3600,0,0,0,0,0,14775,3.07,1,0,0,0,0,0,0,0,0,0,0,0
SES_01489,STU_9247,3600,0,1,0,359,978,5861,2.94,1,0,0,0,0,0,0,0,0,0,0,0
SES_01490,STU_8101,3600,1,2,1,34926,40525,100631,15.07,1,0,0,0,0,0,0,0,0,0,0,1
SES_01491,STU_1584,3600,15,18,5,6925,16351,33875,7.75,15,5,4,1,2,0,0,0,0,0,0,1
SES_01492,STU_4885,3600,2,2,2,5490,12920,140190,5.54,2,1,1,0,0,0,0,0,0,0,0,1
SES_01493,STU_2756,3600,0,1,0,500,500,48483,22.7,1,0,0,0,0,0,0,1,0,0,0,1
SES_01494,STU_5570,3600,0,0,0,0,0,1894,0.91,0,0,0,0,0,0,0,1,0,0,0,0
SES_01495,STU_9155,3600,2,2,1,996,1267,13435,3.4,1,0,0,0,0,0,0,1,0,0,0,0
SES_01496,STU_4469,3600,0,1,0,78,1016,1511,3.33,1,0,0,0,0,0,0,1,0,0,0,0
SES_01497,STU_5022,3600,0,0,0,0,0,1269,3.07,0,0,0,0,0,0,0,1,0,0,0,0
SES_01498,STU_8464,3600,0,0,0,0,0,2601,2.76,1,0,0,0,0,0,0,1,0,0,0,0
SES_01499,STU_4665,3600,0,0,0,0,0,2046,2.63,0,0,0,0,0,0,0,1,0,0,0,0
SES_01500,STU_2447,3600,2,1,0,5571,8599,77905,23.84,1,5,6,0,3,0,0,0,0,0,0,1
SES_01501,STU_7847,3600,0,1,0,208,899,8626,2.57,0,0,0,0,0,0,0,0,0,0,0,0
SES_01502,STU_6451,3600,0,1,0,482,976,1688,3.34,1,0,0,0,0,0,0,0,0,0,0,0
SES_01503,STU_7211,3600,0,0,0,0,0,1246,1.07,0,0,0,0,0,0,0,0,0,0,0,0
SES_01504,STU_3158,3600,0,0,0,0,0,9631,3.43,0,0,0,0,0,0,0,0,0,0,0,0
SES_01505,STU_1074,3600,0,0,0,0,0,12544,1.49,0,0,0,0,0,0,0,0,0,0,0,0
SES_01506,STU_5504,3600,1,1,0,1000,1000,126697,17.69,1,0,0,1,0,0,1,0,0,0,0,1
SES_01507,STU_3618,3600,5,8,2,4994,7842,26906,21.53,4,2,1,1,13,0,0,0,1,0,0,1
SES_01508,STU_9680,3600,0,1,0,350,1021,10131,2.82,0,0,0,0,0,0,0,0,1,0,0,0
SES_01509,STU_7804,3600,2,3,1,825,1694,8397,1.78,0,0,0,0,0,0,0,0,1,0,0,0
SES_01510,STU_7520,3600,1,2,1,1117,1772,4887,1.19,1,0,0,0,0,0,0,0,1,0,0,0
SES_01511,STU_8091,3600,0,2,0,26960,32024,148542,6.14,1,0,0,0,0,0,0,0,0,0,0,1
SES_01512,STU_9572,3600,5,6,2,1592,3027,11174,24.33,9,2,0,0,13,0,0,0,1,0,0,1
SES_01513,STU_4975,3600,2,1,1,1746,2699,10991,3.48,0,0,0,0,0,0,0,0,1,0,0,0
SES_01514,STU_3528,3600,0,2,1,24497,35610,34006,9.42,2,0,0,0,0,0,0,0,0,0,0,1
SES_01515,STU_3211,3600,0,0,0,0,0,11507,2.38,1,0,0,0,0,0,0,0,0,0,0,0
SES_01516,STU_4055,3600,0,1,0,809,2008,126347,12.1,2,3,10,0,0,0,0,0,0,0,0,1
SES_01517,STU_9994,3600,0,1,0,128,945,2325,0.83,0,0,0,0,0,0,0,0,0,0,0,0
SES_01518,STU_9474,3600,2,1,1,678,1628,4294,1.49,1,0,0,0,0,0,0,0,0,0,0,0
SES_01519,STU_7525,3600,8,9,0,3746,7048,116585,7.99,9,2,0,1,5,0,0,0,1,0,0,1
SES_01520,STU_7306,3600,2,2,1,3777,6020,103597,19.7,1,3,5,1,4,0,0,0,0,0,0,1
SES_01521,STU_6217,3600,0,1,0,444,1298,4350,2.3,0,0,0,0,0,0,0,0,0,0,0,0
SES_01522,STU_4234,3600,0,0,0,0,0,11590,0.66,1,0,0,0,0,0,0,0,0,0,0,0
SES_01523,STU_7101,3600,2,2,1,3504,8201,10339,19.56,3,4,3,0,0,0,0,0,0,0,0,1
SES_01524,STU_7935,3600,0,0,0,0,0,11132,0.83,0,0,0,0,0,0,0,0,0,0,0,0
SES_01525,STU_3557,3600,1,3,1,797,1116,13288,1.68,0,0,0,0,0,0,0,0,0,0,0,0
SES_01526,STU_4429,3600,0,0,0,0,0,3011,2.19,1,0,0,0,0,0,0,0,0,0,0,0
SES_01527,STU_9980,3600,2,3,1,4858,8898,124386,9.43,4,3,2,0,3,0,0,0,0,0,0,1
SES_01528,STU_8557,3600,0,0,0,0,0,7901,3.19,1,0,0,0,0,0,0,0,0,0,0,0
SES_01529,STU_5465,3600,0,0,0,208,975,126770,18.68,6,0,0,0,0,0,0,0,0,0,0,1
SES_01530,STU_7068,3600,2,2,1,983,1608,5422,3.19,0,0,0,0,0,0,0,0,0,0,0,0
SES_01531,STU_9937,3600,7,10,1,2838,3925,65028,22.31,8,1,1,1,6,0,0,0,1,0,0,1
SES_01532,STU_8181,3600,0,1,0,55,518,13328,1.59,1,0,0,0,0,0,0,0,1,0,0,0
SES_01533,STU_2510,3600,0,0,0,0,0,6350,2.66,0,0,0,0,0,0,0,0,1,0,0,0
SES_01534,STU_4520,3600,0,0,0,0,0,11925,3.17,0,0,0,0,0,0,0,0,1,0,0,0
SES_01535,STU_2342,3600,0,0,0,0,0,8534,1.31,1,0,0,0,0,0,0,0,1,0,0,0
SES_01536,STU_3815,3600,0,1,0,176,385,6610,1.15,1,0,0,0,0,0,0,0,1,0,0,0
SES_01537,STU_5861,3600,0,0,1,0,0,53305,22.36,0,0,0,0,0,0,0,0,0,0,1,1
SES_01538,STU_2489,3600,0,0,0,0,0,4410,2.66,0,0,0,0,0,0,0,0,0,0,1,0
SES_01539,STU_7716,3600,0,0,0,0,0,2547,0.91,1,0,0,0,0,0,0,0,0,0,1,0
SES_01540,STU_5787,3600,1,3,1,997,1781,11458,2.55,1,0,0,0,0,0,0,0,0,0,1,0
SES_01541,STU_1840,3600,8,8,2,1523,2644,61434,13.0,13,0,1,1,0,0,0,0,0,0,0,1
SES_01542,STU_4698,3600,0,0,0,857,1697,31557,10.29,2,8,10,0,0,0,0,0,0,0,0,1
SES_01543,STU_6380,3600,0,0,0,0,0,4023,1.45,0,0,0,0,0,0,0,0,0,0,0,0
SES_01544,STU_3419,3600,0,0,0,0,0,10009,0.96,1,0,0,0,0,0,0,0,0,0,0,0
SES_01545,STU_3730,3600,0,0,0,0,0,6556,1.37,0,0,0,0,0,0,0,0,0,0,0,0
SES_01546,STU_3801,3600,0,0,0,0,0,7822,0.93,0,0,0,0,0,0,0,0,0,0,0,0
SES_01547,STU_3762,3600,0,0,1,0,0,136979,22.92,0,0,0,0,2,0,0,0,0,0,1,1
SES_01548,STU_8259,3600,0,0,0,0,0,5831,2.45,1,0,0,0,0,0,0,0,0,0,1,0
SES_01549,STU_7032,3600,1,1,0,1000,1000,95067,10.05,1,0,0,0,0,0,1,0,0,0,0,1
SES_01550,STU_3757,3600,0,1,0,475,497,136794,23.58,9,0,0,0,0,0,0,0,0,0,0,1
SES_01551,STU_9759,3600,0,1,0,376,1774,30733,23.21,2,7,7,0,0,0,0,0,0,0,0,1
SES_01552,STU_2109,3600,1,1,1,503,1370,11047,0.74,0,0,0,0,0,0,0,0,0,0,0,0
SES_01553,STU_2547,3600,0,0,0,156,601,47269,6.17,19,0,0,1,0,0,0,0,0,0,0,1
SES_01554,STU_3005,3600,0,1,0,237,858,7710,2.66,1,0,0,0,0,0,0,0,0,0,0,0
SES_01555,STU_9418,3600,9,12,5,6920,17192,18433,17.45,18,1,3,0,0,0,0,0,0,0,0,1
SES_01556,STU_1013,3600,0,0,0,0,0,3946,1.21,1,0,0,0,0,0,0,0,0,0,0,0
SES_01557,STU_6556,3600,0,1,0,144,345,4452,0.66,1,0,0,0,0,0,0,0,0,0,0,0
SES_01558,STU_1003,3600,0,0,0,0,0,7299,3.03,0,0,0,0,0,0,0,0,0,0,0,0
SES_01559,STU_6541,3600,0,0,0,0,0,1934,1.06,1,0,0,0,0,0,0,0,0,0,0,0
SES_01560,STU_2596,3600,6,7,0,1539,3412,105815,12.91,1,1,0,0,1,0,0,0,0,0,0,1
SES_01561,STU_8375,3600,0,1,0,476,1337,6019,0.67,0,0,0,0,0,0,0,0,0,0,0,0
SES_01562,STU_4237,3600,4,2,2,6757,14731,53743,21.16,4,3,2,1,2,0,0,0,0,0,0,1
SES_01563,STU_6737,3600,0,0,0,0,0,14294,0.86,0,0,0,0,0,0,0,0,0,0,0,0
SES_01564,STU_3059,3600,0,1,0,193,410,1103,1.13,1,0,0,0,0,0,0,0,0,0,0,0
SES_01565,STU_1594,3600,0,0,0,0,0,12966,2.97,0,0,0,0,0,0,0,0,0,0,0,0
SES_01566,STU_2926,3600,0,1,0,105,779,8268,2.91,0,0,0,0,0,0,0,0,0,0,0,0
SES_01567,STU_3651,3600,1,1,0,1000,1000,136613,12.84,1,0,0,0,0,0,1,0,0,0,0,1
SES_01568,STU_3268,3600,1,3,0,5812,13396,118592,8.61,3,3,1,1,0,0,0,0,0,0,0,1
SES_01569,STU_2292,3600,1,1,1,778,1431,13926,0.82,1,0,0,0,0,0,0,0,0,0,0,0
SES_01570,STU_1620,3600,0,0,0,0,0,102992,10.44,1,0,0,0,0,1,0,0,0,0,0,1
SES_01571,STU_9307,3600,0,1,0,447,1326,7330,3.35,0,0,0,0,0,1,0,0,0,0,0,0
SES_01572,STU_2738,3600,1,2,1,9398,17326,125928,18.42,5,3,2,0,6,0,0,0,0,0,0,1
SES_01573,STU_5883,3600,0,1,0,434,582,8300,1.13,0,0,0,0,0,0,0,0,0,0,0,0
SES_01574,STU_6112,3600,0,1,0,236,905,14049,2.85,1,0,0,0,0,0,0,0,0,0,0,0
SES_01575,STU_8045,3600,0,5,1,21472,27017,33242,16.93,0,0,0,0,0,0,0,0,0,0,0,1
SES_01576,STU_2792,3600,0,1,0,296,1030,13202,2.28,1,0,0,0,0,0,0,0,0,0,0,0
SES_01577,STU_1099,3600,2,2,1,972,1564,14924,3.41,1,0,0,0,0,0,0,0,0,0,0,0
SES_01578,STU_3296,3600,2,3,1,1166,1776,9362,2.76,0,0,0,0,0,0,0,0,0,0,0,0
SES_01579,STU_7185,3600,0,1,0,69,754,1790,2.49,1,0,0,0,0,0,0,0,0,0,0,0
SES_01580,STU_9724,3600,2,3,1,4306,11993,78337,8.88,2,2,5,0,7,0,0,0,0,0,0,1
SES_01581,STU_2117,3600,0,1,0,130,384,4508,1.47,0,0,0,0,0,0,0,0,0,0,0,0
SES_01582,STU_5274,3600,2,1,1,6692,9656,139447,21.62,2,3,4,0,7,0,0,0,0,0,0,1
SES_01583,STU_5228,3600,0,1,0,500,500,123886,13.53,1,0,0,1,0,0,0,1,0,0,0,1
SES_01584,STU_3121,3600,0,1,0,197,918,6005,1.69,0,0,0,0,0,0,0,1,0,0,0,0
SES_01585,STU_4394,3600,0,0,0,0,0,8930,2.54,1,0,0,0,0,0,0,1,0,0,0,0
SES_01586,STU_9358,3600,1,1,0,1000,1000,96587,21.36,1,0,0,0,0,0,1,0,0,0,0,1
SES_01587,STU_8515,3600,0,1,0,15,272,10563,2.26,0,0,0,0,0,0,1,0,0,0,0,0
SES_01588,STU_8552,3600,0,0,0,0,0,6286,2.88,1,0,0,0,0,0,1,0,0,0,0,0
SES_01589,STU_2010,3600,1,3,1,1004,1960,1388,3.48,0,0,0,0,0,0,1,0,0,0,0,0
SES_01590,STU_9799,3600,0,0,0,0,0,9494,1.78,1,0,0,0,0,0,1,0,0,0,0,0
SES_01591,STU_5713,3600,1,4,2,6628,10359,121255,18.03,6,2,3,0,0,0,0,0,0,0,0,1
SES_01592,STU_9458,3600,0,1,0,209,495,10362,2.03,0,0,0,0,0,0,0,0,0,0,0,0
SES_01593,STU_3964,3600,0,0,0,0,0,17269,19.27,1,0,0,0,2,1,0,0,0,0,0,1
SES_01594,STU_4962,3600,0,0,0,0,0,5879,1.39,1,0,0,0,0,1,0,0,0,0,0,0
SES_01595,STU_2011,3600,0,1,0,286,820,13881,0.62,0,0,0,0,0,1,0,0,0,0,0,0
SES_01596,STU_8460,3600,0,0,0,0,0,13448,3.44,0,0,0,0,0,1,0,0,0,0,0,0
SES_01597,STU_6887,3600,0,1,0,117,822,13501,2.87,0,0,0,0,0,1,0,0,0,0,0,0
SES_01598,STU_4652,3600,0,0,0,0,0,1915,0.4,1,0,0,0,0,1,0,0,0,0,0,0
SES_01599,STU_7447,3600,0,1,0,347,591,14104,1.67,0,0,0,0,0,1,0,0,0,0,0,0
SES_01600,STU_4790,3600,0,0,0,0,0,2201,2.17,0,0,0,0,0,1,0,0,0,0,0,0
SES_01601,STU_7552,3600,13,13,0,1572,2930,143435,23.75,2,0,0,1,0,0,0,0,0,0,0,1
SES_01602,STU_6794,3600,0,1,0,343,561,3361,0.93,1,0,0,0,0,0,0,0,0,0,0,0
SES_01603,STU_3999,3600,2,3,1,1683,2047,10149,2.51,0,0,0,0,0,0,0,0,0,0,0,0
SES_01604,STU_5049,3600,0,1,0,160,594,11435,2.74,0,0,0,0,0,0,0,0,0,0,0,0
SES_01605,STU_6481,3600,0,1,0,407,1202,9414,1.45,0,0,0,0,0,0,0,0,0,0,0,0
SES_01606,STU_7789,3600,0,5,1,32731,41775,145387,21.24,0,0,0,1,0,0,0,0,0,0,0,1
SES_01607,STU_1473,3600,0,0,0,0,0,2132,3.26,0,0,0,0,0,0,0,0,0,0,0,0
SES_01608,STU_1753,3600,0,1,0,362,2001,23253,5.15,2,9,10,1,0,0,0,0,0,0,0,1
SES_01609,STU_6083,3600,0,0,0,0,0,57490,22.13,1,0,0,0,0,1,0,0,0,0,0,1
SES_01610,STU_1819,3600,0,0,0,0,0,11557,1.46,0,0,0,0,0,1,0,0,0,0,0,0
SES_01611,STU_5457,3600,0,0,0,0,0,13553,1.81,1,0,0,0,0,1,0,0,0,0,0,0
SES_01612,STU_4507,3600,0,0,0,0,0,133373,13.62,0,0,0,0,2,0,0,0,0,1,0,1
SES_01613,STU_3387,3600,0,0,0,0,0,7281,0.89,0,0,0,0,0,0,0,0,0,1,0,0
SES_01614,STU_5513,3600,0,0,0,0,0,111182,11.77,0,0,0,0,0,0,0,0,0,1,0,1
SES_01615,STU_5890,3600,0,1,0,482,1077,14700,1.45,1,0,0,0,0,0,0,0,0,1,0,0
SES_01616,STU_3907,3600,0,0,0,0,0,10118,1.54,1,0,0,0,0,0,0,0,0,1,0,0
SES_01617,STU_3087,3600,0,0,0,0,0,4409,1.68,0,0,0,0,0,0,0,0,0,1,0,0
SES_01618,STU_4402,3600,2,0,0,15,895,125850,22.32,0,0,0,0,12,0,0,0,1,0,0,1
SES_01619,STU_6973,3600,0,0,0,0,0,5752,3.16,1,0,0,0,0,0,0,0,1,0,0,0
SES_01620,STU_3206,3600,0,0,0,0,0,1792,2.13,1,0,0,0,0,0,0,0,1,0,0,0
SES_01621,STU_1342,3600,0,1,0,261,1062,6324,1.28,0,0,0,0,0,0,0,0,1,0,0,0
SES_01622,STU_8654,3600,0,1,0,164,364,9381,2.93,0,0,0,0,0,0,0,0,1,0,0,0
SES_01623,STU_9584,3600,2,2,1,5838,8683,46424,14.55,4,3,4,0,7,0,0,0,0,0,0,1
SES_01624,STU_3240,3600,0,0,0,0,0,11822,2.68,1,0,0,0,0,0,0,0,0,0,0,0
SES_01625,STU_2007,3600,0,1,0,249,544,7005,0.33,0,0,0,0,0,0,0,0,0,0,0,0
SES_01626,STU_3203,3600,1,1,1,1532,1948,8272,0.42,1,0,0,0,0,0,0,0,0,0,0,0
SES_01627,STU_7931,3600,2,0,0,952,2789,33442,11.88,1,0,0,0,7,0,0,0,1,0,0,1
SES_01628,STU_4397,3600,0,1,0,309,341,8926,1.74,1,0,0,0,0,0,0,0,1,0,0,0
SES_01629,STU_9053,3600,0,0,0,460,971,73757,22.29,16,0,0,0,0,0,0,0,0,0,0,1
SES_01630,STU_3057,3600,5,7,2,4764,9423,48791,19.97,4,0,2,0,6,0,0,0,1,0,0,1
SES_01631,STU_8549,3600,8,8,0,1245,2733,101401,22.67,3,1,1,0,0,0,0,0,0,0,0,1
SES_01632,STU_7389,3600,0,1,0,467,780,14912,3.16,0,0,0,0,0,0,0,0,0,0,0,0
SES_01633,STU_7188,3600,0,0,0,0,0,3523,2.85,0,0,0,0,0,0,0,0,0,0,0,0
SES_01634,STU_7072,3600,0,1,0,113,914,8807,0.43,0,0,0,0,0,0,0,0,0,0,0,0
SES_01635,STU_6688,3600,0,0,0,0,0,5999,1.87,1,0,0,0,0,0,0,0,0,0,0,0
SES_01636,STU_3379,3600,0,1,0,256,831,11400,0.45,0,0,0,0,0,0,0,0,0,0,0,0
SES_01637,STU_8360,3600,0,0,0,0,0,2566,2.2,1,0,0,0,0,0,0,0,0,0,0,0
SES_01638,STU_4050,3600,1,3,1,1768,2009,10614,2.58,1,0,0,0,0,0,0,0,0,0,0,0
SES_01639,STU_5849,3600,0,0,0,0,0,6458,0.51,1,0,0,0,0,0,0,0,0,0,0,0
SES_01640,STU_6620,3600,0,0,0,0,0,1689,2.93,0,0,0,0,0,0,0,0,0,0,0,0
SES_01641,STU_2078,3600,4,4,1,6405,11285,111823,18.25,4,5,9,1,0,0,0,0,0,0,0,1
SES_01642,STU_2668,3600,0,1,0,276,335,10704,2.19,1,0,0,0,0,0,0,0,0,0,0,0
SES_01643,STU_4460,3600,0,1,0,476,1167,13238,1.95,1,0,0,0,0,0,0,0,0,0,0,0
SES_01644,STU_6270,3600,1,1,0,1000,1000,11728,24.5,1,0,0,0,0,0,1,0,0,0,0,1
SES_01645,STU_6149,3600,22,23,4,2230,4834,76311,21.63,14,1,1,1,0,0,0,0,0,0,0,1
SES_01646,STU_1339,3600,0,0,0,0,0,9705,3.08,0,0,0,0,0,0,0,0,0,0,0,0
SES_01647,STU_3281,3600,5,6,3,12372,17861,80962,22.38,6,0,0,0,1,0,0,0,0,0,0,1
SES_01648,STU_8589,3600,0,0,0,0,0,4650,0.93,1,0,0,0,0,0,0,0,0,0,0,0
SES_01649,STU_4450,3600,1,5,1,21609,31045,96056,15.33,1,0,0,0,0,0,0,0,0,0,0,1
SES_01650,STU_7164,3600,16,21,1,3378,8394,84339,15.33,9,2,0,0,0,0,0,0,0,0,0,1
SES_01651,STU_2144,3600,0,0,0,0,0,6380,0.32,0,0,0,0,0,0,0,0,0,0,0,0
SES_01652,STU_5866,3600,0,1,0,115,600,8774,3.36,0,0,0,0,0,0,0,0,0,0,0,0
SES_01653,STU_4072,3600,1,3,1,1212,1835,2997,2.53,0,0,0,0,0,0,0,0,0,0,0,0
SES_01654,STU_4800,3600,0,0,0,0,0,14481,0.79,1,0,0,0,0,0,0,0,0,0,0,0
SES_01655,STU_9915,3600,0,0,0,0,0,11662,3.01,1,0,0,0,0,0,0,0,0,0,0,0
SES_01656,STU_7284,3600,0,0,0,0,0,6499,1.86,1,0,0,0,0,0,0,0,0,0,0,0
SES_01657,STU_8482,3600,20,25,1,2945,7200,144929,22.27,6,2,1,0,0,0,0,0,0,0,0,1
SES_01658,STU_9549,3600,0,0,1,0,0,117154,10.02,0,0,0,0,0,0,0,0,0,0,1,1
SES_01659,STU_4233,3600,2,3,1,1963,2065,14094,3.4,1,0,0,0,0,0,0,0,0,0,1,0
SES_01660,STU_1741,3600,0,0,0,0,0,8888,1.79,1,0,0,0,0,0,0,0,0,0,1,0
SES_01661,STU_1926,3600,0,0,0,0,0,2725,2.59,1,0,0,0,0,0,0,0,0,0,1,0
SES_01662,STU_3935,3600,0,0,0,819,1427,134710,15.76,0,0,0,0,3,0,0,0,1,0,0,1
SES_01663,STU_1800,3600,3,3,2,10965,14572,108123,17.97,2,1,3,0,1,0,0,0,0,0,0,1
SES_01664,STU_1933,3600,0,1,0,271,481,13340,2.16,0,0,0,0,0,0,0,0,0,0,0,0
SES_01665,STU_2747,3600,0,1,0,178,356,11228,1.03,1,0,0,0,0,0,0,0,0,0,0,0
SES_01666,STU_8354,3600,2,1,1,1688,2485,9996,1.95,1,0,0,0,0,0,0,0,0,0,0,0
SES_01667,STU_1571,3600,2,4,3,14504,27964,112987,21.28,7,0,0,0,0,0,0,0,0,0,0,1
SES_01668,STU_8034,3600,2,1,0,5514,13398,19572,16.84,4,6,4,1,8,0,0,0,0,0,0,1
SES_01669,STU_1981,3600,0,0,0,0,0,10400,1.15,1,0,0,0,0,0,0,0,0,0,0,0
SES_01670,STU_8187,3600,0,0,0,0,0,2115,1.05,0,0,0,0,0,0,0,0,0,0,0,0
SES_01671,STU_7129,3600,0,1,0,69,811,43815,16.5,2,6,10,0,0,0,0,0,0,0,0,1
SES_01672,STU_1222,3600,0,0,0,0,0,12485,1.85,0,0,0,0,0,0,0,0,0,0,0,0
SES_01673,STU_9456,3600,0,0,1,0,0,85854,21.85,0,0,0,0,0,0,0,0,0,0,1,1
SES_01674,STU_2812,3600,0,1,0,13,581,4942,2.91,0,0,0,0,0,0,0,0,0,0,1,0
SES_01675,STU_6995,3600,0,0,0,0,0,10653,3.06,1,0,0,0,0,0,0,0,0,0,1,0
SES_01676,STU_7084,3600,0,1,0,113,1083,3829,2.18,1,0,0,0,0,0,0,0,0,0,1,0
SES_01677,STU_1285,3600,0,1,0,55,785,11656,1.13,1,0,0,0,0,0,0,0,0,0,1,0
SES_01678,STU_1473,3600,0,1,0,399,611,14090,0.63,0,0,0,0,0,0,0,0,0,0,1,0
SES_01679,STU_2124,3600,0,1,0,137,864,12582,0.42,1,0,0,0,0,0,0,0,0,0,1,0
SES_01680,STU_7960,3600,0,0,0,0,0,2708,1.44,0,0,0,0,0,0,0,0,0,0,1,0
SES_01681,STU_4991,3600,0,1,0,95,511,7848,1.25,0,0,0,0,0,0,0,0,0,0,1,0
SES_01682,STU_4821,3600,0,0,0,0,0,127093,8.84,1,0,0,1,0,1,0,0,0,0,0,1
SES_01683,STU_8851,3600,0,1,0,465,854,13355,2.98,0,0,0,0,0,1,0,0,0,0,0,0
SES_01684,STU_8746,3600,0,0,0,0,0,11371,1.39,1,0,0,0,0,1,0,0,0,0,0,0
SES_01685,STU_8940,3600,4,5,1,2171,3214,35024,24.07,4,2,1,1,10,0,0,0,1,0,0,1
SES_01686,STU_3819,3600,0,1,0,423,1258,8385,3.33,1,0,0,0,0,0,0,0,1,0,0,0
SES_01687,STU_4516,3600,8,9,2,1164,3174,146187,8.59,8,1,1,0,0,0,0,0,0,0,0,1
SES_01688,STU_4745,3600,0,0,0,0,0,8171,2.27,1,0,0,0,0,0,0,0,0,0,0,0
SES_01689,STU_8404,3600,0,1,0,323,876,4053,3.1,1,0,0,0,0,0,0,0,0,0,0,0
SES_01690,STU_5484,3600,0,1,0,116,686,61383,6.01,2,9,3,0,0,0,0,0,0,0,0,1
SES_01691,STU_8163,3600,0,1,0,172,1034,9611,1.4,1,0,0,0,0,0,0,0,0,0,0,0
SES_01692,STU_4827,3600,0,0,0,0,0,8847,0.31,1,0,0,0,0,0,0,0,0,0,0,0
SES_01693,STU_5730,3600,0,1,0,191,572,1284,0.7,0,0,0,0,0,0,0,0,0,0,0,0
SES_01694,STU_7462,3600,0,1,0,91,678,1057,0.67,0,0,0,0,0,0,0,0,0,0,0,0
SES_01695,STU_4915,3600,0,0,0,0,0,13617,1.59,1,0,0,0,0,0,0,0,0,0,0,0
SES_01696,STU_3404,3600,0,0,1,0,0,79107,24.21,0,0,0,0,0,0,0,0,0,0,1,1
SES_01697,STU_1149,3600,0,1,0,354,511,11059,0.79,0,0,0,0,0,0,0,0,0,0,1,0
SES_01698,STU_2424,3600,13,14,4,3801,6767,98450,17.69,4,1,2,0,0,0,0,0,0,0,0,1
SES_01699,STU_9437,3600,0,1,0,91,1090,4176,3.12,1,0,0,0,0,0,0,0,0,0,0,0
SES_01700,STU_9860,3600,0,0,0,0,0,14447,3.3,1,0,0,0,0,0,0,0,0,0,0,0
SES_01701,STU_1639,3600,0,1,0,500,500,38230,14.6,1,0,0,1,0,0,0,1,0,0,0,1
SES_01702,STU_4278,3600,0,0,0,0,0,18183,12.78,1,0,0,0,0,1,0,0,0,0,0,1
SES_01703,STU_5337,3600,3,3,0,6882,9111,121912,6.25,4,3,3,0,2,0,0,0,0,0,0,1
SES_01704,STU_2192,3600,0,1,0,6,987,14366,1.3,0,0,0,0,0,0,0,0,0,0,0,0
SES_01705,STU_4081,3600,0,0,0,154,485,19262,6.49,19,0,0,0,0,0,0,0,0,0,0,1
SES_01706,STU_2051,3600,0,1,0,507,2389,133454,10.8,0,10,3,0,2,0,0,0,0,0,0,1
SES_01707,STU_2817,3600,0,0,1,0,0,28031,15.61,0,0,0,1,2,0,0,0,0,0,1,1
SES_01708,STU_1098,3600,1,2,3,10142,15792,124832,16.32,9,0,0,0,0,0,0,0,0,0,0,1
SES_01709,STU_6481,3600,0,0,0,0,0,1435,1.63,1,0,0,0,0,0,0,0,0,0,0,0
SES_01710,STU_3752,3600,0,1,0,91,314,11394,0.38,1,0,0,0,0,0,0,0,0,0,0,0
SES_01711,STU_6622,3600,2,2,1,1956,2306,3247,2.91,0,0,0,0,0,0,0,0,0,0,0,0
SES_01712,STU_9782,3600,0,0,0,0,0,97867,10.08,0,0,0,0,1,0,0,0,0,1,0,1
SES_01713,STU_9448,3600,1,1,0,1000,1000,92404,10.79,1,0,0,0,0,0,1,0,0,0,0,1
SES_01714,STU_4662,3600,1,1,1,1408,1892,2403,2.64,1,0,0,0,0,0,1,0,0,0,0,0
SES_01715,STU_8949,3600,10,15,2,1790,3950,48874,8.58,10,1,1,0,1,0,0,0,0,0,0,1
SES_01716,STU_4712,3600,1,1,1,1667,2512,3553,1.18,0,0,0,0,0,0,0,0,0,0,0,0
SES_01717,STU_2394,3600,21,23,3,3047,4836,42300,24.67,10,0,2,0,1,0,0,0,0,0,0,1
SES_01718,STU_1148,3600,0,0,0,0,0,3757,2.07,1,0,0,0,0,0,0,0,0,0,0,0
SES_01719,STU_9330,3600,0,1,0,309,1287,11157,3.34,1,0,0,0,0,0,0,0,0,0,0,0
SES_01720,STU_4733,3600,9,13,1,2912,7530,25631,20.32,14,1,1,1,0,0,0,0,0,0,0,1
SES_01721,STU_7434,3600,2,1,1,648,1526,10588,3.2,0,0,0,0,0,0,0,0,0,0,0,0
SES_01722,STU_2898,3600,0,1,0,364,1346,6789,3.18,1,0,0,0,0,0,0,0,0,0,0,0
SES_01723,STU_4155,3600,0,1,0,500,500,62714,15.96,1,0,0,0,0,0,0,1,0,0,0,1
SES_01724,STU_4895,3600,0,0,0,0,0,7684,2.66,1,0,0,0,0,0,0,1,0,0,0,0
SES_01725,STU_8107,3600,1,3,1,1791,2050,12178,0.57,0,0,0,0,0,0,0,1,0,0,0,0
SES_01726,STU_2358,3600,1,2,1,1768,2701,9273,1.42,0,0,0,0,0,0,0,1,0,0,0,0
SES_01727,STU_3184,3600,0,0,0,0,0,11318,2.23,1,0,0,0,0,0,0,1,0,0,0,0
SES_01728,STU_3897,3600,0,0,0,0,0,8616,1.04,0,0,0,0,0,0,0,1,0,0,0,0
SES_01729,STU_4671,3600,13,14,0,2778,4229,56162,16.74,2,1,0,0,0,0,0,0,0,0,0,1
SES_01730,STU_3018,3600,21,25,2,4274,7247,83564,20.36,9,0,0,0,0,0,0,0,0,0,0,1
SES_01731,STU_2275,3600,0,1,0,490,990,7464,0.97,0,0,0,0,0,0,0,0,0,0,0,0
SES_01732,STU_3864,3600,0,1,0,457,1041,6370,1.94,0,0,0,0,0,0,0,0,0,0,0,0
SES_01733,STU_2185,3600,0,1,0,470,886,8734,3.45,1,0,0,0,0,0,0,0,0,0,0,0
SES_01734,STU_8646,3600,0,0,0,0,0,10450,0.32,0,0,0,0,0,0,0,0,0,0,0,0
SES_01735,STU_8879,3600,5,8,3,2302,5458,30933,9.34,4,0,2,0,0,0,0,0,0,0,0,1
SES_01736,STU_9101,3600,2,4,2,13956,19258,94693,5.11,3,0,0,0,0,0,0,0,0,0,0,1
SES_01737,STU_7288,3600,0,1,0,410,670,6127,1.99,0,0,0,0,0,0,0,0,0,0,0,0
SES_01738,STU_6449,3600,10,16,3,7850,19215,30497,16.94,19,1,4,0,0,0,0,0,0,0,0,1
SES_01739,STU_1271,3600,0,0,0,0,0,140001,9.23,0,0,0,0,0,0,0,0,0,1,0,1
SES_01740,STU_3466,3600,0,1,0,101,200,132831,8.1,1,10,6,0,0,0,0,0,0,0,0,1
SES_01741,STU_6848,3600,2,2,1,1796,2759,3390,3.48,0,0,0,0,0,0,0,0,0,0,0,0
SES_01742,STU_4496,3600,8,10,0,2316,3562,56634,13.44,5,1,0,0,0,0,0,0,0,0,0,1
SES_01743,STU_9760,3600,0,1,0,500,500,107181,8.03,1,0,0,0,0,0,0,1,0,0,0,1
SES_01744,STU_3383,3600,0,1,0,1,391,7961,2.4,0,0,0,0,0,0,0,1,0,0,0,0
SES_01745,STU_3521,3600,2,1,1,1313,2106,8436,1.65,1,0,0,0,0,0,0,1,0,0,0,0
SES_01746,STU_1208,3600,0,0,0,0,0,12148,3.32,0,0,0,0,0,0,0,1,0,0,0,0
SES_01747,STU_1866,3600,0,0,0,0,0,6433,2.01,1,0,0,0,0,0,0,1,0,0,0,0
SES_01748,STU_2069,3600,0,0,0,293,1145,15035,18.54,1,9,5,0,0,0,0,0,0,0,0,1
SES_01749,STU_7248,3600,0,1,0,318,1280,9352,3.13,1,0,0,0,0,0,0,0,0,0,0,0
SES_01750,STU_8315,3600,13,17,4,10076,22862,83086,7.31,20,2,5,0,2,0,0,0,0,0,0,1
SES_01751,STU_1885,3600,0,0,0,0,0,5159,2.77,1,0,0,0,0,0,0,0,0,0,0,0
SES_01752,STU_1379,3600,0,1,0,353,950,3734,1.94,1,0,0,0,0,0,0,0,0,0,0,0
SES_01753,STU_2274,3600,0,1,0,500,500,59575,18.06,1,0,0,0,0,0,0,1,0,0,0,1
SES_01754,STU_7182,3600,0,0,0,0,0,2848,0.33,1,0,0,0,0,0,0,1,0,0,0,0
SES_01755,STU_3855,3600,10,14,2,5452,10994,115624,14.64,19,4,3,0,0,0,0,0,0,0,0,1
SES_01756,STU_4323,3600,0,1,0,27,741,2778,0.66,0,0,0,0,0,0,0,0,0,0,0,0
SES_01757,STU_4255,3600,0,1,0,184,987,3773,2.11,0,0,0,0,0,0,0,0,0,0,0,0
SES_01758,STU_9271,3600,0,1,0,482,520,1244,1.49,1,0,0,0,0,0,0,0,0,0,0,0
SES_01759,STU_4932,3600,0,0,0,0,0,137619,11.42,1,0,0,0,0,1,0,0,0,0,0,1
SES_01760,STU_9876,3600,0,0,0,0,0,9292,1.9,0,0,0,0,0,1,0,0,0,0,0,0
SES_01761,STU_4884,3600,0,1,0,232,1167,2241,3.32,0,0,0,0,0,1,0,0,0,0,0,0
SES_01762,STU_6584,3600,0,1,0,166,241,11553,1.24,0,0,0,0,0,1,0,0,0,0,0,0
SES_01763,STU_6877,3600,0,0,0,0,0,14101,8.18,1,0,0,0,0,1,0,0,0,0,0,1
SES_01764,STU_4813,3600,0,1,0,365,1772,134146,8.23,2,7,7,0,0,0,0,0,0,0,0,1
SES_01765,STU_7720,3600,0,0,0,0,0,13189,1.49,1,0,0,0,0,0,0,0,0,0,0,0
SES_01766,STU_7606,3600,0,1,0,128,937,3441,1.68,1,0,0,0,0,0,0,0,0,0,0,0
SES_01767,STU_7497,3600,10,12,5,5337,18167,105180,12.57,17,2,1,0,0,0,0,0,0,0,0,1
SES_01768,STU_5567,3600,0,1,0,265,684,14327,3.3,1,0,0,0,0,0,0,0,0,0,0,0
SES_01769,STU_6124,3600,0,1,0,330,912,4163,2.23,0,0,0,0,0,0,0,0,0,0,0,0
SES_01770,STU_8677,3600,3,1,1,9897,14621,73345,23.65,2,2,5,0,2,0,0,0,0,0,0,1
SES_01771,STU_4432,3600,0,0,0,257,491,148345,5.69,6,0,0,0,0,0,0,0,0,0,0,1
SES_01772,STU_4584,3600,13,13,3,4764,7598,90463,22.67,5,2,1,0,2,0,0,0,0,0,0,1
SES_01773,STU_8683,3600,9,14,4,10861,24949,146831,19.69,16,1,1,1,0,0,0,0,0,0,0,1
SES_01774,STU_8134,3600,1,1,1,1996,2259,12396,3.45,1,0,0,0,0,0,0,0,0,0,0,0
SES_01775,STU_4911,3600,10,11,0,2284,3253,110109,19.73,4,0,0,0,0,0,0,0,0,0,0,1
SES_01776,STU_7909,3600,3,3,0,10730,17348,64809,13.02,4,1,1,0,0,0,0,0,0,0,0,1
SES_01777,STU_4274,3600,0,1,0,388,1282,7554,1.88,1,0,0,0,0,0,0,0,0,0,0,0
SES_01778,STU_1525,3600,0,0,0,0,0,11729,3.3,1,0,0,0,0,0,0,0,0,0,0,0
SES_01779,STU_6024,3600,0,1,0,238,454,9676,0.68,1,0,0,0,0,0,0,0,0,0,0,0
SES_01780,STU_3556,3600,0,0,1,0,0,19135,7.0,0,0,0,0,2,0,0,0,0,0,1,1
SES_01781,STU_4557,3600,0,1,0,236,810,11896,2.17,0,0,0,0,0,0,0,0,0,0,1,0
SES_01782,STU_2319,3600,1,1,1,1988,2319,6751,3.05,0,0,0,0,0,0,0,0,0,0,1,0
SES_01783,STU_9140,3600,0,0,0,0,0,6696,2.98,0,0,0,0,0,0,0,0,0,0,1,0
SES_01784,STU_7749,3600,0,1,0,463,798,5349,0.42,0,0,0,0,0,0,0,0,0,0,1,0
SES_01785,STU_2035,3600,0,0,0,0,0,14157,2.89,1,0,0,0,0,0,0,0,0,0,1,0
SES_01786,STU_8682,3600,0,1,0,496,560,3513,0.62,0,0,0,0,0,0,0,0,0,0,1,0
SES_01787,STU_2286,3600,0,1,0,248,662,7988,1.98,1,0,0,0,0,0,0,0,0,0,1,0
SES_01788,STU_9074,3600,0,0,0,0,0,7808,3.19,1,0,0,0,0,0,0,0,0,0,1,0
SES_01789,STU_5336,3600,0,1,0,461,523,10507,2.56,1,0,0,0,0,0,0,0,0,0,1,0
SES_01790,STU_9388,3600,2,1,1,866,1452,11743,0.94,1,0,0,0,0,0,0,0,0,0,1,0
SES_01791,STU_7195,3600,0,0,0,146,644,99126,23.94,10,0,0,0,2,0,0,0,0,0,0,1
SES_01792,STU_1964,3600,1,2,1,1130,1750,4008,2.71,1,0,0,0,0,0,0,0,0,0,0,0
SES_01793,STU_4989,3600,0,0,0,0,0,10486,2.93,1,0,0,0,0,0,0,0,0,0,0,0
SES_01794,STU_7482,3600,0,0,0,0,0,3627,1.06,1,0,0,0,0,0,0,0,0,0,0,0
SES_01795,STU_2199,3600,0,0,0,912,2545,114175,7.51,1,7,7,0,0,0,0,0,0,0,0,1
SES_01796,STU_4632,3600,0,4,1,21779,28937,52280,20.19,1,0,0,0,2,0,0,0,0,0,0,1
SES_01797,STU_2870,3600,1,4,1,23232,34277,142726,10.62,1,0,0,1,0,0,0,0,0,0,0,1
SES_01798,STU_8337,3600,1,2,1,704,1431,4666,2.26,0,0,0,0,0,0,0,0,0,0,0,0
SES_01799,STU_7846,3600,14,15,0,2610,3747,66968,16.13,3,0,0,1,0,0,0,0,0,0,0,1
SES_01800,STU_4161,3600,0,1,0,280,708,6353,2.55,1,0,0,0,0,0,0,0,0,0,0,0
SES_01801,STU_6264,3600,0,1,0,258,368,7617,1.37,1,0,0,0,0,0,0,0,0,0,0,0
SES_01802,STU_3767,3600,3,3,1,4087,5834,68476,10.86,8,5,10,1,0,0,0,0,0,0,0,1
SES_01803,STU_9961,3600,0,4,1,27422,35139,23437,7.98,1,0,0,0,0,0,0,0,0,0,0,1
SES_01804,STU_2211,3600,0,1,0,497,1149,12584,1.3,0,0,0,0,0,0,0,0,0,0,0,0
SES_01805,STU_3485,3600,0,1,0,163,387,9469,1.7,0,0,0,0,0,0,0,0,0,0,0,0
SES_01806,STU_4078,3600,2,2,1,1720,1798,8294,1.88,1,0,0,0,0,0,0,0,0,0,0,0
SES_01807,STU_1256,3600,0,1,0,119,211,102332,17.38,1,8,10,1,0,0,0,0,0,0,0,1
SES_01808,STU_9521,3600,0,0,0,0,0,11433,3.29,0,0,0,0,0,0,0,0,0,0,0,0
SES_01809,STU_5130,3600,0,0,0,0,0,3163,1.52,1,0,0,0,0,0,0,0,0,0,0,0
SES_01810,STU_2362,3600,0,1,0,123,1214,53996,23.03,1,10,9,0,0,0,0,0,0,0,0,1
SES_01811,STU_2117,3600,1,3,1,1967,2726,4144,2.58,1,0,0,0,0,0,0,0,0,0,0,0
SES_01812,STU_3339,3600,0,0,0,0,0,6175,0.62,0,0,0,0,0,0,0,0,0,0,0,0
SES_01813,STU_3779,3600,0,0,0,20,697,78735,12.79,9,0,0,1,0,0,0,0,0,0,0,1
SES_01814,STU_4319,3600,0,0,0,0,0,5051,3.2,0,0,0,0,0,0,0,0,0,0,0,0
SES_01815,STU_2196,3600,4,4,0,4874,9644,56295,21.7,5,8,4,1,0,0,0,0,0,0,0,1
SES_01816,STU_3421,3600,12,14,0,2818,4479,33919,19.44,1,1,1,0,2,0,0,0,0,0,0,1
SES_01817,STU_2152,3600,0,1,0,6,528,14664,2.53,1,0,0,0,0,0,0,0,0,0,0,0
SES_01818,STU_7000,3600,2,0,0,241,653,143099,20.97,2,0,0,0,4,0,0,0,1,0,0,1
SES_01819,STU_4253,3600,0,1,0,295,589,1640,2.78,0,0,0,0,0,0,0,0,1,0,0,0
SES_01820,STU_5150,3600,0,0,0,0,0,11072,2.04,1,0,0,0,0,0,0,0,1,0,0,0
SES_01821,STU_9317,3600,0,1,0,184,1109,3088,2.91,1,0,0,0,0,0,0,0,1,0,0,0
SES_01822,STU_9998,3600,0,0,0,0,0,95762,23.95,1,0,0,0,0,1,0,0,0,0,0,1
SES_01823,STU_2548,3600,0,1,0,218,659,3470,0.5,1,0,0,0,0,1,0,0,0,0,0,0
SES_01824,STU_2839,3600,0,1,0,415,1249,100807,20.32,9,0,0,0,0,0,0,0,0,0,0,1
SES_01825,STU_1944,3600,4,6,1,20713,38765,143808,12.02,2,0,0,0,0,0,0,0,0,0,0,1
SES_01826,STU_7272,3600,15,15,0,2851,3960,91631,11.85,2,0,0,1,0,0,0,0,0,0,0,1
SES_01827,STU_3479,3600,0,0,0,0,0,4781,3.31,0,0,0,0,0,0,0,0,0,0,0,0
SES_01828,STU_6985,3600,12,15,2,9202,22696,27162,23.5,17,3,2,0,1,0,0,0,0,0,0,1
SES_01829,STU_9230,3600,0,1,0,223,671,9443,1.87,0,0,0,0,0,0,0,0,0,0,0,0
SES_01830,STU_2782,3600,0,0,0,0,0,9724,2.88,0,0,0,0,0,0,0,0,0,0,0,0
SES_01831,STU_6383,3600,7,7,0,2717,5548,121243,7.11,10,2,2,0,12,0,0,0,1,0,0,1
SES_01832,STU_9255,3600,0,1,0,323,780,14600,3.4,0,0,0,0,0,0,0,0,1,0,0,0
SES_01833,STU_7404,3600,0,1,0,271,1196,9050,2.68,1,0,0,0,0,0,0,0,1,0,0,0
SES_01834,STU_7420,3600,0,0,0,0,0,105557,13.39,1,0,0,0,0,1,0,0,0,0,0,1
SES_01835,STU_2430,3600,2,0,0,670,2053,91720,21.48,0,0,0,0,11,0,0,0,1,0,0,1
SES_01836,STU_6765,3600,14,16,0,2561,3749,71248,17.21,1,0,1,1,0,0,0,0,0,0,0,1
SES_01837,STU_2835,3600,0,0,0,0,0,6590,1.66,1,0,0,0,0,0,0,0,0,0,0,0
SES_01838,STU_9080,3600,0,1,0,462,551,12460,0.53,1,0,0,0,0,0,0,0,0,0,0,0
SES_01839,STU_7498,3600,0,1,0,95,827,7026,0.42,1,0,0,0,0,0,0,0,0,0,0,0
SES_01840,STU_6426,3600,0,1,0,500,500,90738,9.33,1,0,0,1,0,0,0,1,0,0,0,1
SES_01841,STU_7198,3600,0,0,0,0,0,5781,1.16,1,0,0,0,0,0,0,1,0,0,0,0
SES_01842,STU_6218,3600,8,11,3,9668,16381,31170,11.26,6,1,4,0,0,0,0,0,0,0,0,1
SES_01843,STU_5735,3600,0,0,0,0,0,3856,2.56,0,0,0,0,0,0,0,0,0,0,0,0
SES_01844,STU_2506,3600,1,1,1,1186,1281,3884,1.99,1,0,0,0,0,0,0,0,0,0,0,0
SES_01845,STU_3434,3600,0,0,0,0,0,4389,2.68,0,0,0,0,0,0,0,0,0,0,0,0
SES_01846,STU_7348,3600,0,0,0,0,0,9577,1.04,1,0,0,0,0,0,0,0,0,0,0,0
SES_01847,STU_9159,3600,3,4,0,5561,13490,19111,20.06,2,3,1,0,0,0,0,0,0,0,0,1
SES_01848,STU_8884,3600,7,8,2,1675,3362,14576,23.24,4,2,1,0,11,0,0,0,1,0,0,1
SES_01849,STU_8732,3600,0,0,0,0,0,6793,0.86,1,0,0,0,0,0,0,0,1,0,0,0
SES_01850,STU_5515,3600,1,1,0,1000,1000,42113,23.12,1,0,0,0,2,0,1,0,0,0,0,1
SES_01851,STU_4524,3600,1,2,0,7032,9838,89507,11.02,3,2,3,0,0,0,0,0,0,0,0,1
SES_01852,STU_1537,3600,0,1,0,500,500,29070,18.54,1,0,0,1,1,0,0,1,0,0,0,1
SES_01853,STU_8227,3600,0,1,0,268,782,2234,2.18,1,0,0,0,0,0,0,1,0,0,0,0
SES_01854,STU_6525,3600,0,1,0,379,821,114910,6.13,2,6,8,1,0,0,0,0,0,0,0,1
SES_01855,STU_6004,3600,0,1,0,241,1393,77516,23.22,2,3,6,1,0,0,0,0,0,0,0,1
SES_01856,STU_2613,3600,0,5,0,31622,45108,102021,7.9,2,0,0,0,0,0,0,0,0,0,0,1
SES_01857,STU_8371,3600,0,1,0,156,1101,13544,2.33,1,0,0,0,0,0,0,0,0,0,0,0
SES_01858,STU_4199,3600,0,0,1,0,0,96068,9.78,0,0,0,0,0,0,0,0,0,0,1,1
SES_01859,STU_4194,3600,0,1,0,53,324,13857,1.87,1,0,0,0,0,0,0,0,0,0,1,0
SES_01860,STU_7698,3600,0,0,0,885,2065,21178,10.14,1,10,10,1,0,0,0,0,0,0,0,1
SES_01861,STU_1503,3600,0,0,0,0,0,7725,0.7,1,0,0,0,0,0,0,0,0,0,0,0
SES_01862,STU_5828,3600,1,5,0,24729,34359,108861,19.3,1,0,0,1,2,0,0,0,0,0,0,1
SES_01863,STU_5523,3600,0,1,0,656,1409,95457,6.79,0,4,7,0,0,0,0,0,0,0,0,1
SES_01864,STU_1792,3600,0,1,0,384,1241,9228,2.94,1,0,0,0,0,0,0,0,0,0,0,0
SES_01865,STU_8735,3600,0,0,0,0,0,3527,2.57,0,0,0,0,0,0,0,0,0,0,0,0
SES_01866,STU_9916,3600,0,0,0,0,0,10209,3.45,0,0,0,0,0,0,0,0,0,0,0,0
SES_01867,STU_8700,3600,5,6,2,27978,34522,15912,18.75,6,0,0,0,0,0,0,0,0,0,0,1
SES_01868,STU_6747,3600,0,1,0,432,559,3587,3.05,1,0,0,0,0,0,0,0,0,0,0,0
SES_01869,STU_3639,3600,1,2,1,15186,27758,12372,22.74,0,0,0,0,1,0,0,0,0,0,0,1
SES_01870,STU_2581,3600,0,0,0,0,0,32986,10.97,0,0,0,0,1,0,0,0,0,1,0,1
SES_01871,STU_5607,3600,1,1,1,1295,1892,8906,2.83,1,0,0,0,0,0,0,0,0,1,0,0
SES_01872,STU_5970,3600,7,8,0,1180,2023,40018,23.17,5,1,0,0,0,0,0,0,0,0,0,1
SES_01873,STU_6812,3600,0,0,0,0,0,2427,1.1,1,0,0,0,0,0,0,0,0,0,0,0
SES_01874,STU_7832,3600,0,0,0,0,0,6070,1.41,1,0,0,0,0,0,0,0,0,0,0,0
SES_01875,STU_6741,3600,0,0,0,0,0,127451,24.26,1,0,0,0,0,1,0,0,0,0,0,1
SES_01876,STU_8786,3600,0,1,0,413,1287,10971,2.24,0,0,0,0,0,1,0,0,0,0,0,0
SES_01877,STU_7695,3600,0,0,0,0,0,1526,2.55,1,0,0,0,0,1,0,0,0,0,0,0
SES_01878,STU_6928,3600,0,0,0,0,0,14870,2.24,0,0,0,0,0,1,0,0,0,0,0,0
SES_01879,STU_3852,3600,15,18,3,1501,4927,71093,15.84,11,1,1,0,0,0,0,0,0,0,0,1
SES_01880,STU_9938,3600,0,0,0,0,0,13389,2.93,1,0,0,0,0,0,0,0,0,0,0,0
SES_01881,STU_8330,3600,0,1,0,500,500,110661,6.78,1,0,0,0,2,0,0,1,0,0,0,1
SES_01882,STU_4530,3600,0,1,0,2,330,9867,0.86,1,0,0,0,0,0,0,1,0,0,0,0
SES_01883,STU_1143,3600,0,1,0,487,1299,9263,2.12,0,0,0,0,0,0,0,1,0,0,0,0
SES_01884,STU_1590,3600,2,2,0,6279,13691,132181,12.2,5,1,1,0,0,0,0,0,0,0,0,1
SES_01885,STU_8879,3600,0,1,0,500,500,97677,9.32,1,0,0,1,1,0,0,1,0,0,0,1
SES_01886,STU_9991,3600,1,2,1,7115,12249,134328,5.02,2,6,6,0,5,0,0,0,0,0,0,1
SES_01887,STU_9256,3600,2,2,1,1817,2433,14175,1.26,1,0,0,0,0,0,0,0,0,0,0,0
SES_01888,STU_5852,3600,0,0,0,92,1485,73301,9.73,0,5,6,1,0,0,0,0,0,0,0,1
SES_01889,STU_1939,3600,3,3,1,23986,33971,123824,13.83,6,0,0,1,2,0,0,0,0,0,0,1
SES_01890,STU_1924,3600,2,2,0,7592,12113,121168,22.7,2,4,5,0,3,0,0,0,0,0,0,1
SES_01891,STU_8203,3600,4,4,0,4981,8222,73408,15.57,6,0,2,0,14,0,0,0,1,0,0,1
SES_01892,STU_7590,3600,0,0,0,0,0,9384,1.66,1,0,0,0,0,0,0,0,1,0,0,0
SES_01893,STU_4112,3600,1,1,0,666,2117,42228,15.34,1,0,0,0,8,0,0,0,1,0,0,1
SES_01894,STU_2843,3600,13,15,2,7242,18036,32915,5.28,19,4,2,0,0,0,0,0,0,0,0,1
SES_01895,STU_1727,3600,10,14,1,1581,6169,127957,22.49,9,2,2,0,0,0,0,0,0,0,0,1
SES_01896,STU_6954,3600,0,0,0,0,0,7815,3.21,0,0,0,0,0,0,0,0,0,0,0,0
SES_01897,STU_2169,3600,0,0,0,0,0,4246,1.88,1,0,0,0,0,0,0,0,0,0,0,0
SES_01898,STU_2610,3600,0,0,0,0,0,14838,3.42,1,0,0,0,0,0,0,0,0,0,0,0
SES_01899,STU_4306,3600,0,1,0,216,476,7270,1.74,0,0,0,0,0,0,0,0,0,0,0,0
SES_01900,STU_9988,3600,5,8,2,1693,3516,49878,14.99,3,0,2,0,11,0,0,0,1,0,0,1
SES_01901,STU_3550,3600,0,1,0,150,783,97078,20.33,0,5,9,0,0,0,0,0,0,0,0,1
SES_01902,STU_3671,3600,1,5,1,15815,30704,17947,11.39,1,0,0,0,0,0,0,0,0,0,0,1
SES_01903,STU_1775,3600,5,5,1,6067,8141,119946,23.92,8,3,5,0,0,0,0,0,0,0,0,1
SES_01904,STU_1978,3600,0,1,0,335,483,3998,1.53,1,0,0,0,0,0,0,0,0,0,0,0
SES_01905,STU_1811,3600,0,1,0,341,461,1105,2.59,0,0,0,0,0,0,0,0,0,0,0,0
SES_01906,STU_3345,3600,0,0,0,0,0,5357,3.34,0,0,0,0,0,0,0,0,0,0,0,0
SES_01907,STU_3712,3600,0,0,0,0,0,10948,2.9,0,0,0,0,0,0,0,0,0,0,0,0
SES_01908,STU_1470,3600,0,5,0,15198,29561,43959,24.34,1,0,0,0,0,0,0,0,0,0,0,1
SES_01909,STU_9856,3600,2,3,1,1086,1131,4129,1.8,0,0,0,0,0,0,0,0,0,0,0,0
SES_01910,STU_5161,3600,0,1,0,480,1350,13194,3.2,0,0,0,0,0,0,0,0,0,0,0,0
SES_01911,STU_2152,3600,0,1,0,20,719,5321,2.65,1,0,0,0,0,0,0,0,0,0,0,0
SES_01912,STU_5634,3600,0,0,1,0,0,136827,13.73,0,0,0,0,1,0,0,0,0,0,1,1
SES_01913,STU_4560,3600,1,3,1,625,1279,11133,2.69,1,0,0,0,0,0,0,0,0,0,1,0
SES_01914,STU_7371,3600,0,1,0,234,1113,2253,1.9,1,0,0,0,0,0,0,0,0,0,1,0
SES_01915,STU_4190,3600,0,1,0,387,459,1263,3.06,0,0,0,0,0,0,0,0,0,0,1,0
SES_01916,STU_8428,3600,0,1,0,54,912,72853,12.2,11,0,0,0,0,0,0,0,0,0,0,1
SES_01917,STU_1827,3600,0,0,0,0,0,6176,1.54,1,0,0,0,0,0,0,0,0,0,0,0
SES_01918,STU_4810,3600,3,2,2,8412,12183,149865,7.02,4,2,2,1,0,0,0,0,0,0,0,1
SES_01919,STU_2211,3600,0,0,0,0,0,6716,1.42,1,0,0,0,0,0,0,0,0,0,0,0
SES_01920,STU_4689,3600,0,1,0,265,705,18733,19.35,2,8,7,0,2,0,0,0,0,0,0,1
SES_01921,STU_8570,3600,0,1,0,21,455,3501,1.59,1,0,0,0,0,0,0,0,0,0,0,0
SES_01922,STU_1245,3600,11,11,0,2036,3342,55881,7.74,1,1,0,0,0,0,0,0,0,0,0,1
SES_01923,STU_1706,3600,0,0,0,0,0,5218,3.31,1,0,0,0,0,0,0,0,0,0,0,0
SES_01924,STU_6123,3600,0,0,0,0,0,12938,2.8,0,0,0,0,0,0,0,0,0,0,0,0
SES_01925,STU_7601,3600,0,0,0,0,0,9407,3.23,0,0,0,0,0,0,0,0,0,0,0,0
SES_01926,STU_1762,3600,5,7,1,28618,43923,20170,11.3,3,0,0,0,0,0,0,0,0,0,0,1
SES_01927,STU_6814,3600,0,0,0,0,0,33458,21.38,1,0,0,1,0,1,0,0,0,0,0,1
SES_01928,STU_3054,3600,0,0,0,0,0,10515,3.41,1,0,0,0,0,1,0,0,0,0,0,0
SES_01929,STU_2852,3600,0,1,0,432,1275,12960,2.43,1,0,0,0,0,1,0,0,0,0,0,0
SES_01930,STU_7483,3600,2,0,0,348,1153,136005,12.82,2,0,0,0,8,0,0,0,1,0,0,1
SES_01931,STU_5976,3600,0,1,0,38,772,6863,1.48,1,0,0,0,0,0,0,0,1,0,0,0
SES_01932,STU_2501,3600,0,1,0,164,302,140084,9.56,8,0,0,0,1,0,0,0,0,0,0,1
SES_01933,STU_6627,3600,12,17,1,2275,6343,141798,21.53,15,0,2,1,0,0,0,0,0,0,0,1
SES_01934,STU_4105,3600,1,1,0,1000,1000,82079,8.59,1,0,0,0,0,0,1,0,0,0,0,1
SES_01935,STU_6230,3600,2,2,1,1957,2301,4318,2.04,0,0,0,0,0,0,1,0,0,0,0,0
SES_01936,STU_3710,3600,1,1,2,14457,21385,67289,18.81,6,0,0,0,2,0,0,0,0,0,0,1
SES_01937,STU_9410,3600,0,0,0,0,0,4706,2.2,1,0,0,0,0,0,0,0,0,0,0,0
SES_01938,STU_9549,3600,0,1,0,7,75,1389,1.77,1,0,0,0,0,0,0,0,0,0,0,0
SES_01939,STU_3358,3600,0,0,0,0,0,10146,0.72,0,0,0,0,0,0,0,0,0,0,0,0
SES_01940,STU_1224,3600,2,3,1,1031,1992,9300,2.75,0,0,0,0,0,0,0,0,0,0,0,0
SES_01941,STU_4503,3600,0,1,0,113,1084,118602,21.15,10,0,0,1,0,0,0,0,0,0,0,1
SES_01942,STU_9934,3600,0,0,0,0,0,10342,0.46,1,0,0,0,0,0,0,0,0,0,0,0
SES_01943,STU_8619,3600,4,6,2,2966,5545,50950,13.18,10,1,1,0,6,0,0,0,1,0,0,1
SES_01944,STU_6563,3600,0,1,0,268,545,4154,2.49,1,0,0,0,0,0,0,0,1,0,0,0
SES_01945,STU_7116,3600,0,0,0,0,0,10097,2.58,0,0,0,0,0,0,0,0,1,0,0,0
SES_01946,STU_2005,3600,3,1,0,6253,8991,119262,19.2,4,4,5,0,7,0,0,0,0,0,0,1
SES_01947,STU_9142,3600,0,0,0,0,0,8785,1.39,0,0,0,0,0,0,0,0,0,0,0,0
SES_01948,STU_2837,3600,0,0,0,0,0,6969,1.61,0,0,0,0,0,0,0,0,0,0,0,0
SES_01949,STU_8547,3600,0,3,0,18631,25648,101534,9.04,1,0,0,0,0,0,0,0,0,0,0,1
SES_01950,STU_8664,3600,0,0,0,0,0,4762,2.33,0,0,0,0,0,0,0,0,0,0,0,0
SES_01951,STU_2164,3600,0,0,0,0,0,5909,1.29,1,0,0,0,0,0,0,0,0,0,0,0
SES_01952,STU_9615,3600,0,1,0,216,1170,1906,2.97,1,0,0,0,0,0,0,0,0,0,0,0
SES_01953,STU_1622,3600,0,0,0,0,0,13646,3.14,1,0,0,0,0,0,0,0,0,0,0,0
SES_01954,STU_5321,3600,0,1,0,500,500,148049,24.91,1,0,0,0,0,0,0,1,0,0,0,1
SES_01955,STU_7821,3600,0,1,0,231,777,5276,3.16,1,0,0,0,0,0,0,1,0,0,0,0
SES_01956,STU_4271,3600,0,1,0,162,173,4906,3.31,0,0,0,0,0,0,0,1,0,0,0,0
SES_01957,STU_7485,3600,2,3,1,1028,1074,10185,1.11,1,0,0,0,0,0,0,1,0,0,0,0
SES_01958,STU_2683,3600,15,15,4,2243,7548,11040,23.5,7,2,1,0,0,0,0,0,0,0,0,1
SES_01959,STU_8239,3600,0,0,0,0,0,1528,1.65,0,0,0,0,0,0,0,0,0,0,0,0
SES_01960,STU_8064,3600,15,17,0,1470,2995,86008,15.04,1,0,1,0,0,0,0,0,0,0,0,1
SES_01961,STU_6576,3600,0,0,0,0,0,9132,1.18,1,0,0,0,0,0,0,0,0,0,0,0
SES_01962,STU_1693,3600,0,1,0,500,500,77506,6.31,1,0,0,0,1,0,0,1,0,0,0,1
SES_01963,STU_2358,3600,2,1,1,1517,2140,3142,1.03,1,0,0,0,0,0,0,1,0,0,0,0
SES_01964,STU_3803,3600,0,4,0,19759,27388,71345,18.36,1,0,0,0,0,0,0,0,0,0,0,1
SES_01965,STU_3375,3600,1,2,1,907,1831,14456,0.89,0,0,0,0,0,0,0,0,0,0,0,0
SES_01966,STU_8686,3600,3,3,0,4161,8341,137217,5.01,4,0,0,0,10,0,0,0,1,0,0,1
SES_01967,STU_8793,3600,0,0,0,104,796,112456,24.14,17,0,0,0,0,0,0,0,0,0,0,1
SES_01968,STU_3648,3600,0,1,0,368,953,12032,2.57,1,0,0,0,0,0,0,0,0,0,0,0
SES_01969,STU_4150,3600,0,1,0,180,1051,2015,2.74,0,0,0,0,0,0,0,0,0,0,0,0
SES_01970,STU_2924,3600,0,0,0,0,0,71853,15.23,1,0,0,0,0,1,0,0,0,0,0,1
SES_01971,STU_1629,3600,0,0,0,0,0,7320,1.41,1,0,0,0,0,1,0,0,0,0,0,0
SES_01972,STU_9438,3600,0,0,0,0,0,9065,1.36,0,0,0,0,0,1,0,0,0,0,0,0
SES_01973,STU_5264,3600,2,1,0,642,1811,87489,20.18,2,0,0,0,11,0,0,0,1,0,0,1
SES_01974,STU_5206,3600,0,1,0,2,944,9716,2.06,1,0,0,0,0,0,0,0,1,0,0,0
SES_01975,STU_1331,3600,14,19,3,11228,18689,92972,17.64,18,4,2,1,0,0,0,0,0,0,0,1
SES_01976,STU_5691,3600,11,16,1,4033,5192,52023,20.32,4,2,2,1,0,0,0,0,0,0,0,1
SES_01977,STU_5240,3600,0,0,0,0,0,1213,1.98,0,0,0,0,0,0,0,0,0,0,0,0
SES_01978,STU_5385,3600,4,4,0,7827,10331,113590,6.3,3,3,2,0,0,0,0,0,0,0,0,1
SES_01979,STU_5933,3600,0,0,0,0,0,64262,14.67,1,0,0,0,0,1,0,0,0,0,0,1
SES_01980,STU_2260,3600,0,0,0,0,0,8514,2.42,0,0,0,0,0,1,0,0,0,0,0,0
SES_01981,STU_3788,3600,0,1,0,422,1283,6820,1.49,1,0,0,0,0,1,0,0,0,0,0,0
SES_01982,STU_3785,3600,7,9,0,4663,6858,148208,8.61,3,1,0,1,14,0,0,0,1,0,0,1
SES_01983,STU_1299,3600,0,0,0,0,0,2294,2.68,0,0,0,0,0,0,0,0,1,0,0,0
SES_01984,STU_1111,3600,1,1,1,1241,1727,6491,2.24,0,0,0,0,0,0,0,0,1,0,0,0
SES_01985,STU_6740,3600,0,0,0,0,0,5121,3.5,1,0,0,0,0,0,0,0,1,0,0,0
SES_01986,STU_3856,3600,0,0,0,0,0,9811,3.03,0,0,0,0,0,0,0,0,1,0,0,0
SES_01987,STU_5640,3600,0,0,0,0,0,3322,1.1,0,0,0,0,0,0,0,0,1,0,0,0
SES_01988,STU_9377,3600,0,0,1,0,0,141449,10.2,0,0,0,0,2,0,0,0,0,0,1,1
SES_01989,STU_9120,3600,0,1,0,500,500,104505,23.57,1,0,0,1,0,0,0,1,0,0,0,1
SES_01990,STU_6654,3600,0,1,0,47,816,14910,0.77,0,0,0,0,0,0,0,1,0,0,0,0
SES_01991,STU_2243,3600,0,1,0,430,1429,12786,1.0,1,0,0,0,0,0,0,1,0,0,0,0
SES_01992,STU_5470,3600,0,0,0,0,0,54475,11.76,1,0,0,0,0,1,0,0,0,0,0,1
SES_01993,STU_9916,3600,4,2,2,10955,13883,122905,22.97,4,3,3,0,0,0,0,0,0,0,0,1
SES_01994,STU_7007,3600,0,0,0,44,813,113559,13.49,0,4,4,0,0,0,0,0,0,0,0,1
SES_01995,STU_1624,3600,2,1,1,1491,2473,4070,3.12,1,0,0,0,0,0,0,0,0,0,0,0
SES_01996,STU_5091,3600,0,0,0,0,0,2073,0.65,0,0,0,0,0,0,0,0,0,0,0,0
SES_01997,STU_3745,3600,3,3,1,8864,11223,43680,14.77,2,6,5,0,5,0,0,0,0,0,0,1
SES_01998,STU_1171,3600,0,0,0,0,0,126494,9.42,1,0,0,0,0,1,0,0,0,0,0,1
SES_01999,STU_8729,3600,0,0,0,0,0,4047,1.94,0,0,0,0,0,1,0,0,0,0,0,0
SES_02000,STU_5676,3600,2,3,1,1621,1838,2241,0.49,1,0,0,0,0,1,0,0,0,0,0,0
SES_02001,STU_2517,3600,0,0,0,895,2066,52260,7.28,0,0,0,0,10,0,0,0,1,0,0,1
SES_02002,STU_2726,3600,3,4,1,9032,11865,26959,17.81,2,2,1,0,0,0,0,0,0,0,0,1
SES_02003,STU_1685,3600,2,2,0,4425,6899,36736,9.83,7,10,3,0,1,0,0,0,0,0,0,1
SES_02004,STU_4136,3600,0,1,0,54,121,2526,2.38,0,0,0,0,0,0,0,0,0,0,0,0
SES_02005,STU_6304,3600,2,2,0,11367,14821,81925,13.49,5,3,1,0,0,0,0,0,0,0,0,1
SES_02006,STU_7516,3600,0,0,0,0,0,5709,3.29,0,0,0,0,0,0,0,0,0,0,0,0
SES_02007,STU_5686,3600,0,1,0,316,407,5068,0.85,0,0,0,0,0,0,0,0,0,0,0,0
SES_02008,STU_7429,3600,0,1,0,267,989,14628,2.95,1,0,0,0,0,0,0,0,0,0,0,0
SES_02009,STU_8895,3600,0,1,0,416,1274,12365,2.24,0,0,0,0,0,0,0,0,0,0,0,0
SES_02010,STU_1904,3600,0,1,0,325,1304,106156,5.99,12,0,0,0,1,0,0,0,0,0,0,1
SES_02011,STU_3946,3600,0,1,0,204,826,5841,1.36,1,0,0,0,0,0,0,0,0,0,0,0
SES_02012,STU_9479,3600,2,3,1,1252,2219,5026,2.9,0,0,0,0,0,0,0,0,0,0,0,0
SES_02013,STU_5497,3600,0,1,0,47,192,3879,2.38,0,0,0,0,0,0,0,0,0,0,0,0
SES_02014,STU_3994,3600,0,1,0,73,497,12933,2.31,0,0,0,0,0,0,0,0,0,0,0,0
SES_02015,STU_6533,3600,1,2,1,28260,39952,84365,7.72,0,0,0,0,0,0,0,0,0,0,0,1
SES_02016,STU_9947,3600,0,1,0,80,354,1479,0.74,0,0,0,0,0,0,0,0,0,0,0,0
SES_02017,STU_2361,3600,0,0,0,0,0,7001,3.36,0,0,0,0,0,0,0,0,0,0,0,0
SES_02018,STU_6285,3600,2,1,1,1783,2658,5278,0.88,1,0,0,0,0,0,0,0,0,0,0,0
SES_02019,STU_7613,3600,0,1,0,400,1370,3274,2.78,1,0,0,0,0,0,0,0,0,0,0,0
SES_02020,STU_8725,3600,0,0,0,0,0,48076,9.38,1,0,0,0,0,1,0,0,0,0,0,1
SES_02021,STU_9564,3600,15,15,1,2457,5550,24411,22.39,4,2,0,0,0,0,0,0,0,0,0,1
SES_02022,STU_2013,3600,0,1,0,473,1048,5831,2.09,1,0,0,0,0,0,0,0,0,0,0,0
SES_02023,STU_5705,3600,6,8,2,3635,7126,28997,17.22,9,1,1,0,13,0,0,0,1,0,0,1
SES_02024,STU_2124,3600,0,0,0,0,0,3925,2.64,1,0,0,0,0,0,0,0,1,0,0,0
SES_02025,STU_5814,3600,0,1,0,300,797,54749,11.94,0,8,6,0,0,0,0,0,0,0,0,1
SES_02026,STU_4572,3600,0,1,0,466,1187,2932,3.05,0,0,0,0,0,0,0,0,0,0,0,0
SES_02027,STU_8907,3600,0,1,0,367,965,4985,1.27,0,0,0,0,0,0,0,0,0,0,0,0
SES_02028,STU_9180,3600,0,0,1,0,0,73436,14.06,0,0,0,0,0,0,0,0,0,0,1,1
SES_02029,STU_9171,3600,2,3,1,547,1147,1217,2.65,0,0,0,0,0,0,0,0,0,0,1,0
SES_02030,STU_8995,3600,0,1,0,174,908,5503,3.39,1,0,0,0,0,0,0,0,0,0,1,0
SES_02031,STU_4883,3600,0,1,0,98,465,4937,1.0,1,0,0,0,0,0,0,0,0,0,1,0
SES_02032,STU_3875,3600,1,1,1,9883,17158,66283,5.08,3,6,5,0,3,0,0,0,0,0,0,1
SES_02033,STU_4415,3600,5,6,3,16131,23697,47722,17.77,4,0,0,0,0,0,0,0,0,0,0,1
SES_02034,STU_9685,3600,0,0,0,0,0,11138,3.28,1,0,0,0,0,0,0,0,0,0,0,0
SES_02035,STU_3722,3600,1,3,1,1351,1559,9144,1.71,0,0,0,0,0,0,0,0,0,0,0,0
SES_02036,STU_7791,3600,5,7,3,14903,29540,11548,7.17,4,0,0,0,2,0,0,0,0,0,0,1
SES_02037,STU_8296,3600,0,1,0,398,763,6253,0.5,1,0,0,0,0,0,0,0,0,0,0,0
SES_02038,STU_2670,3600,0,1,0,256,1203,5432,2.13,1,0,0,0,0,0,0,0,0,0,0,0
SES_02039,STU_5966,3600,2,2,1,5269,10068,64871,10.36,6,4,8,0,0,0,0,0,0,0,0,1
SES_02040,STU_8008,3600,2,2,1,1117,1983,5626,1.19,1,0,0,0,0,0,0,0,0,0,0,0
SES_02041,STU_7881,3600,1,1,0,1000,1000,121983,24.09,1,0,0,0,0,0,1,0,0,0,0,1
SES_02042,STU_9542,3600,0,0,0,0,0,14836,2.7,0,0,0,0,0,0,1,0,0,0,0,0
SES_02043,STU_8051,3600,2,1,1,1809,2538,11755,3.01,0,0,0,0,0,0,1,0,0,0,0,0
SES_02044,STU_5284,3600,0,0,0,0,0,5393,0.83,0,0,0,0,0,0,1,0,0,0,0,0
SES_02045,STU_1716,3600,2,3,1,857,1608,12121,3.35,1,0,0,0,0,0,1,0,0,0,0,0
SES_02046,STU_4230,3600,0,1,0,192,389,12313,1.72,0,0,0,0,0,0,1,0,0,0,0,0
SES_02047,STU_2112,3600,2,1,1,1707,2667,10337,1.15,0,0,0,0,0,0,1,0,0,0,0,0
SES_02048,STU_5076,3600,0,1,0,351,1124,10972,2.07,1,0,0,0,0,0,1,0,0,0,0,0
SES_02049,STU_7486,3600,5,8,0,1534,5582,137653,12.63,7,1,1,0,15,0,0,0,1,0,0,1
SES_02050,STU_5811,3600,0,0,0,0,0,3751,2.26,0,0,0,0,0,0,0,0,1,0,0,0
SES_02051,STU_3309,3600,0,0,0,0,0,10951,0.75,0,0,0,0,0,0,0,0,1,0,0,0
SES_02052,STU_9919,3600,0,1,0,465,810,8442,0.35,0,0,0,0,0,0,0,0,1,0,0,0
SES_02053,STU_3926,3600,0,0,0,0,0,13219,0.76,0,0,0,0,0,0,0,0,1,0,0,0
SES_02054,STU_8896,3600,1,2,1,986,1685,10832,1.45,0,0,0,0,0,0,0,0,1,0,0,0
SES_02055,STU_4773,3600,0,0,0,0,0,7683,2.64,1,0,0,0,0,0,0,0,1,0,0,0
SES_02056,STU_7470,3600,0,1,0,500,500,143757,9.53,1,0,0,0,0,0,0,1,0,0,0,1
SES_02057,STU_4093,3600,1,3,1,26627,36681,63921,22.83,1,0,0,0,0,0,0,0,0,0,0,1
SES_02058,STU_2612,3600,0,0,0,0,0,11395,1.86,0,0,0,0,0,0,0,0,0,0,0,0
SES_02059,STU_2377,3600,1,1,0,1000,1000,11776,21.2,1,0,0,0,1,0,1,0,0,0,0,1
SES_02060,STU_4823,3600,1,3,1,736,853,5584,2.99,0,0,0,0,0,0,1,0,0,0,0,0
SES_02061,STU_6283,3600,0,1,0,462,1361,1678,0.61,0,0,0,0,0,0,1,0,0,0,0,0
SES_02062,STU_3982,3600,0,0,0,0,0,12663,3.16,0,0,0,0,0,0,1,0,0,0,0,0
SES_02063,STU_3925,3600,12,12,0,1506,2822,146094,21.6,5,1,0,0,0,0,0,0,0,0,0,1
SES_02064,STU_4918,3600,0,1,0,500,500,67705,6.92,1,0,0,0,0,0,0,1,0,0,0,1
SES_02065,STU_1185,3600,0,0,0,0,0,6928,1.84,0,0,0,0,0,0,0,1,0,0,0,0
SES_02066,STU_9398,3600,1,2,1,818,1477,12533,2.47,0,0,0,0,0,0,0,1,0,0,0,0
SES_02067,STU_7812,3600,2,3,3,17038,31089,84521,20.18,5,0,0,0,0,0,0,0,0,0,0,1
SES_02068,STU_1219,3600,0,1,0,309,691,10159,2.41,1,0,0,0,0,0,0,0,0,0,0,0
SES_02069,STU_6588,3600,16,19,2,4386,7064,112437,19.44,10,1,0,1,0,0,0,0,0,0,0,1
SES_02070,STU_1875,3600,3,3,1,6786,9945,19886,5.01,5,4,2,0,7,0,0,0,0,0,0,1
SES_02071,STU_2002,3600,0,0,0,0,0,63509,12.6,0,0,0,0,0,0,0,0,0,1,0,1
SES_02072,STU_5063,3600,1,1,0,1000,1000,82265,20.31,1,0,0,0,0,0,1,0,0,0,0,1
SES_02073,STU_7628,3600,1,0,0,295,870,50275,12.38,2,0,0,0,6,0,0,0,1,0,0,1
SES_02074,STU_3739,3600,0,1,0,439,1019,8391,2.81,0,0,0,0,0,0,0,0,1,0,0,0
SES_02075,STU_7246,3600,0,0,0,0,0,6439,1.62,0,0,0,0,0,0,0,0,1,0,0,0
SES_02076,STU_2838,3600,0,1,0,355,801,14389,3.32,0,0,0,0,0,0,0,0,1,0,0,0
SES_02077,STU_8342,3600,15,17,0,2749,4509,144370,9.14,2,1,0,0,0,0,0,0,0,0,0,1
SES_02078,STU_2074,3600,0,0,0,0,0,4789,2.75,0,0,0,0,0,0,0,0,0,0,0,0
SES_02079,STU_7439,3600,0,0,0,0,0,9689,1.81,1,0,0,0,0,0,0,0,0,0,0,0
SES_02080,STU_6139,3600,0,0,0,0,0,5197,0.33,0,0,0,0,0,0,0,0,0,0,0,0
SES_02081,STU_4753,3600,15,17,5,6197,12479,97859,14.17,20,4,1,0,0,0,0,0,0,0,0,1
SES_02082,STU_3330,3600,0,0,0,0,0,3018,1.85,0,0,0,0,0,0,0,0,0,0,0,0
SES_02083,STU_7519,3600,0,1,0,33,697,1597,1.13,1,0,0,0,0,0,0,0,0,0,0,0
SES_02084,STU_2199,3600,0,0,0,40,917,80049,22.89,4,0,0,0,0,0,0,0,0,0,0,1
SES_02085,STU_7902,3600,22,25,2,1452,3651,15397,6.73,3,2,1,0,1,0,0,0,0,0,0,1
SES_02086,STU_2466,3600,0,1,0,83,248,14631,3.22,1,0,0,0,0,0,0,0,0,0,0,0
SES_02087,STU_2342,3600,0,1,0,500,500,17282,9.83,1,0,0,0,0,0,0,1,0,0,0,1
SES_02088,STU_5324,3600,0,0,1,0,0,91735,8.93,0,0,0,1,0,0,0,0,0,0,1,1
SES_02089,STU_7624,3600,1,3,1,1161,1480,13167,1.39,0,0,0,0,0,0,0,0,0,0,1,0
SES_02090,STU_4878,3600,0,0,0,0,0,10181,2.33,1,0,0,0,0,0,0,0,0,0,1,0
SES_02091,STU_9241,3600,1,4,1,7875,15341,54877,22.7,4,2,3,0,1,0,0,0,0,0,0,1
SES_02092,STU_5683,3600,0,1,0,459,1192,6763,2.22,1,0,0,0,0,0,0,0,0,0,0,0
SES_02093,STU_5677,3600,0,0,1,0,0,64330,15.9,0,0,0,1,0,0,0,0,0,0,1,1
SES_02094,STU_1362,3600,2,2,1,1274,1296,4250,3.47,0,0,0,0,0,0,0,0,0,0,1,0
SES_02095,STU_3459,3600,0,0,0,0,0,6905,0.81,0,0,0,0,0,0,0,0,0,0,1,0
SES_02096,STU_7010,3600,2,3,1,5136,11166,40348,16.24,4,1,3,0,0,0,0,0,0,0,0,1
SES_02097,STU_4527,3600,0,1,0,261,743,12850,0.54,0,0,0,0,0,0,0,0,0,0,0,0
SES_02098,STU_4354,3600,0,0,0,0,0,9832,2.5,1,0,0,0,0,0,0,0,0,0,0,0
SES_02099,STU_8409,3600,0,0,0,0,0,8017,3.05,0,0,0,0,0,0,0,0,0,0,0,0
SES_02100,STU_7349,3600,0,1,0,281,293,9191,1.74,0,0,0,0,0,0,0,0,0,0,0,0
SES_02101,STU_8083,3600,0,1,0,24,843,14258,3.05,1,0,0,0,0,0,0,0,0,0,0,0
SES_02102,STU_6180,3600,0,0,0,0,0,11526,2.82,1,0,0,0,0,0,0,0,0,0,0,0
SES_02103,STU_3710,3600,0,1,0,40,66,6343,2.54,0,0,0,0,0,0,0,0,0,0,0,0
SES_02104,STU_9714,3600,0,1,0,296,546,12479,3.23,0,0,0,0,0,0,0,0,0,0,0,0
SES_02105,STU_9060,3600,0,0,0,0,0,2052,1.49,0,0,0,0,0,0,0,0,0,0,0,0
SES_02106,STU_8586,3600,14,17,3,5946,12575,49727,6.53,17,4,5,0,2,0,0,0,0,0,0,1
SES_02107,STU_9830,3600,0,1,0,500,500,58299,20.21,1,0,0,0,0,0,0,1,0,0,0,1
SES_02108,STU_5102,3600,0,1,0,239,1182,6553,1.63,0,0,0,0,0,0,0,1,0,0,0,0
SES_02109,STU_7282,3600,0,4,1,20772,27712,119516,20.68,0,0,0,0,0,0,0,0,0,0,0,1
SES_02110,STU_7980,3600,5,8,3,1403,4855,82108,9.41,15,1,1,0,1,0,0,0,0,0,0,1
SES_02111,STU_4642,3600,0,1,0,392,1043,7913,3.06,0,0,0,0,0,0,0,0,0,0,0,0
SES_02112,STU_3908,3600,6,9,1,2148,6483,124556,5.36,6,2,1,0,10,0,0,0,1,0,0,1
SES_02113,STU_7533,3600,0,1,0,117,301,11307,2.27,0,0,0,0,0,0,0,0,1,0,0,0
SES_02114,STU_6402,3600,0,0,0,0,0,13898,3.14,0,0,0,0,0,0,0,0,1,0,0,0
SES_02115,STU_5438,3600,0,0,0,0,0,5725,0.93,0,0,0,0,0,0,0,0,1,0,0,0
SES_02116,STU_3637,3600,0,0,0,0,0,103925,8.73,1,0,0,0,0,1,0,0,0,0,0,1
SES_02117,STU_2866,3600,1,3,2,18102,26814,114336,6.09,2,0,0,1,0,0,0,0,0,0,0,1
SES_02118,STU_9940,3600,3,3,0,9490,11966,10798,20.02,3,4,6,0,7,0,0,0,0,0,0,1
SES_02119,STU_3109,3600,0,0,0,0,0,4563,1.76,1,0,0,0,0,0,0,0,0,0,0,0
SES_02120,STU_7420,3600,1,1,0,1000,1000,133591,20.72,1,0,0,0,1,0,1,0,0,0,0,1
SES_02121,STU_7680,3600,5,6,3,20562,40200,12159,7.43,4,0,0,0,0,0,0,0,0,0,0,1
SES_02122,STU_7894,3600,0,0,0,0,0,2873,0.58,1,0,0,0,0,0,0,0,0,0,0,0
SES_02123,STU_5812,3600,0,0,0,0,0,7502,1.79,1,0,0,0,0,0,0,0,0,0,0,0
SES_02124,STU_8151,3600,0,1,0,207,962,18992,19.43,10,0,0,0,2,0,0,0,0,0,0,1
SES_02125,STU_1515,3600,1,3,1,1535,1713,1590,2.77,0,0,0,0,0,0,0,0,0,0,0,0
SES_02126,STU_8989,3600,7,9,1,2879,5386,58714,20.65,9,1,1,0,15,0,0,0,1,0,0,1
SES_02127,STU_7391,3600,0,0,0,0,0,14981,3.17,0,0,0,0,0,0,0,0,1,0,0,0
SES_02128,STU_7755,3600,0,1,0,500,500,30441,19.38,1,0,0,0,0,0,0,1,0,0,0,1
SES_02129,STU_6317,3600,0,1,0,108,439,14316,0.71,1,0,0,0,0,0,0,1,0,0,0,0
SES_02130,STU_4575,3600,0,0,0,0,0,12102,2.77,0,0,0,0,0,0,0,1,0,0,0,0
SES_02131,STU_7581,3600,0,0,0,0,0,4936,1.23,0,0,0,0,0,0,0,1,0,0,0,0
SES_02132,STU_1630,3600,0,1,0,117,1110,3922,0.83,0,0,0,0,0,0,0,1,0,0,0,0
SES_02133,STU_4387,3600,3,2,2,11807,17265,126223,14.86,3,2,2,1,0,0,0,0,0,0,0,1
SES_02134,STU_6951,3600,0,0,0,0,0,4562,2.17,0,0,0,0,0,0,0,0,0,0,0,0
SES_02135,STU_4832,3600,0,0,0,0,0,2323,1.31,0,0,0,0,0,0,0,0,0,0,0,0
SES_02136,STU_8151,3600,4,4,2,6246,13231,121279,14.99,6,2,2,0,0,0,0,0,0,0,0,1
SES_02137,STU_6703,3600,0,0,0,0,0,8797,2.01,0,0,0,0,0,0,0,0,0,0,0,0
SES_02138,STU_1425,3600,0,1,0,312,1223,3652,0.76,0,0,0,0,0,0,0,0,0,0,0,0
SES_02139,STU_7839,3600,2,2,1,6797,10877,22162,15.36,3,4,5,0,8,0,0,0,0,0,0,1
SES_02140,STU_9725,3600,0,0,0,0,0,11681,1.17,0,0,0,0,0,0,0,0,0,0,0,0
SES_02141,STU_7737,3600,0,0,0,0,0,4315,0.35,1,0,0,0,0,0,0,0,0,0,0,0
SES_02142,STU_4245,3600,1,1,1,1084,1570,13206,2.83,1,0,0,0,0,0,0,0,0,0,0,0
SES_02143,STU_4960,3600,0,1,0,361,1314,10370,1.32,1,0,0,0,0,0,0,0,0,0,0,0
SES_02144,STU_9468,3600,0,1,0,414,1289,10337,0.96,0,0,0,0,0,0,0,0,0,0,0,0
SES_02145,STU_8627,3600,0,0,0,0,0,12093,2.0,1,0,0,0,0,0,0,0,0,0,0,0
SES_02146,STU_8053,3600,1,1,1,25115,44795,142340,6.46,10,0,0,0,0,0,0,0,0,0,0,1
SES_02147,STU_1898,3600,0,1,0,302,949,8566,1.49,0,0,0,0,0,0,0,0,0,0,0,0
SES_02148,STU_2535,3600,0,0,0,0,0,9121,0.47,1,0,0,0,0,0,0,0,0,0,0,0
SES_02149,STU_5093,3600,0,1,0,492,507,10938,0.99,1,0,0,0,0,0,0,0,0,0,0,0
SES_02150,STU_3962,3600,0,1,0,109,587,142779,15.11,12,0,0,0,2,0,0,0,0,0,0,1
SES_02151,STU_4458,3600,12,18,3,5458,14224,69099,19.36,8,4,1,0,2,0,0,0,0,0,0,1
SES_02152,STU_5708,3600,0,1,0,307,846,3301,2.09,1,0,0,0,0,0,0,0,0,0,0,0
SES_02153,STU_5635,3600,0,0,0,241,348,13918,18.03,4,0,0,0,0,0,0,0,0,0,0,1
SES_02154,STU_2264,3600,0,0,0,0,0,7412,3.08,1,0,0,0,0,0,0,0,0,0,0,0
SES_02155,STU_8069,3600,11,16,1,2346,4195,72825,14.41,15,0,0,0,0,0,0,0,0,0,0,1
SES_02156,STU_1556,3600,1,2,1,938,1432,6991,2.63,1,0,0,0,0,0,0,0,0,0,0,0
SES_02157,STU_7942,3600,0,1,0,429,1211,25589,14.27,15,0,0,0,0,0,0,0,0,0,0,1
SES_02158,STU_7290,3600,0,0,0,0,0,4774,3.13,0,0,0,0,0,0,0,0,0,0,0,0
SES_02159,STU_7755,3600,0,0,0,0,0,12982,2.12,1,0,0,0,0,0,0,0,0,0,0,0
SES_02160,STU_2931,3600,11,11,3,3650,5543,26956,22.94,12,1,1,0,1,0,0,0,0,0,0,1
SES_02161,STU_5734,3600,1,1,0,4737,10564,69096,16.29,1,3,4,0,4,0,0,0,0,0,0,1
SES_02162,STU_8697,3600,3,5,3,19470,25145,78906,24.1,4,0,0,0,0,0,0,0,0,0,0,1
SES_02163,STU_4974,3600,1,4,1,31702,46154,24585,21.8,1,0,0,0,0,0,0,0,0,0,0,1
SES_02164,STU_7165,3600,9,12,2,1957,5217,128751,6.53,14,0,2,1,0,0,0,0,0,0,0,1
SES_02165,STU_9474,3600,0,0,0,0,0,12912,2.61,0,0,0,0,0,0,0,0,0,0,0,0
SES_02166,STU_8407,3600,0,0,0,0,0,8565,2.18,0,0,0,0,0,0,0,0,0,0,0,0
SES_02167,STU_7546,3600,0,1,0,364,557,137515,14.8,0,7,3,0,0,0,0,0,0,0,0,1
SES_02168,STU_6609,3600,0,0,0,0,0,6139,0.35,1,0,0,0,0,0,0,0,0,0,0,0
SES_02169,STU_2860,3600,0,1,0,485,1423,9201,1.25,1,0,0,0,0,0,0,0,0,0,0,0
SES_02170,STU_4415,3600,0,1,0,176,927,7467,2.97,1,0,0,0,0,0,0,0,0,0,0,0
SES_02171,STU_8930,3600,1,2,1,1955,2246,6781,3.43,1,0,0,0,0,0,0,0,0,0,0,0
SES_02172,STU_1909,3600,0,0,0,0,0,28970,11.99,0,0,0,0,0,0,0,0,0,1,0,1
SES_02173,STU_8436,3600,2,2,1,624,869,8044,1.67,0,0,0,0,0,0,0,0,0,1,0,0
SES_02174,STU_4876,3600,0,1,0,500,500,65264,11.55,1,0,0,0,0,0,0,1,0,0,0,1
SES_02175,STU_5189,3600,0,0,0,0,0,4150,0.56,0,0,0,0,0,0,0,1,0,0,0,0
SES_02176,STU_7943,3600,0,0,0,0,0,8583,0.82,1,0,0,0,0,0,0,1,0,0,0,0
SES_02177,STU_3265,3600,0,0,0,0,0,14048,0.66,1,0,0,0,0,0,0,1,0,0,0,0
SES_02178,STU_2600,3600,1,1,0,4191,10152,122304,17.83,1,3,6,0,8,0,0,0,0,0,0,1
SES_02179,STU_1533,3600,3,3,0,4497,8427,99442,9.79,2,6,8,0,0,0,0,0,0,0,0,1
SES_02180,STU_7970,3600,0,0,0,0,0,1248,3.28,0,0,0,0,0,0,0,0,0,0,0,0
SES_02181,STU_1865,3600,15,20,5,8852,15323,138859,9.5,13,5,2,0,0,0,0,0,0,0,0,1
SES_02182,STU_4711,3600,0,1,0,432,1417,1244,1.81,0,0,0,0,0,0,0,0,0,0,0,0
SES_02183,STU_2923,3600,0,0,0,0,0,8213,0.37,1,0,0,0,0,0,0,0,0,0,0,0
SES_02184,STU_3738,3600,0,0,0,0,0,1728,2.13,0,0,0,0,0,0,0,0,0,0,0,0
SES_02185,STU_4571,3600,3,3,0,3583,4651,121750,10.91,5,10,5,0,0,0,0,0,0,0,0,1
SES_02186,STU_2694,3600,2,1,1,1956,2168,2339,0.54,1,0,0,0,0,0,0,0,0,0,0,0
SES_02187,STU_4173,3600,0,0,0,0,0,129362,22.53,0,0,0,0,0,0,0,0,0,1,0,1
SES_02188,STU_8950,3600,0,1,0,486,760,7805,1.56,0,0,0,0,0,0,0,0,0,1,0,0
SES_02189,STU_6455,3600,0,0,0,0,0,3664,1.15,0,0,0,0,0,0,0,0,0,1,0,0
SES_02190,STU_3194,3600,0,0,0,0,0,134399,22.14,1,0,0,1,0,1,0,0,0,0,0,1
SES_02191,STU_2391,3600,1,1,0,1000,1000,14329,12.24,1,0,0,0,0,0,1,0,0,0,0,1
SES_02192,STU_8834,3600,0,0,0,0,0,117898,13.8,0,0,0,0,0,0,0,0,0,1,0,1
SES_02193,STU_2212,3600,0,1,0,141,164,14134,2.23,1,0,0,0,0,0,0,0,0,1,0,0
SES_02194,STU_3304,3600,0,0,0,0,0,8687,1.69,1,0,0,0,0,0,0,0,0,1,0,0
SES_02195,STU_1945,3600,0,0,0,0,0,107230,23.39,1,0,0,0,0,1,0,0,0,0,0,1
SES_02196,STU_1593,3600,0,0,0,0,0,13446,2.84,1,0,0,0,0,1,0,0,0,0,0,0
SES_02197,STU_2258,3600,0,1,0,156,461,11183,1.41,0,0,0,0,0,1,0,0,0,0,0,0
SES_02198,STU_9816,3600,1,1,0,1000,1000,136451,18.44,1,0,0,0,0,0,1,0,0,0,0,1
SES_02199,STU_7767,3600,0,1,0,479,944,8068,1.92,0,0,0,0,0,0,1,0,0,0,0,0
SES_02200,STU_4639,3600,2,2,1,1606,1684,14806,1.5,0,0,0,0,0,0,1,0,0,0,0,0
SES_02201,STU_3151,3600,0,1,0,408,643,6778,1.8,1,0,0,0,0,0,1,0,0,0,0,0
SES_02202,STU_3227,3600,0,0,0,0,0,13122,3.31,1,0,0,0,0,0,1,0,0,0,0,0
SES_02203,STU_7151,3600,0,1,0,436,883,3767,1.15,1,0,0,0,0,0,1,0,0,0,0,0
SES_02204,STU_7777,3600,0,0,0,0,0,8715,1.68,1,0,0,0,0,0,1,0,0,0,0,0
SES_02205,STU_4312,3600,0,1,0,341,646,9685,3.05,0,0,0,0,0,0,1,0,0,0,0,0
SES_02206,STU_3497,3600,10,11,0,2257,3581,76267,9.37,1,0,1,0,2,0,0,0,0,0,0,1
SES_02207,STU_2074,3600,0,1,0,199,803,146066,22.0,0,0,0,0,5,0,0,0,1,0,0,1
SES_02208,STU_7844,3600,1,1,1,1410,1699,10705,2.89,1,0,0,0,0,0,0,0,1,0,0,0
SES_02209,STU_4655,3600,1,3,1,1508,2257,9736,0.77,0,0,0,0,0,0,0,0,1,0,0,0
SES_02210,STU_8974,3600,0,1,0,79,608,11015,2.68,1,0,0,0,0,0,0,0,1,0,0,0
SES_02211,STU_9695,3600,0,1,0,33,909,13899,0.72,0,0,0,0,0,0,0,0,1,0,0,0
SES_02212,STU_5060,3600,3,3,0,3317,7219,82782,17.08,8,10,10,0,0,0,0,0,0,0,0,1
SES_02213,STU_5896,3600,8,9,0,2592,5676,94841,6.87,9,1,2,0,7,0,0,0,1,0,0,1
SES_02214,STU_2738,3600,0,0,0,0,0,12994,2.14,1,0,0,0,0,0,0,0,1,0,0,0
SES_02215,STU_3886,3600,0,0,0,0,0,6329,2.14,0,0,0,0,0,0,0,0,1,0,0,0
SES_02216,STU_6518,3600,0,0,0,38,430,50666,7.88,14,0,0,0,0,0,0,0,0,0,0,1
SES_02217,STU_2753,3600,22,22,2,1772,4936,122983,17.64,11,0,1,0,0,0,0,0,0,0,0,1
SES_02218,STU_5312,3600,2,2,1,652,1479,5974,2.49,0,0,0,0,0,0,0,0,0,0,0,0
SES_02219,STU_8021,3600,0,1,0,523,1521,30365,9.44,1,5,3,0,0,0,0,0,0,0,0,1
SES_02220,STU_9620,3600,0,3,0,31489,37498,112671,14.75,2,0,0,0,0,0,0,0,0,0,0,1
SES_02221,STU_5276,3600,1,1,1,1985,2551,1928,2.75,1,0,0,0,0,0,0,0,0,0,0,0
SES_02222,STU_7676,3600,2,1,1,1636,2462,14975,3.07,0,0,0,0,0,0,0,0,0,0,0,0
SES_02223,STU_6591,3600,0,0,0,480,655,130959,12.86,13,0,0,0,0,0,0,0,0,0,0,1
SES_02224,STU_3337,3600,0,0,0,0,0,7361,0.67,0,0,0,0,0,0,0,0,0,0,0,0
SES_02225,STU_1589,3600,0,0,0,0,0,12056,0.43,1,0,0,0,0,0,0,0,0,0,0,0
SES_02226,STU_1468,3600,0,0,0,0,0,145022,14.9,0,0,0,0,0,0,0,0,0,1,0,1
SES_02227,STU_5639,3600,1,4,0,7253,9438,10192,13.0,2,3,1,0,0,0,0,0,0,0,0,1
SES_02228,STU_2219,3600,0,0,0,0,0,6794,3.3,1,0,0,0,0,0,0,0,0,0,0,0
SES_02229,STU_4217,3600,0,0,0,0,0,12006,0.49,1,0,0,0,0,0,0,0,0,0,0,0
SES_02230,STU_9070,3600,0,0,0,0,0,2902,3.0,1,0,0,0,0,0,0,0,0,0,0,0
SES_02231,STU_4221,3600,0,0,0,0,0,87826,16.89,0,0,0,0,0,0,0,0,0,1,0,1
SES_02232,STU_5672,3600,0,0,0,0,0,9256,2.29,0,0,0,0,0,0,0,0,0,1,0,0
SES_02233,STU_8290,3600,0,1,0,266,1251,11736,3.28,1,0,0,0,0,0,0,0,0,1,0,0
SES_02234,STU_7871,3600,2,2,2,26325,46212,30512,6.89,10,0,0,0,0,0,0,0,0,0,0,1
SES_02235,STU_7866,3600,0,1,0,70,349,12356,2.47,0,0,0,0,0,0,0,0,0,0,0,0
SES_02236,STU_3371,3600,2,2,1,645,1289,10748,1.24,1,0,0,0,0,0,0,0,0,0,0,0
SES_02237,STU_3392,3600,0,1,0,401,548,13159,2.64,1,0,0,0,0,0,0,0,0,0,0,0
SES_02238,STU_4804,3600,0,1,0,422,929,9631,1.86,1,0,0,0,0,0,0,0,0,0,0,0
SES_02239,STU_7770,3600,0,1,0,337,1058,12819,1.4,1,0,0,0,0,0,0,0,0,0,0,0
SES_02240,STU_1449,3600,1,0,0,823,2042,141806,22.75,0,0,0,0,10,0,0,0,1,0,0,1
SES_02241,STU_2497,3600,0,0,0,0,0,11880,2.88,0,0,0,0,0,0,0,0,1,0,0,0
SES_02242,STU_4251,3600,13,13,0,2099,2808,146755,22.29,3,1,0,0,0,0,0,0,0,0,0,1
SES_02243,STU_6971,3600,0,0,0,0,0,6593,1.02,0,0,0,0,0,0,0,0,0,0,0,0
SES_02244,STU_8481,3600,2,2,1,1527,1946,8428,1.58,1,0,0,0,0,0,0,0,0,0,0,0
SES_02245,STU_5021,3600,0,0,0,0,0,12322,1.01,1,0,0,0,0,0,0,0,0,0,0,0
SES_02246,STU_8804,3600,0,0,0,0,0,7323,0.66,1,0,0,0,0,0,0,0,0,0,0,0
SES_02247,STU_5450,3600,0,0,0,0,0,1625,2.58,1,0,0,0,0,0,0,0,0,0,0,0
SES_02248,STU_2595,3600,13,13,0,2641,4053,127726,24.29,2,1,0,0,0,0,0,0,0,0,0,1
SES_02249,STU_9570,3600,0,1,0,66,229,14354,1.55,0,0,0,0,0,0,0,0,0,0,0,0
SES_02250,STU_6647,3600,1,2,1,1512,1916,10035,0.33,0,0,0,0,0,0,0,0,0,0,0,0
SES_02251,STU_7049,3600,1,2,1,5692,12159,146987,15.11,6,2,1,0,0,0,0,0,0,0,0,1
SES_02252,STU_5737,3600,0,1,0,681,1756,28262,16.96,1,8,4,0,0,0,0,0,0,0,0,1
SES_02253,STU_6280,3600,0,1,0,258,625,11296,3.13,0,0,0,0,0,0,0,0,0,0,0,0
SES_02254,STU_1347,3600,1,3,1,633,1528,9951,3.42,1,0,0,0,0,0,0,0,0,0,0,0
SES_02255,STU_8666,3600,0,0,0,0,0,8220,3.17,0,0,0,0,0,0,0,0,0,0,0,0
SES_02256,STU_6494,3600,2,3,3,18543,24727,76065,5.03,4,0,0,0,1,0,0,0,0,0,0,1
SES_02257,STU_7193,3600,1,1,1,1360,1813,3262,0.99,0,0,0,0,0,0,0,0,0,0,0,0
SES_02258,STU_5247,3600,1,2,1,537,865,5239,1.5,0,0,0,0,0,0,0,0,0,0,0,0
SES_02259,STU_1871,3600,2,1,1,1233,1781,10639,3.49,0,0,0,0,0,0,0,0,0,0,0,0
SES_02260,STU_5615,3600,0,1,0,11,444,8977,1.48,0,0,0,0,0,0,0,0,0,0,0,0
SES_02261,STU_2133,3600,0,1,0,293,293,2934,3.43,1,0,0,0,0,0,0,0,0,0,0,0
SES_02262,STU_8256,3600,0,0,0,0,0,3379,2.4,1,0,0,0,0,0,0,0,0,0,0,0
SES_02263,STU_7823,3600,3,1,0,9717,14720,44715,13.87,4,2,6,0,3,0,0,0,0,0,0,1
SES_02264,STU_6541,3600,1,3,1,1457,1612,3039,2.78,0,0,0,0,0,0,0,0,0,0,0,0
SES_02265,STU_5360,3600,0,0,0,0,0,8039,2.0,0,0,0,0,0,0,0,0,0,0,0,0
SES_02266,STU_5039,3600,5,5,0,4359,8555,93583,5.17,3,5,10,0,0,0,0,0,0,0,0,1
SES_02267,STU_7969,3600,23,25,1,1748,4048,136880,5.49,5,2,0,1,0,0,0,0,0,0,0,1
SES_02268,STU_5332,3600,0,0,1,0,0,114343,20.48,0,0,0,0,0,0,0,0,0,0,1,1
SES_02269,STU_8232,3600,0,4,0,27941,41840,149138,13.03,2,0,0,0,0,0,0,0,0,0,0,1
SES_02270,STU_2280,3600,0,0,0,0,0,2819,1.43,0,0,0,0,0,0,0,0,0,0,0,0
SES_02271,STU_1259,3600,0,0,0,0,0,5620,1.46,0,0,0,0,0,0,0,0,0,0,0,0
SES_02272,STU_6048,3600,0,1,0,8,787,11500,0.58,0,0,0,0,0,0,0,0,0,0,0,0
SES_02273,STU_1759,3600,0,1,0,468,842,14015,3.01,0,0,0,0,0,0,0,0,0,0,0,0
SES_02274,STU_9051,3600,0,0,0,0,0,3003,1.42,0,0,0,0,0,0,0,0,0,0,0,0
SES_02275,STU_3463,3600,0,0,0,0,0,112925,8.38,0,0,0,0,0,0,0,0,0,1,0,1
SES_02276,STU_1873,3600,0,0,0,0,0,101501,10.04,1,0,0,0,0,1,0,0,0,0,0,1
SES_02277,STU_5883,3600,0,0,0,0,0,35758,12.38,0,0,0,0,0,0,0,0,0,1,0,1
SES_02278,STU_3715,3600,0,0,0,0,0,13059,2.08,1,0,0,0,0,0,0,0,0,1,0,0
SES_02279,STU_3752,3600,0,0,0,0,0,48327,6.85,0,0,0,0,0,0,0,0,0,1,0,1
SES_02280,STU_4348,3600,0,1,0,84,409,8126,3.28,1,0,0,0,0,0,0,0,0,1,0,0
SES_02281,STU_1174,3600,0,1,0,57,515,2948,0.72,0,0,0,0,0,0,0,0,0,1,0,0
SES_02282,STU_2845,3600,0,0,0,0,0,1359,0.57,1,0,0,0,0,0,0,0,0,1,0,0
SES_02283,STU_6390,3600,2,2,1,542,580,13126,3.1,1,0,0,0,0,0,0,0,0,1,0,0
SES_02284,STU_9389,3600,0,0,0,0,0,3844,0.57,0,0,0,0,0,0,0,0,0,1,0,0
SES_02285,STU_1228,3600,0,1,0,112,192,2821,3.29,0,0,0,0,0,0,0,0,0,1,0,0
SES_02286,STU_9310,3600,0,0,0,0,0,55024,16.64,1,0,0,0,0,1,0,0,0,0,0,1
SES_02287,STU_2449,3600,3,3,1,3853,8171,37357,6.9,2,7,8,1,0,0,0,0,0,0,0,1
SES_02288,STU_4864,3600,0,1,0,79,633,13706,1.74,0,0,0,0,0,0,0,0,0,0,0,0
SES_02289,STU_2925,3600,0,1,0,257,789,3694,0.81,0,0,0,0,0,0,0,0,0,0,0,0
SES_02290,STU_2352,3600,1,1,1,1795,2419,4396,2.28,0,0,0,0,0,0,0,0,0,0,0,0
SES_02291,STU_8652,3600,0,1,0,339,682,14963,0.93,0,0,0,0,0,0,0,0,0,0,0,0
SES_02292,STU_3068,3600,0,0,0,0,0,2105,2.7,1,0,0,0,0,0,0,0,0,0,0,0
SES_02293,STU_3695,3600,2,2,1,5116,7677,77345,6.44,7,5,5,0,0,0,0,0,0,0,0,1
SES_02294,STU_9142,3600,0,0,0,0,0,8277,2.64,1,0,0,0,0,0,0,0,0,0,0,0
SES_02295,STU_3542,3600,0,1,0,500,500,56823,13.02,1,0,0,0,2,0,0,1,0,0,0,1
SES_02296,STU_8274,3600,0,0,0,0,0,11574,1.17,1,0,0,0,0,0,0,1,0,0,0,0
SES_02297,STU_2403,3600,2,3,1,1701,2265,10966,2.91,1,0,0,0,0,0,0,1,0,0,0,0
SES_02298,STU_1934,3600,3,1,0,3366,5980,40033,16.39,4,2,2,0,4,0,0,0,0,0,0,1
SES_02299,STU_9824,3600,0,1,0,469,621,6174,1.46,0,0,0,0,0,0,0,0,0,0,0,0
SES_02300,STU_8632,3600,0,1,0,355,2230,130252,23.6,0,7,4,0,1,0,0,0,0,0,0,1
SES_02301,STU_5918,3600,0,0,0,0,0,14430,1.01,1,0,0,0,0,0,0,0,0,0,0,0
SES_02302,STU_3688,3600,0,0,0,174,289,126653,15.59,8,0,0,0,0,0,0,0,0,0,0,1
SES_02303,STU_5737,3600,1,3,1,808,1078,2738,1.91,1,0,0,0,0,0,0,0,0,0,0,0
SES_02304,STU_3400,3600,6,6,2,3860,9118,42302,6.81,10,2,2,0,1,0,0,0,0,0,0,1
SES_02305,STU_3866,3600,4,7,2,3024,7523,102820,20.41,8,1,1,0,10,0,0,0,1,0,0,1
SES_02306,STU_9752,3600,14,19,2,4924,15479,74755,11.1,15,3,4,0,0,0,0,0,0,0,0,1
SES_02307,STU_4333,3600,0,5,1,33690,46323,107719,13.58,1,0,0,1,0,0,0,0,0,0,0,1
SES_02308,STU_4144,3600,0,0,0,0,0,5730,2.19,1,0,0,0,0,0,0,0,0,0,0,0
SES_02309,STU_8291,3600,2,2,1,876,1825,6844,1.01,0,0,0,0,0,0,0,0,0,0,0,0
SES_02310,STU_1337,3600,2,0,0,908,1330,22788,23.99,0,0,0,0,12,0,0,0,1,0,0,1
SES_02311,STU_9906,3600,0,0,0,0,0,7682,1.65,1,0,0,0,0,0,0,0,1,0,0,0
SES_02312,STU_6653,3600,1,0,0,979,2664,37123,11.93,1,0,0,0,5,0,0,0,1,0,0,1
SES_02313,STU_3307,3600,0,1,0,599,1211,17077,19.43,2,9,3,0,0,0,0,0,0,0,0,1
SES_02314,STU_4426,3600,0,0,0,0,0,9775,1.16,1,0,0,0,0,0,0,0,0,0,0,0
SES_02315,STU_8933,3600,0,1,0,933,2627,135658,16.24,0,4,5,0,0,0,0,0,0,0,0,1
SES_02316,STU_6411,3600,0,0,0,0,0,12314,2.16,1,0,0,0,0,0,0,0,0,0,0,0
SES_02317,STU_6529,3600,0,1,0,326,339,6175,3.43,1,0,0,0,0,0,0,0,0,0,0,0
SES_02318,STU_8527,3600,0,1,0,156,983,13785,0.46,0,0,0,0,0,0,0,0,0,0,0,0
SES_02319,STU_5983,3600,0,0,0,0,0,7350,2.9,0,0,0,0,0,0,0,0,0,0,0,0
SES_02320,STU_3203,3600,0,0,0,0,0,125827,15.97,0,0,0,1,1,0,0,0,0,1,0,1
SES_02321,STU_9839,3600,0,1,0,164,248,3739,2.96,0,0,0,0,0,0,0,0,0,1,0,0
SES_02322,STU_8254,3600,0,0,0,0,0,5041,2.51,1,0,0,0,0,0,0,0,0,1,0,0
SES_02323,STU_7723,3600,1,3,3,25394,31325,83310,9.78,8,0,0,0,0,0,0,0,0,0,0,1
SES_02324,STU_9165,3600,0,1,0,199,1008,14302,1.58,0,0,0,0,0,0,0,0,0,0,0,0
SES_02325,STU_3362,3600,0,1,0,487,709,4310,1.78,1,0,0,0,0,0,0,0,0,0,0,0
SES_02326,STU_6065,3600,0,0,0,0,0,8514,2.64,0,0,0,0,0,0,0,0,0,0,0,0
SES_02327,STU_4161,3600,1,1,0,1000,1000,118428,12.3,1,0,0,0,1,0,1,0,0,0,0,1
SES_02328,STU_9980,3600,0,1,0,257,724,5072,2.76,1,0,0,0,0,0,1,0,0,0,0,0
SES_02329,STU_4657,3600,0,1,0,494,1242,2036,2.24,0,0,0,0,0,0,1,0,0,0,0,0
SES_02330,STU_5787,3600,11,12,3,1947,7518,136023,10.32,3,2,0,1,2,0,0,0,0,0,0,1
SES_02331,STU_9487,3600,3,5,2,1966,3399,77128,14.27,6,0,0,0,8,0,0,0,1,0,0,1
SES_02332,STU_9736,3600,5,5,1,17778,28654,52004,19.65,5,0,0,0,0,0,0,0,0,0,0,1
SES_02333,STU_1921,3600,0,1,0,359,415,12263,1.58,0,0,0,0,0,0,0,0,0,0,0,0
SES_02334,STU_8441,3600,0,1,0,393,1130,3815,0.61,1,0,0,0,0,0,0,0,0,0,0,0
SES_02335,STU_2035,3600,1,1,0,1000,1000,55146,5.8,1,0,0,0,0,0,1,0,0,0,0,1
SES_02336,STU_4526,3600,2,2,1,1739,2407,5436,2.42,0,0,0,0,0,0,1,0,0,0,0,0
SES_02337,STU_1256,3600,0,1,0,207,1173,7467,1.38,0,0,0,0,0,0,1,0,0,0,0,0
SES_02338,STU_5166,3600,12,14,0,1563,3396,149808,12.54,3,0,1,0,0,0,0,0,0,0,0,1
SES_02339,STU_4643,3600,0,1,0,217,968,7627,1.51,0,0,0,0,0,0,0,0,0,0,0,0
SES_02340,STU_3892,3600,0,0,0,0,0,4416,2.32,1,0,0,0,0,0,0,0,0,0,0,0
SES_02341,STU_4615,3600,1,5,1,17503,28059,13063,17.29,2,0,0,0,0,0,0,0,0,0,0,1
SES_02342,STU_3464,3600,0,1,0,141,464,8042,0.66,0,0,0,0,0,0,0,0,0,0,0,0
SES_02343,STU_1431,3600,0,0,0,0,0,12739,3.45,0,0,0,0,0,0,0,0,0,0,0,0
SES_02344,STU_7257,3600,0,0,0,0,0,5367,1.92,1,0,0,0,0,0,0,0,0,0,0,0
SES_02345,STU_6792,3600,0,0,0,31,305,129594,13.37,19,0,0,0,0,0,0,0,0,0,0,1
SES_02346,STU_1497,3600,0,1,0,64,245,7097,1.69,1,0,0,0,0,0,0,0,0,0,0,0
SES_02347,STU_8700,3600,0,0,1,0,0,122975,14.62,0,0,0,0,1,0,0,0,0,0,1,1
SES_02348,STU_4411,3600,0,1,0,417,1124,1563,1.69,0,0,0,0,0,0,0,0,0,0,1,0
SES_02349,STU_9514,3600,0,1,0,123,745,5263,1.65,0,0,0,0,0,0,0,0,0,0,1,0
SES_02350,STU_8218,3600,0,0,0,0,0,4093,1.91,1,0,0,0,0,0,0,0,0,0,1,0
SES_02351,STU_7119,3600,0,0,0,0,0,8387,0.4,1,0,0,0,0,0,0,0,0,0,1,0
SES_02352,STU_4898,3600,0,0,0,0,0,10704,2.3,0,0,0,0,0,0,0,0,0,0,1,0
SES_02353,STU_3113,3600,22,23,3,2262,8210,128897,14.21,12,0,2,1,0,0,0,0,0,0,0,1
SES_02354,STU_6388,3600,0,0,0,0,0,6987,2.09,1,0,0,0,0,0,0,0,0,0,0,0
SES_02355,STU_5407,3600,0,0,0,0,0,1403,0.74,1,0,0,0,0,0,0,0,0,0,0,0
SES_02356,STU_9877,3600,0,0,0,74,1367,67055,18.36,2,8,3,0,0,0,0,0,0,0,0,1
SES_02357,STU_9689,3600,7,10,0,4605,8990,109059,7.27,3,0,0,1,14,0,0,0,1,0,0,1
SES_02358,STU_5831,3600,0,1,0,371,527,9140,2.64,1,0,0,0,0,0,0,0,1,0,0,0
SES_02359,STU_3242,3600,0,1,0,428,431,6784,1.49,1,0,0,0,0,0,0,0,1,0,0,0
SES_02360,STU_8811,3600,0,0,0,0,0,14161,1.04,0,0,0,0,0,0,0,0,1,0,0,0
SES_02361,STU_2463,3600,2,3,1,1219,1721,11638,1.94,1,0,0,0,0,0,0,0,1,0,0,0
SES_02362,STU_3209,3600,1,4,2,5849,8636,106799,19.7,6,1,2,0,0,0,0,0,0,0,0,1
SES_02363,STU_8777,3600,2,3,1,1563,2404,14350,1.3,0,0,0,0,0,0,0,0,0,0,0,0
SES_02364,STU_3770,3600,0,0,1,0,0,12833,14.74,0,0,0,0,1,0,0,0,0,0,1,1
SES_02365,STU_6889,3600,0,1,0,248,762,1387,2.55,0,0,0,0,0,0,0,0,0,0,1,0
SES_02366,STU_4639,3600,0,0,0,0,0,78240,13.83,1,0,0,0,1,1,0,0,0,0,0,1
SES_02367,STU_7420,3600,0,0,0,0,0,2529,2.5,1,0,0,0,0,1,0,0,0,0,0,0
SES_02368,STU_8377,3600,2,3,1,981,1914,1037,0.47,1,0,0,0,0,1,0,0,0,0,0,0
SES_02369,STU_9296,3600,4,2,2,9345,14865,107662,15.15,4,1,3,0,0,0,0,0,0,0,0,1
SES_02370,STU_2302,3600,8,9,1,4517,6888,75909,21.76,3,1,1,0,5,0,0,0,1,0,0,1
SES_02371,STU_3439,3600,0,1,0,518,679,74633,22.98,2,3,3,0,1,0,0,0,0,0,0,1
SES_02372,STU_6227,3600,0,1,0,448,503,11075,3.4,1,0,0,0,0,0,0,0,0,0,0,0
SES_02373,STU_4681,3600,0,1,0,488,886,10199,2.15,0,0,0,0,0,0,0,0,0,0,0,0
SES_02374,STU_2528,3600,0,1,0,482,949,2687,1.37,0,0,0,0,0,0,0,0,0,0,0,0
SES_02375,STU_9759,3600,0,0,0,0,0,9429,2.96,1,0,0,0,0,0,0,0,0,0,0,0
SES_02376,STU_3226,3600,0,1,0,153,784,2600,2.49,0,0,0,0,0,0,0,0,0,0,0,0
SES_02377,STU_1876,3600,0,1,0,437,1212,9085,1.2,0,0,0,0,0,0,0,0,0,0,0,0
SES_02378,STU_7658,3600,0,0,0,197,874,14141,6.23,9,0,0,0,0,0,0,0,0,0,0,1
SES_02379,STU_5786,3600,0,0,0,0,0,2068,3.09,0,0,0,0,0,0,0,0,0,0,0,0
SES_02380,STU_2106,3600,2,3,1,1476,1966,13266,2.43,0,0,0,0,0,0,0,0,0,0,0,0
SES_02381,STU_6673,3600,1,2,1,5938,13240,29645,6.01,2,2,1,1,0,0,0,0,0,0,0,1
SES_02382,STU_2389,3600,0,1,0,260,383,6975,1.66,1,0,0,0,0,0,0,0,0,0,0,0
SES_02383,STU_3902,3600,0,0,0,0,0,11506,2.54,1,0,0,0,0,0,0,0,0,0,0,0
SES_02384,STU_1424,3600,18,21,4,2299,5037,122645,23.22,7,2,1,0,0,0,0,0,0,0,0,1
SES_02385,STU_9264,3600,1,5,1,25639,37476,31958,19.18,2,0,0,0,0,0,0,0,0,0,0,1
SES_02386,STU_6059,3600,0,0,0,0,0,87729,24.74,1,0,0,1,0,1,0,0,0,0,0,1
SES_02387,STU_1300,3600,0,1,0,215,891,8533,0.9,0,0,0,0,0,1,0,0,0,0,0,0
SES_02388,STU_9475,3600,1,1,0,1000,1000,141283,19.74,1,0,0,0,0,0,1,0,0,0,0,1
SES_02389,STU_2708,3600,1,4,2,11800,15846,74854,8.35,6,1,2,0,0,0,0,0,0,0,0,1
SES_02390,STU_9017,3600,0,1,0,280,1118,9224,3.46,0,0,0,0,0,0,0,0,0,0,0,0
SES_02391,STU_7249,3600,0,0,1,0,0,16715,7.08,0,0,0,0,0,0,0,0,0,0,1,1
SES_02392,STU_9201,3600,1,3,1,926,1901,7699,2.02,0,0,0,0,0,0,0,0,0,0,1,0
SES_02393,STU_4066,3600,2,1,1,979,1687,11923,2.15,0,0,0,0,0,0,0,0,0,0,1,0
SES_02394,STU_1152,3600,8,8,0,1699,2280,132137,11.97,1,1,0,0,2,0,0,0,0,0,0,1
SES_02395,STU_5404,3600,0,1,0,165,907,12447,2.12,0,0,0,0,0,0,0,0,0,0,0,0
SES_02396,STU_1377,3600,0,0,0,0,0,7178,1.54,0,0,0,0,0,0,0,0,0,0,0,0
SES_02397,STU_5669,3600,0,0,0,0,0,11053,1.07,1,0,0,0,0,0,0,0,0,0,0,0
SES_02398,STU_4506,3600,0,0,0,0,0,5973,1.54,0,0,0,0,0,0,0,0,0,0,0,0
SES_02399,STU_1849,3600,0,1,0,467,628,5801,2.4,0,0,0,0,0,0,0,0,0,0,0,0
SES_02400,STU_5188,3600,8,14,2,5239,11594,122114,11.09,6,3,3,0,2,0,0,0,0,0,0,1
SES_02401,STU_3774,3600,2,2,1,1240,2053,6168,3.21,1,0,0,0,0,0,0,0,0,0,0,0
SES_02402,STU_6444,3600,0,0,0,343,548,136330,23.29,12,0,0,0,0,0,0,0,0,0,0,1
SES_02403,STU_9771,3600,0,1,0,40,973,1173,3.09,1,0,0,0,0,0,0,0,0,0,0,0
SES_02404,STU_7426,3600,0,0,0,0,0,7714,2.83,0,0,0,0,0,0,0,0,0,0,0,0
SES_02405,STU_2175,3600,0,0,0,0,0,12667,1.15,1,0,0,0,0,0,0,0,0,0,0,0
SES_02406,STU_4116,3600,0,1,0,500,1177,14388,3.2,1,0,0,0,0,0,0,0,0,0,0,0
SES_02407,STU_8323,3600,0,0,0,0,0,7298,1.32,1,0,0,0,0,0,0,0,0,0,0,0
SES_02408,STU_8965,3600,0,0,0,0,0,11819,0.95,0,0,0,0,0,0,0,0,0,0,0,0
SES_02409,STU_5565,3600,0,0,0,0,0,44040,5.45,0,0,0,0,0,0,0,0,0,1,0,1
SES_02410,STU_1295,3600,0,0,0,0,0,2048,2.63,1,0,0,0,0,0,0,0,0,1,0,0
SES_02411,STU_1680,3600,0,1,0,116,392,4065,0.41,0,0,0,0,0,0,0,0,0,1,0,0
SES_02412,STU_4006,3600,2,3,1,581,924,11181,3.18,1,0,0,0,0,0,0,0,0,1,0,0
SES_02413,STU_4990,3600,0,0,0,0,0,10219,2.13,0,0,0,0,0,0,0,0,0,1,0,0
SES_02414,STU_4000,3600,0,0,0,0,0,2128,2.2,0,0,0,0,0,0,0,0,0,1,0,0
SES_02415,STU_8187,3600,0,1,0,500,500,78646,6.93,1,0,0,0,0,0,0,1,0,0,0,1
SES_02416,STU_2985,3600,0,1,0,420,1090,5932,1.64,1,0,0,0,0,0,0,1,0,0,0,0
SES_02417,STU_8848,3600,2,2,0,4024,10857,31693,13.66,1,5,3,1,2,0,0,0,0,0,0,1
SES_02418,STU_8380,3600,9,9,3,3896,5267,27507,21.19,5,1,2,0,0,0,0,0,0,0,0,1
SES_02419,STU_9079,3600,0,1,0,192,481,10359,1.27,1,0,0,0,0,0,0,0,0,0,0,0
SES_02420,STU_7909,3600,0,0,0,0,0,7034,2.89,0,0,0,0,0,0,0,0,0,0,0,0
SES_02421,STU_2394,3600,0,0,0,0,0,4068,2.96,0,0,0,0,0,0,0,0,0,0,0,0
SES_02422,STU_4970,3600,0,1,0,565,2492,39403,5.54,2,0,0,0,9,0,0,0,1,0,0,1
SES_02423,STU_5497,3600,0,1,0,409,750,13815,1.27,0,0,0,0,0,0,0,0,1,0,0,0
SES_02424,STU_4563,3600,1,5,0,23265,38247,68204,5.25,2,0,0,1,0,0,0,0,0,0,0,1
SES_02425,STU_3782,3600,0,1,0,184,949,11309,1.61,0,0,0,0,0,0,0,0,0,0,0,0
SES_02426,STU_4208,3600,0,1,0,235,1024,2639,2.64,1,0,0,0,0,0,0,0,0,0,0,0
SES_02427,STU_9603,3600,0,1,0,483,1070,8618,2.75,0,0,0,0,0,0,0,0,0,0,0,0
SES_02428,STU_3239,3600,0,1,0,314,987,8969,1.05,1,0,0,0,0,0,0,0,0,0,0,0
SES_02429,STU_7358,3600,0,0,0,0,0,14194,0.85,0,0,0,0,0,0,0,0,0,0,0,0
SES_02430,STU_3772,3600,0,0,0,0,0,14112,2.08,1,0,0,0,0,0,0,0,0,0,0,0
SES_02431,STU_2034,3600,0,1,0,154,427,14501,0.46,0,0,0,0,0,0,0,0,0,0,0,0
SES_02432,STU_2576,3600,1,1,1,1270,2017,7284,3.12,1,0,0,0,0,0,0,0,0,0,0,0
SES_02433,STU_8609,3600,0,0,0,0,0,11866,0.57,1,0,0,0,0,0,0,0,0,0,0,0
SES_02434,STU_3478,3600,1,1,0,1000,1000,83567,6.01,1,0,0,0,0,0,1,0,0,0,0,1
SES_02435,STU_2370,3600,0,1,0,184,845,13598,2.33,0,0,0,0,0,0,1,0,0,0,0,0
SES_02436,STU_6506,3600,0,1,0,471,714,13983,0.47,1,0,0,0,0,0,1,0,0,0,0,0
SES_02437,STU_4413,3600,0,1,0,190,212,11304,3.46,0,0,0,0,0,0,1,0,0,0,0,0
SES_02438,STU_5773,3600,0,1,0,244,1108,10486,1.92,1,0,0,0,0,0,1,0,0,0,0,0
SES_02439,STU_2687,3600,0,0,0,0,0,18302,24.6,0,0,0,0,0,0,0,0,0,1,0,1
SES_02440,STU_9780,3600,0,1,0,256,478,4445,1.61,1,0,0,0,0,0,0,0,0,1,0,0
SES_02441,STU_2232,3600,0,1,0,671,1044,16823,9.4,1,0,0,0,5,0,0,0,1,0,0,1
SES_02442,STU_8590,3600,0,0,0,0,0,8636,0.43,0,0,0,0,0,0,0,0,1,0,0,0
SES_02443,STU_9395,3600,2,4,1,11998,19658,134443,18.2,3,3,1,0,0,0,0,0,0,0,0,1
SES_02444,STU_1738,3600,0,1,0,419,967,3732,1.31,0,0,0,0,0,0,0,0,0,0,0,0
SES_02445,STU_3087,3600,0,0,0,0,0,7924,1.51,0,0,0,0,0,0,0,0,0,0,0,0
SES_02446,STU_8540,3600,8,10,3,11882,24802,98176,5.15,18,5,5,1,1,0,0,0,0,0,0,1
SES_02447,STU_7057,3600,0,1,0,390,1027,10873,0.99,1,0,0,0,0,0,0,0,0,0,0,0
SES_02448,STU_6598,3600,0,0,0,0,0,2343,1.23,0,0,0,0,0,0,0,0,0,0,0,0
SES_02449,STU_8046,3600,0,1,0,370,1160,11619,1.95,1,0,0,0,0,0,0,0,0,0,0,0
SES_02450,STU_9887,3600,0,0,0,0,0,1691,1.06,0,0,0,0,0,0,0,0,0,0,0,0
SES_02451,STU_7158,3600,1,1,1,1854,2536,3436,1.7,1,0,0,0,0,0,0,0,0,0,0,0
SES_02452,STU_1866,3600,0,0,0,0,0,13139,2.12,0,0,0,0,0,0,0,0,0,0,0,0
SES_02453,STU_9014,3600,0,0,0,0,0,7977,3.1,1,0,0,0,0,0,0,0,0,0,0,0
SES_02454,STU_2646,3600,0,1,0,431,471,56729,17.46,0,7,7,0,0,0,0,0,0,0,0,1
SES_02455,STU_9762,3600,0,0,0,0,0,3356,2.95,1,0,0,0,0,0,0,0,0,0,0,0
SES_02456,STU_9001,3600,0,1,0,347,374,6591,2.96,1,0,0,0,0,0,0,0,0,0,0,0
SES_02457,STU_6019,3600,1,2,1,1526,1678,9545,3.12,1,0,0,0,0,0,0,0,0,0,0,0
SES_02458,STU_7975,3600,0,1,0,193,268,5334,2.08,1,0,0,0,0,0,0,0,0,0,0,0
SES_02459,STU_9132,3600,0,1,0,284,431,10734,0.48,0,0,0,0,0,0,0,0,0,0,0,0
SES_02460,STU_8891,3600,0,0,0,0,0,11364,2.44,0,0,0,0,0,0,0,0,0,0,0,0
SES_02461,STU_9712,3600,1,1,1,1627,2589,13637,3.04,0,0,0,0,0,0,0,0,0,0,0,0
SES_02462,STU_1682,3600,0,1,0,462,1164,1021,3.31,1,0,0,0,0,0,0,0,0,0,0,0
SES_02463,STU_4965,3600,0,0,0,0,0,9888,2.83,0,0,0,0,0,0,0,0,0,0,0,0
SES_02464,STU_9646,3600,15,19,5,4847,15600,143200,12.52,6,2,4,0,0,0,0,0,0,0,0,1
SES_02465,STU_4691,3600,0,1,0,167,212,10085,0.65,0,0,0,0,0,0,0,0,0,0,0,0
SES_02466,STU_6158,3600,0,1,0,500,500,32899,14.06,1,0,0,0,2,0,0,1,0,0,0,1
SES_02467,STU_8210,3600,0,0,0,0,0,8381,3.27,1,0,0,0,0,0,0,1,0,0,0,0
SES_02468,STU_8753,3600,8,11,1,2916,4758,49622,22.76,5,2,2,0,7,0,0,0,1,0,0,1
SES_02469,STU_8347,3600,0,0,0,0,0,9417,1.07,0,0,0,0,0,0,0,0,1,0,0,0
SES_02470,STU_7147,3600,1,1,0,1000,1000,105032,12.18,1,0,0,0,0,0,1,0,0,0,0,1
SES_02471,STU_1146,3600,0,3,0,26003,38519,149166,16.39,0,0,0,0,0,0,0,0,0,0,0,1
SES_02472,STU_6719,3600,2,1,1,1387,1555,6958,1.83,1,0,0,0,0,0,0,0,0,0,0,0
SES_02473,STU_5622,3600,0,1,0,85,281,12598,0.57,0,0,0,0,0,0,0,0,0,0,0,0
SES_02474,STU_4928,3600,0,0,0,0,0,2725,3.25,0,0,0,0,0,0,0,0,0,0,0,0
SES_02475,STU_3452,3600,0,0,0,0,0,3594,1.08,1,0,0,0,0,0,0,0,0,0,0,0
SES_02476,STU_2934,3600,0,1,0,55,351,4919,1.6,0,0,0,0,0,0,0,0,0,0,0,0
SES_02477,STU_7290,3600,0,1,0,235,565,4590,1.24,1,0,0,0,0,0,0,0,0,0,0,0
SES_02478,STU_4014,3600,0,0,0,0,0,112630,13.07,0,0,0,0,0,0,0,0,0,1,0,1
SES_02479,STU_1565,3600,0,1,0,75,157,49987,21.52,10,0,0,0,0,0,0,0,0,0,0,1
SES_02480,STU_8679,3600,0,0,0,0,0,8113,0.64,0,0,0,0,0,0,0,0,0,0,0,0
SES_02481,STU_9703,3600,0,1,0,813,1333,55844,21.55,0,9,6,1,2,0,0,0,0,0,0,1
SES_02482,STU_4848,3600,0,0,0,946,2268,20554,15.83,2,7,8,0,2,0,0,0,0,0,0,1
SES_02483,STU_3963,3600,0,0,0,0,0,4433,2.98,1,0,0,0,0,0,0,0,0,0,0,0
SES_02484,STU_9364,3600,0,0,0,0,0,10591,1.92,0,0,0,0,0,0,0,0,0,0,0,0
SES_02485,STU_6883,3600,0,0,0,0,0,5181,0.33,1,0,0,0,0,0,0,0,0,0,0,0
SES_02486,STU_1428,3600,4,4,1,24983,33024,67224,6.11,8,0,0,0,0,0,0,0,0,0,0,1
SES_02487,STU_3621,3600,0,1,0,371,743,4243,0.5,1,0,0,0,0,0,0,0,0,0,0,0
SES_02488,STU_9720,3600,0,0,0,0,0,109828,22.73,0,0,0,0,0,0,0,0,0,1,0,1
SES_02489,STU_3132,3600,0,0,0,0,0,7577,2.79,0,0,0,0,0,0,0,0,0,1,0,0
SES_02490,STU_7615,3600,1,1,1,1172,2088,5272,1.97,0,0,0,0,0,0,0,0,0,1,0,0
SES_02491,STU_7484,3600,12,13,0,2304,3815,101641,6.91,3,0,1,0,0,0,0,0,0,0,0,1
SES_02492,STU_3734,3600,0,0,1,0,0,90724,8.68,0,0,0,0,0,0,0,0,0,0,1,1
SES_02493,STU_2295,3600,6,8,0,1265,2389,91668,24.48,2,0,0,0,0,0,0,0,0,0,0,1
SES_02494,STU_7403,3600,1,2,1,1490,2359,13251,0.91,1,0,0,0,0,0,0,0,0,0,0,0
SES_02495,STU_1113,3600,0,0,0,0,0,3732,2.78,1,0,0,0,0,0,0,0,0,0,0,0
SES_02496,STU_3060,3600,0,0,0,0,0,10510,1.26,0,0,0,0,0,0,0,0,0,0,0,0
SES_02497,STU_2960,3600,0,0,0,334,476,126057,21.83,9,0,0,0,0,0,0,0,0,0,0,1
SES_02498,STU_3800,3600,4,4,0,5043,8144,42113,22.69,4,1,3,0,0,0,0,0,0,0,0,1
SES_02499,STU_1781,3600,0,0,0,0,0,10789,1.16,0,0,0,0,0,0,0,0,0,0,0,0
SES_02500,STU_4128,3600,0,0,0,0,0,7993,3.02,1,0,0,0,0,0,0,0,0,0,0,0
SES_02501,STU_6213,3600,0,0,0,0,0,1183,2.23,0,0,0,0,0,0,0,0,0,0,0,0
SES_02502,STU_3204,3600,0,0,0,0,0,15964,13.34,1,0,0,0,0,1,0,0,0,0,0,1
SES_02503,STU_8234,3600,0,1,0,129,939,14117,1.12,0,0,0,0,0,1,0,0,0,0,0,0
SES_02504,STU_3207,3600,0,1,0,392,522,10167,2.65,1,0,0,0,0,1,0,0,0,0,0,0
SES_02505,STU_7187,3600,5,5,0,4885,9224,79500,16.48,4,4,9,0,0,0,0,0,0,0,0,1
SES_02506,STU_4394,3600,0,0,0,0,0,101532,21.45,0,0,0,0,0,0,0,0,0,1,0,1
SES_02507,STU_5434,3600,2,1,1,1686,1814,3900,2.34,0,0,0,0,0,0,0,0,0,1,0,0
SES_02508,STU_2798,3600,0,0,0,63,300,148603,19.9,15,0,0,1,0,0,0,0,0,0,0,1
SES_02509,STU_9913,3600,0,0,0,0,0,4266,3.45,1,0,0,0,0,0,0,0,0,0,0,0
SES_02510,STU_2538,3600,0,1,0,438,537,62366,19.58,1,4,8,1,0,0,0,0,0,0,0,1
SES_02511,STU_3011,3600,4,4,1,13202,25603,92976,6.34,9,0,0,0,0,0,0,0,0,0,0,1
SES_02512,STU_2021,3600,0,0,0,0,0,3082,2.5,1,0,0,0,0,0,0,0,0,0,0,0
SES_02513,STU_9072,3600,0,0,0,0,0,8760,1.47,1,0,0,0,0,0,0,0,0,0,0,0
SES_02514,STU_1815,3600,0,0,0,0,0,1883,2.37,0,0,0,0,0,0,0,0,0,0,0,0
SES_02515,STU_9025,3600,0,0,0,0,0,13116,2.39,1,0,0,0,0,0,0,0,0,0,0,0
SES_02516,STU_3264,3600,4,4,1,14967,21716,61681,12.41,5,0,0,1,0,0,0,0,0,0,0,1
SES_02517,STU_9884,3600,1,2,1,1950,2693,7695,1.2,0,0,0,0,0,0,0,0,0,0,0,0
SES_02518,STU_8397,3600,0,1,0,103,963,10816,2.55,1,0,0,0,0,0,0,0,0,0,0,0
SES_02519,STU_2876,3600,0,0,0,0,0,6274,2.9,1,0,0,0,0,0,0,0,0,0,0,0
SES_02520,STU_2639,3600,0,0,1,0,0,102266,11.04,0,0,0,0,1,0,0,0,0,0,1,1
SES_02521,STU_5540,3600,0,0,0,170,1109,77594,8.57,13,0,0,0,0,0,0,0,0,0,0,1
SES_02522,STU_2482,3600,1,1,0,592,1804,131600,7.23,1,0,0,0,6,0,0,0,1,0,0,1
SES_02523,STU_2814,3600,0,1,0,215,437,10353,2.82,1,0,0,0,0,0,0,0,1,0,0,0
SES_02524,STU_9965,3600,0,0,1,0,0,79178,20.15,0,0,0,0,0,0,0,0,0,0,1,1
SES_02525,STU_1274,3600,13,13,4,4883,10103,51256,9.54,7,2,0,0,1,0,0,0,0,0,0,1
SES_02526,STU_2811,3600,0,1,0,445,488,1512,2.02,0,0,0,0,0,0,0,0,0,0,0,0
SES_02527,STU_1334,3600,11,13,5,8627,23362,44889,5.24,13,3,2,0,0,0,0,0,0,0,0,1
SES_02528,STU_2799,3600,1,1,1,894,1312,6186,3.17,0,0,0,0,0,0,0,0,0,0,0,0
SES_02529,STU_1311,3600,1,3,1,1025,1517,11636,0.35,0,0,0,0,0,0,0,0,0,0,0,0
SES_02530,STU_5079,3600,2,2,1,1471,2066,10351,1.88,0,0,0,0,0,0,0,0,0,0,0,0
SES_02531,STU_4209,3600,0,1,0,500,500,63144,13.72,1,0,0,0,2,0,0,1,0,0,0,1
SES_02532,STU_4627,3600,0,1,0,154,481,1210,0.79,0,0,0,0,0,0,0,1,0,0,0,0
SES_02533,STU_7006,3600,0,1,0,500,500,36361,10.99,1,0,0,1,0,0,0,1,0,0,0,1
SES_02534,STU_7399,3600,0,1,0,249,1130,11767,3.25,1,0,0,0,0,0,0,1,0,0,0,0
SES_02535,STU_7717,3600,0,0,0,0,0,5034,1.69,1,0,0,0,0,0,0,1,0,0,0,0
SES_02536,STU_1077,3600,0,1,0,113,454,12135,2.27,0,0,0,0,0,0,0,1,0,0,0,0
SES_02537,STU_9187,3600,0,1,0,9,635,5339,3.07,0,0,0,0,0,0,0,1,0,0,0,0
SES_02538,STU_8602,3600,0,1,0,863,2776,99178,14.91,2,10,6,0,0,0,0,0,0,0,0,1
SES_02539,STU_4356,3600,0,1,0,0,0,12751,2.86,1,0,0,0,0,0,0,0,0,0,0,0
SES_02540,STU_6206,3600,3,2,2,11315,13723,104003,19.6,2,1,3,0,0,0,0,0,0,0,0,1
SES_02541,STU_2698,3600,4,4,1,2719,6875,71293,19.67,5,5,6,1,0,0,0,0,0,0,0,1
SES_02542,STU_7231,3600,1,1,0,1000,1000,103697,22.79,1,0,0,0,1,0,1,0,0,0,0,1
SES_02543,STU_8602,3600,1,1,0,15,71,120183,17.27,1,0,0,0,7,0,0,0,1,0,0,1
SES_02544,STU_3240,3600,0,1,0,180,481,1218,1.83,0,0,0,0,0,0,0,0,1,0,0,0
SES_02545,STU_7054,3600,11,14,3,7478,12930,76319,21.0,20,1,4,0,0,0,0,0,0,0,0,1
SES_02546,STU_9304,3600,0,1,0,359,1179,9131,1.16,0,0,0,0,0,0,0,0,0,0,0,0
SES_02547,STU_2494,3600,0,1,0,500,500,149052,24.18,1,0,0,0,0,0,0,1,0,0,0,1
SES_02548,STU_7876,3600,0,1,0,446,1266,8470,1.42,1,0,0,0,0,0,0,1,0,0,0,0
SES_02549,STU_9391,3600,0,1,0,401,647,14179,0.98,0,0,0,0,0,0,0,1,0,0,0,0
SES_02550,STU_9611,3600,0,1,0,381,1122,8782,0.38,1,0,0,0,0,0,0,1,0,0,0,0
SES_02551,STU_3270,3600,1,1,1,1911,2852,10275,1.34,0,0,0,0,0,0,0,1,0,0,0,0
SES_02552,STU_3981,3600,0,0,0,0,0,12793,17.67,0,0,0,1,2,0,0,0,0,1,0,1
SES_02553,STU_9458,3600,0,0,0,0,0,1039,0.93,0,0,0,0,0,0,0,0,0,1,0,0
SES_02554,STU_1150,3600,0,0,0,0,0,2076,0.95,1,0,0,0,0,0,0,0,0,1,0,0
SES_02555,STU_7027,3600,3,3,0,9975,17059,16033,14.28,3,6,2,0,5,0,0,0,0,0,0,1
SES_02556,STU_8924,3600,0,1,0,50,980,2125,0.86,1,0,0,0,0,0,0,0,0,0,0,0
SES_02557,STU_4084,3600,0,0,0,0,0,13404,3.35,1,0,0,0,0,0,0,0,0,0,0,0
SES_02558,STU_2777,3600,13,13,0,2114,4107,38775,10.46,1,0,0,0,0,0,0,0,0,0,0,1
SES_02559,STU_5315,3600,0,1,0,147,284,13494,0.59,1,0,0,0,0,0,0,0,0,0,0,0
SES_02560,STU_7131,3600,1,1,0,1000,1000,103347,8.15,1,0,0,0,0,0,1,0,0,0,0,1
SES_02561,STU_4760,3600,2,1,1,646,721,3876,2.18,1,0,0,0,0,0,1,0,0,0,0,0
SES_02562,STU_9288,3600,0,1,0,500,500,83675,6.88,1,0,0,0,0,0,0,1,0,0,0,1
SES_02563,STU_8723,3600,0,1,0,701,1054,44488,16.45,1,10,10,0,0,0,0,0,0,0,0,1
SES_02564,STU_7688,3600,1,1,0,1000,1000,107459,16.98,1,0,0,0,1,0,1,0,0,0,0,1
SES_02565,STU_6510,3600,7,9,0,3720,8297,138326,7.03,7,1,1,0,7,0,0,0,1,0,0,1
SES_02566,STU_9612,3600,0,1,0,312,482,4830,2.71,1,0,0,0,0,0,0,0,1,0,0,0
SES_02567,STU_5620,3600,0,0,0,0,0,59590,17.97,0,0,0,0,0,0,0,0,0,1,0,1
SES_02568,STU_2193,3600,0,0,0,486,1223,17090,7.58,8,0,0,0,2,0,0,0,0,0,0,1
SES_02569,STU_9234,3600,0,3,0,34445,41226,104367,7.33,1,0,0,1,0,0,0,0,0,0,0,1
SES_02570,STU_3250,3600,4,7,1,2653,4529,54329,6.45,7,0,0,0,11,0,0,0,1,0,0,1
SES_02571,STU_3716,3600,0,1,0,320,803,2009,1.29,1,0,0,0,0,0,0,0,1,0,0,0
SES_02572,STU_3541,3600,0,0,1,0,0,53326,7.18,0,0,0,0,0,0,0,0,0,0,1,1
SES_02573,STU_2327,3600,0,0,0,0,0,11891,0.76,0,0,0,0,0,0,0,0,0,0,1,0
SES_02574,STU_1567,3600,2,3,1,1345,2261,12700,3.06,0,0,0,0,0,0,0,0,0,0,1,0
SES_02575,STU_6152,3600,0,0,0,0,0,12394,2.94,0,0,0,0,0,0,0,0,0,0,1,0
SES_02576,STU_8042,3600,0,0,1,0,0,50137,18.06,0,0,0,0,0,0,0,0,0,0,1,1
SES_02577,STU_2710,3600,0,0,0,0,0,6782,1.69,0,0,0,0,0,0,0,0,0,0,1,0
SES_02578,STU_8269,3600,0,0,0,0,0,4133,1.2,0,0,0,0,0,0,0,0,0,0,1,0
SES_02579,STU_4787,3600,2,2,1,1816,2737,13015,1.76,1,0,0,0,0,0,0,0,0,0,1,0
SES_02580,STU_8173,3600,0,1,0,169,970,9751,2.37,1,0,0,0,0,0,0,0,0,0,1,0
SES_02581,STU_7112,3600,1,1,0,4706,11133,80128,16.51,1,6,5,0,6,0,0,0,0,0,0,1
SES_02582,STU_4021,3600,0,0,0,0,0,10936,0.37,0,0,0,0,0,0,0,0,0,0,0,0
SES_02583,STU_7265,3600,1,2,0,25164,38955,139640,5.79,0,0,0,0,0,0,0,0,0,0,0,1
SES_02584,STU_6401,3600,5,8,2,3597,7127,18760,24.8,6,0,1,1,11,0,0,0,1,0,0,1
SES_02585,STU_7351,3600,0,5,1,23782,38637,79329,5.31,0,0,0,0,0,0,0,0,0,0,0,1
SES_02586,STU_5087,3600,0,0,0,0,0,4612,1.49,0,0,0,0,0,0,0,0,0,0,0,0
SES_02587,STU_9733,3600,0,1,0,291,699,12640,2.21,1,0,0,0,0,0,0,0,0,0,0,0
SES_02588,STU_3911,3600,0,1,0,305,1186,4160,1.29,0,0,0,0,0,0,0,0,0,0,0,0
SES_02589,STU_6380,3600,1,1,0,1000,1000,18559,16.64,1,0,0,0,0,0,1,0,0,0,0,1
SES_02590,STU_8068,3600,0,1,0,229,1156,1714,2.04,1,0,0,0,0,0,1,0,0,0,0,0
SES_02591,STU_4382,3600,0,1,0,384,534,12322,0.71,1,0,0,0,0,0,1,0,0,0,0,0
SES_02592,STU_5422,3600,2,2,1,3793,6378,12537,13.19,4,5,10,0,2,0,0,0,0,0,0,1
SES_02593,STU_7342,3600,0,0,0,0,0,2963,2.27,1,0,0,0,0,0,0,0,0,0,0,0
SES_02594,STU_6493,3600,0,1,0,489,1370,5971,1.16,1,0,0,0,0,0,0,0,0,0,0,0
SES_02595,STU_1890,3600,0,0,0,167,636,17022,9.0,10,0,0,0,0,0,0,0,0,0,0,1
SES_02596,STU_4718,3600,0,0,0,0,0,12072,3.22,1,0,0,0,0,0,0,0,0,0,0,0
SES_02597,STU_9630,3600,0,1,0,314,731,14866,1.59,1,0,0,0,0,0,0,0,0,0,0,0
SES_02598,STU_6653,3600,0,1,0,49,244,14548,1.89,1,0,0,0,0,0,0,0,0,0,0,0
SES_02599,STU_1804,3600,2,3,1,917,1571,5340,1.33,0,0,0,0,0,0,0,0,0,0,0,0
SES_02600,STU_7904,3600,1,3,1,587,1141,4025,0.56,0,0,0,0,0,0,0,0,0,0,0,0
SES_02601,STU_7958,3600,0,0,0,0,0,7762,0.83,1,0,0,0,0,0,0,0,0,0,0,0
SES_02602,STU_8458,3600,0,0,0,0,0,2250,0.78,1,0,0,0,0,0,0,0,0,0,0,0
SES_02603,STU_3951,3600,4,5,1,3719,6802,84174,8.37,8,0,2,0,11,0,0,0,1,0,0,1
SES_02604,STU_1392,3600,0,0,0,0,0,5124,3.17,1,0,0,0,0,0,0,0,1,0,0,0
SES_02605,STU_7255,3600,1,2,1,17187,31814,40843,7.85,0,0,0,0,0,0,0,0,0,0,0,1
SES_02606,STU_3692,3600,15,20,4,11439,25712,126941,10.07,16,5,4,0,0,0,0,0,0,0,0,1
SES_02607,STU_2059,3600,0,1,0,231,393,4967,3.49,0,0,0,0,0,0,0,0,0,0,0,0
SES_02608,STU_7882,3600,0,1,0,60,597,9681,1.15,1,0,0,0,0,0,0,0,0,0,0,0
SES_02609,STU_3628,3600,0,0,0,906,2095,92953,6.63,0,0,0,0,4,0,0,0,1,0,0,1
SES_02610,STU_8734,3600,0,1,0,151,665,3717,2.5,1,0,0,0,0,0,0,0,1,0,0,0
SES_02611,STU_1257,3600,15,18,5,6357,16004,90955,14.4,15,1,2,0,0,0,0,0,0,0,0,1
SES_02612,STU_1347,3600,1,2,1,759,903,8385,0.7,0,0,0,0,0,0,0,0,0,0,0,0
SES_02613,STU_1200,3600,0,0,0,49,98,51586,10.47,0,5,10,0,0,0,0,0,0,0,0,1
SES_02614,STU_2017,3600,0,1,0,102,587,14533,0.99,1,0,0,0,0,0,0,0,0,0,0,0
SES_02615,STU_2471,3600,0,0,0,0,0,3306,1.04,0,0,0,0,0,0,0,0,0,0,0,0
SES_02616,STU_3753,3600,0,2,0,18772,24614,146601,14.33,0,0,0,1,0,0,0,0,0,0,0,1
SES_02617,STU_5456,3600,0,1,0,425,740,4647,0.95,0,0,0,0,0,0,0,0,0,0,0,0
SES_02618,STU_2206,3600,2,3,2,15403,28463,81057,7.81,2,0,0,0,0,0,0,0,0,0,0,1
SES_02619,STU_5802,3600,0,1,0,238,1181,12436,2.8,0,0,0,0,0,0,0,0,0,0,0,0
SES_02620,STU_8831,3600,8,10,0,1453,3008,100091,21.6,3,1,0,0,1,0,0,0,0,0,0,1
SES_02621,STU_7683,3600,0,1,0,487,891,3188,3.1,1,0,0,0,0,0,0,0,0,0,0,0
SES_02622,STU_7754,3600,0,1,0,202,264,8847,2.0,1,0,0,0,0,0,0,0,0,0,0,0
SES_02623,STU_6855,3600,0,0,0,0,0,5089,1.29,1,0,0,0,0,0,0,0,0,0,0,0
SES_02624,STU_3871,3600,1,2,1,897,1492,1725,2.2,1,0,0,0,0,0,0,0,0,0,0,0
SES_02625,STU_5328,3600,0,1,0,446,997,2574,1.47,1,0,0,0,0,0,0,0,0,0,0,0
SES_02626,STU_6930,3600,3,5,2,19323,30030,54264,12.29,3,0,0,0,0,0,0,0,0,0,0,1
SES_02627,STU_7508,3600,0,0,0,0,0,5619,1.08,1,0,0,0,0,0,0,0,0,0,0,0
SES_02628,STU_9269,3600,1,3,0,18293,26330,21290,10.53,0,0,0,1,1,0,0,0,0,0,0,1
SES_02629,STU_3060,3600,0,0,0,0,0,13109,1.98,1,0,0,0,0,0,0,0,0,0,0,0
SES_02630,STU_2057,3600,3,3,2,4332,8731,61961,18.48,9,1,2,1,11,0,0,0,1,0,0,1
SES_02631,STU_8123,3600,0,1,0,9,751,104021,19.69,13,0,0,0,0,0,0,0,0,0,0,1
SES_02632,STU_2813,3600,1,0,0,411,1624,28716,20.28,1,0,0,0,9,0,0,0,1,0,0,1
SES_02633,STU_3494,3600,7,9,0,2164,3798,137349,24.82,8,2,1,0,10,0,0,0,1,0,0,1
SES_02634,STU_5997,3600,1,3,1,1534,1700,6735,1.66,0,0,0,0,0,0,0,0,1,0,0,0
SES_02635,STU_9700,3600,0,0,0,0,0,4684,1.15,1,0,0,0,0,0,0,0,1,0,0,0
SES_02636,STU_2810,3600,0,1,0,100,756,1125,0.35,0,0,0,0,0,0,0,0,1,0,0,0
SES_02637,STU_2357,3600,7,9,0,1018,2208,71530,8.26,3,1,1,0,0,0,0,0,0,0,0,1
SES_02638,STU_2322,3600,0,1,0,500,500,145594,21.62,1,0,0,0,0,0,0,1,0,0,0,1
SES_02639,STU_5480,3600,1,2,1,1905,2547,5605,3.33,1,0,0,0,0,0,0,1,0,0,0,0
SES_02640,STU_3725,3600,25,27,1,4446,6831,57513,13.33,8,0,2,0,2,0,0,0,0,0,0,1
SES_02641,STU_6942,3600,0,0,0,0,0,6846,0.43,1,0,0,0,0,0,0,0,0,0,0,0
SES_02642,STU_7936,3600,0,1,0,477,937,11412,1.79,0,0,0,0,0,0,0,0,0,0,0,0
SES_02643,STU_1730,3600,0,1,0,242,534,4866,1.32,0,0,0,0,0,0,0,0,0,0,0,0
SES_02644,STU_9826,3600,0,1,0,205,264,55080,22.44,0,9,10,0,2,0,0,0,0,0,0,1
SES_02645,STU_1551,3600,1,2,1,1204,1463,8306,1.15,1,0,0,0,0,0,0,0,0,0,0,0
SES_02646,STU_4436,3600,0,0,0,0,0,7613,0.58,0,0,0,0,0,0,0,0,0,0,0,0
SES_02647,STU_6860,3600,0,0,0,0,0,2777,3.05,1,0,0,0,0,0,0,0,0,0,0,0
SES_02648,STU_3493,3600,0,0,0,0,0,146803,17.74,0,0,0,0,0,0,0,0,0,1,0,1
SES_02649,STU_4704,3600,1,3,1,1390,2349,4379,0.73,0,0,0,0,0,0,0,0,0,1,0,0
SES_02650,STU_5917,3600,2,2,1,1614,2130,7788,0.65,1,0,0,0,0,0,0,0,0,1,0,0
SES_02651,STU_3471,3600,1,3,0,32150,41688,147361,22.38,0,0,0,0,0,0,0,0,0,0,0,1
SES_02652,STU_2623,3600,0,0,0,0,0,5766,2.79,1,0,0,0,0,0,0,0,0,0,0,0
SES_02653,STU_6728,3600,0,1,0,315,784,57027,15.68,12,0,0,1,0,0,0,0,0,0,0,1
SES_02654,STU_2573,3600,0,0,0,0,0,7756,0.77,1,0,0,0,0,0,0,0,0,0,0,0
SES_02655,STU_4890,3600,0,1,0,33,164,13053,1.54,1,0,0,0,0,0,0,0,0,0,0,0
SES_02656,STU_5067,3600,0,0,0,0,0,12859,1.42,0,0,0,0,0,0,0,0,0,0,0,0
SES_02657,STU_1322,3600,1,2,1,1080,1895,14414,3.01,1,0,0,0,0,0,0,0,0,0,0,0
SES_02658,STU_2715,3600,0,1,0,278,762,12963,1.06,0,0,0,0,0,0,0,0,0,0,0,0
SES_02659,STU_1147,3600,0,1,0,122,981,14062,0.5,1,0,0,0,0,0,0,0,0,0,0,0
SES_02660,STU_1025,3600,0,1,0,274,440,10816,3.41,1,0,0,0,0,0,0,0,0,0,0,0
SES_02661,STU_5104,3600,0,0,0,0,0,11034,2.26,0,0,0,0,0,0,0,0,0,0,0,0
SES_02662,STU_2347,3600,1,3,1,6884,12423,89683,10.9,3,2,5,0,2,0,0,0,0,0,0,1
SES_02663,STU_8148,3600,0,0,0,0,0,14343,3.11,1,0,0,0,0,0,0,0,0,0,0,0
SES_02664,STU_7310,3600,0,1,0,53,479,104664,19.48,11,0,0,0,0,0,0,0,0,0,0,1
SES_02665,STU_1653,3600,0,1,0,189,1038,10100,1.7,0,0,0,0,0,0,0,0,0,0,0,0
SES_02666,STU_1871,3600,4,4,1,5829,8967,128456,20.6,2,3,2,1,2,0,0,0,0,0,0,1
SES_02667,STU_2067,3600,4,4,1,6449,10781,75590,17.42,3,10,9,0,0,0,0,0,0,0,0,1
SES_02668,STU_4039,3600,0,0,0,203,441,72447,15.11,19,0,0,0,1,0,0,0,0,0,0,1
SES_02669,STU_4478,3600,5,9,4,3577,7315,43850,6.2,8,0,1,0,0,0,0,0,0,0,0,1
SES_02670,STU_5576,3600,0,0,0,0,0,11285,3.2,0,0,0,0,0,0,0,0,0,0,0,0
SES_02671,STU_6092,3600,0,0,0,0,0,13644,1.87,0,0,0,0,0,0,0,0,0,0,0,0
SES_02672,STU_8363,3600,1,1,0,1000,1000,95883,11.9,1,0,0,0,0,0,1,0,0,0,0,1
SES_02673,STU_1573,3600,9,10,3,1756,5527,55965,15.23,5,0,0,0,0,0,0,0,0,0,0,1
SES_02674,STU_2674,3600,1,3,2,23751,43552,28702,15.35,7,0,0,0,2,0,0,0,0,0,0,1
SES_02675,STU_2610,3600,0,1,0,435,835,5880,3.48,1,0,0,0,0,0,0,0,0,0,0,0
SES_02676,STU_1204,3600,0,1,0,239,1045,4982,0.97,0,0,0,0,0,0,0,0,0,0,0,0
SES_02677,STU_2113,3600,1,2,1,1232,1984,2337,2.07,1,0,0,0,0,0,0,0,0,0,0,0
SES_02678,STU_2475,3600,15,16,0,2403,3971,110654,15.46,2,1,0,0,0,0,0,0,0,0,0,1
SES_02679,STU_5797,3600,0,0,0,0,0,10885,1.46,0,0,0,0,0,0,0,0,0,0,0,0
SES_02680,STU_2314,3600,0,1,0,391,840,1412,0.58,1,0,0,0,0,0,0,0,0,0,0,0
SES_02681,STU_4322,3600,0,0,0,0,0,5872,1.95,1,0,0,0,0,0,0,0,0,0,0,0
SES_02682,STU_3975,3600,0,1,0,176,884,6850,0.53,1,0,0,0,0,0,0,0,0,0,0,0
SES_02683,STU_3656,3600,0,1,0,500,500,55453,13.57,1,0,0,0,2,0,0,1,0,0,0,1
SES_02684,STU_3412,3600,0,1,0,351,419,3826,3.38,1,0,0,0,0,0,0,1,0,0,0,0
SES_02685,STU_1381,3600,0,0,0,0,0,7492,2.41,1,0,0,0,0,0,0,1,0,0,0,0
SES_02686,STU_3890,3600,0,0,0,0,0,40839,18.51,0,0,0,1,0,0,0,0,0,1,0,1
SES_02687,STU_6785,3600,0,5,0,34012,44317,142979,15.96,0,0,0,0,2,0,0,0,0,0,0,1
SES_02688,STU_3382,3600,1,3,1,1469,2114,4888,3.25,0,0,0,0,0,0,0,0,0,0,0,0
SES_02689,STU_4128,3600,0,1,0,311,1080,11958,1.86,0,0,0,0,0,0,0,0,0,0,0,0
SES_02690,STU_6293,3600,0,0,0,0,0,12375,2.63,1,0,0,0,0,0,0,0,0,0,0,0
SES_02691,STU_1655,3600,0,0,0,0,0,137364,6.08,0,0,0,0,0,0,0,0,0,1,0,1
SES_02692,STU_1546,3600,0,0,0,0,0,14087,3.19,0,0,0,0,0,0,0,0,0,1,0,0
SES_02693,STU_9677,3600,0,0,0,136,186,105161,13.07,13,0,0,0,0,0,0,0,0,0,0,1
SES_02694,STU_7257,3600,0,0,0,0,0,10844,2.65,0,0,0,0,0,0,0,0,0,0,0,0
SES_02695,STU_1453,3600,0,1,0,158,1069,7028,1.56,0,0,0,0,0,0,0,0,0,0,0,0
SES_02696,STU_3424,3600,0,0,0,0,0,9554,0.73,0,0,0,0,0,0,0,0,0,0,0,0
SES_02697,STU_6887,3600,0,1,0,253,277,5341,1.89,1,0,0,0,0,0,0,0,0,0,0,0
SES_02698,STU_2563,3600,0,1,0,176,516,13819,3.1,0,0,0,0,0,0,0,0,0,0,0,0
SES_02699,STU_6510,3600,0,0,0,0,0,81611,20.36,1,0,0,0,2,1,0,0,0,0,0,1
SES_02700,STU_3262,3600,5,5,1,19812,32180,29239,11.19,10,0,0,0,0,0,0,0,0,0,0,1
SES_02701,STU_3140,3600,0,0,0,319,755,35142,10.02,17,0,0,0,2,0,0,0,0,0,0,1
SES_02702,STU_4500,3600,0,1,0,155,1254,132395,16.84,1,8,6,0,0,0,0,0,0,0,0,1
SES_02703,STU_2573,3600,0,1,0,117,553,24532,11.82,14,0,0,0,0,0,0,0,0,0,0,1
SES_02704,STU_6449,3600,2,3,1,1685,2159,14081,2.28,1,0,0,0,0,0,0,0,0,0,0,0
SES_02705,STU_9902,3600,0,1,0,115,397,11136,1.41,0,0,0,0,0,0,0,0,0,0,0,0
SES_02706,STU_9627,3600,0,0,0,0,0,11773,0.77,0,0,0,0,0,0,0,0,0,0,0,0
SES_02707,STU_7901,3600,0,1,0,392,965,13238,2.73,0,0,0,0,0,0,0,0,0,0,0,0
SES_02708,STU_8860,3600,0,0,0,0,0,47236,6.39,0,0,0,0,0,0,0,0,0,1,0,1
SES_02709,STU_6620,3600,0,0,1,0,0,119788,16.69,0,0,0,0,0,0,0,0,0,0,1,1
SES_02710,STU_2438,3600,4,2,2,5112,11149,91636,13.66,2,2,3,1,0,0,0,0,0,0,0,1
SES_02711,STU_7459,3600,0,1,0,335,1421,111377,20.65,0,10,4,0,0,0,0,0,0,0,0,1
SES_02712,STU_5284,3600,0,0,0,0,0,14661,2.33,0,0,0,0,0,0,0,0,0,0,0,0
SES_02713,STU_6817,3600,0,0,0,0,0,1461,0.61,1,0,0,0,0,0,0,0,0,0,0,0
SES_02714,STU_7500,3600,2,1,1,1632,2055,6111,2.67,1,0,0,0,0,0,0,0,0,0,0,0
SES_02715,STU_8796,3600,0,0,0,0,0,28922,20.97,1,0,0,0,2,1,0,0,0,0,0,1
SES_02716,STU_3882,3600,1,1,0,1000,1000,37740,22.19,1,0,0,0,0,0,1,0,0,0,0,1
SES_02717,STU_3323,3600,0,1,0,55,514,11733,1.95,1,0,0,0,0,0,1,0,0,0,0,0
SES_02718,STU_2450,3600,25,27,1,1006,5828,82714,17.18,15,1,2,0,0,0,0,0,0,0,0,1
SES_02719,STU_2893,3600,0,1,0,227,267,9717,3.08,0,0,0,0,0,0,0,0,0,0,0,0
SES_02720,STU_8052,3600,0,1,0,294,561,9671,1.87,0,0,0,0,0,0,0,0,0,0,0,0
SES_02721,STU_4452,3600,0,1,0,170,306,2084,1.21,1,0,0,0,0,0,0,0,0,0,0,0
SES_02722,STU_3083,3600,0,0,0,0,0,8163,3.33,0,0,0,0,0,0,0,0,0,0,0,0
SES_02723,STU_8646,3600,1,3,1,25444,32627,18589,23.73,0,0,0,1,0,0,0,0,0,0,0,1
SES_02724,STU_3157,3600,2,2,1,980,1376,9801,2.36,1,0,0,0,0,0,0,0,0,0,0,0
SES_02725,STU_1160,3600,1,1,1,604,1141,10197,1.27,1,0,0,0,0,0,0,0,0,0,0,0
SES_02726,STU_7284,3600,0,0,0,98,173,73018,21.85,16,0,0,0,0,0,0,0,0,0,0,1
SES_02727,STU_8428,3600,0,0,0,0,0,7428,0.62,0,0,0,0,0,0,0,0,0,0,0,0
SES_02728,STU_3801,3600,0,1,0,160,1014,9093,2.61,1,0,0,0,0,0,0,0,0,0,0,0
SES_02729,STU_9426,3600,0,1,0,216,811,13185,2.87,0,0,0,0,0,0,0,0,0,0,0,0
SES_02730,STU_5580,3600,0,0,0,0,0,4607,1.11,0,0,0,0,0,0,0,0,0,0,0,0
SES_02731,STU_3047,3600,0,0,0,0,0,6926,2.14,1,0,0,0,0,0,0,0,0,0,0,0
SES_02732,STU_7290,3600,0,0,0,0,0,4536,2.6,0,0,0,0,0,0,0,0,0,0,0,0
SES_02733,STU_7747,3600,0,0,0,0,0,3797,2.48,0,0,0,0,0,0,0,0,0,0,0,0
SES_02734,STU_7724,3600,2,1,1,4854,12088,134240,20.66,5,3,6,0,3,0,0,0,0,0,0,1
SES_02735,STU_9679,3600,0,1,0,256,1143,7924,0.76,1,0,0,0,0,0,0,0,0,0,0,0
SES_02736,STU_7219,3600,1,1,1,1552,1836,11223,1.97,1,0,0,0,0,0,0,0,0,0,0,0
SES_02737,STU_5603,3600,0,4,1,15616,29828,120205,11.68,2,0,0,1,0,0,0,0,0,0,0,1
SES_02738,STU_8450,3600,2,1,1,1157,1190,1667,2.7,1,0,0,0,0,0,0,0,0,0,0,0
SES_02739,STU_7687,3600,13,14,0,1278,3262,46753,17.49,4,1,0,0,0,0,0,0,0,0,0,1
SES_02740,STU_4254,3600,1,3,1,1950,2445,4942,0.99,1,0,0,0,0,0,0,0,0,0,0,0
SES_02741,STU_1559,3600,0,1,0,434,771,1922,0.81,1,0,0,0,0,0,0,0,0,0,0,0
SES_02742,STU_5411,3600,0,1,0,233,356,8097,1.83,0,0,0,0,0,0,0,0,0,0,0,0
SES_02743,STU_8980,3600,0,1,0,257,679,7322,2.81,1,0,0,0,0,0,0,0,0,0,0,0
SES_02744,STU_4721,3600,0,1,0,440,736,6678,1.86,0,0,0,0,0,0,0,0,0,0,0,0
SES_02745,STU_4982,3600,0,1,0,438,1019,14826,1.09,0,0,0,0,0,0,0,0,0,0,0,0
SES_02746,STU_7538,3600,0,0,0,0,0,1136,1.55,0,0,0,0,0,0,0,0,0,0,0,0
SES_02747,STU_1347,3600,0,1,0,132,458,14613,2.87,1,0,0,0,0,0,0,0,0,0,0,0
SES_02748,STU_3250,3600,0,1,0,359,1066,14348,0.93,0,0,0,0,0,0,0,0,0,0,0,0
SES_02749,STU_2980,3600,0,1,0,270,693,14066,2.61,1,0,0,0,0,0,0,0,0,0,0,0
SES_02750,STU_4610,3600,0,1,0,112,841,26271,19.69,1,0,0,0,9,0,0,0,1,0,0,1
SES_02751,STU_1841,3600,12,18,2,7819,20937,55611,23.36,16,1,3,0,1,0,0,0,0,0,0,1
SES_02752,STU_6912,3600,0,0,0,0,0,3889,2.04,0,0,0,0,0,0,0,0,0,0,0,0
SES_02753,STU_2338,3600,0,0,0,0,0,5472,2.15,1,0,0,0,0,0,0,0,0,0,0,0
SES_02754,STU_7594,3600,0,0,0,0,0,3019,1.11,1,0,0,0,0,0,0,0,0,0,0,0
SES_02755,STU_3675,3600,0,0,0,0,0,8642,1.48,1,0,0,0,0,0,0,0,0,0,0,0
SES_02756,STU_2984,3600,0,1,0,120,842,4716,2.8,1,0,0,0,0,0,0,0,0,0,0,0
SES_02757,STU_9226,3600,17,18,4,1404,5770,24221,12.85,8,1,2,0,0,0,0,0,0,0,0,1
SES_02758,STU_8606,3600,1,2,1,5600,9698,13745,16.76,6,1,1,0,0,0,0,0,0,0,0,1
SES_02759,STU_3803,3600,0,0,0,0,0,10022,3.36,1,0,0,0,0,0,0,0,0,0,0,0
SES_02760,STU_3092,3600,0,0,0,0,0,2883,2.06,1,0,0,0,0,0,0,0,0,0,0,0
SES_02761,STU_6577,3600,0,0,0,0,0,2144,0.76,1,0,0,0,0,0,0,0,0,0,0,0
SES_02762,STU_6714,3600,0,0,0,0,0,103482,20.87,0,0,0,0,2,0,0,0,0,1,0,1
SES_02763,STU_4342,3600,25,27,1,3572,6946,72192,17.88,4,0,0,0,0,0,0,0,0,0,0,1
SES_02764,STU_6704,3600,0,0,0,0,0,116188,6.48,0,0,0,0,0,0,0,0,0,1,0,1
SES_02765,STU_9662,3600,0,0,0,0,0,7940,2.2,1,0,0,0,0,0,0,0,0,1,0,0
SES_02766,STU_6305,3600,0,1,0,244,477,3611,1.66,1,0,0,0,0,0,0,0,0,1,0,0
SES_02767,STU_4687,3600,0,1,0,906,1127,11582,24.89,1,6,7,1,0,0,0,0,0,0,0,1
SES_02768,STU_3032,3600,0,1,0,363,598,8891,2.87,1,0,0,0,0,0,0,0,0,0,0,0
SES_02769,STU_4565,3600,0,1,0,496,608,1609,1.34,0,0,0,0,0,0,0,0,0,0,0,0
SES_02770,STU_8149,3600,0,1,0,128,457,3878,2.96,0,0,0,0,0,0,0,0,0,0,0,0
SES_02771,STU_2934,3600,0,1,0,39,782,2381,2.01,1,0,0,0,0,0,0,0,0,0,0,0
SES_02772,STU_2702,3600,0,1,0,252,585,12400,0.84,1,0,0,0,0,0,0,0,0,0,0,0
SES_02773,STU_8364,3600,0,0,0,0,0,5410,1.9,1,0,0,0,0,0,0,0,0,0,0,0
SES_02774,STU_2673,3600,1,1,1,1314,1743,5800,2.45,0,0,0,0,0,0,0,0,0,0,0,0
SES_02775,STU_2131,3600,0,0,0,0,0,8642,2.59,0,0,0,0,0,0,0,0,0,0,0,0
SES_02776,STU_4836,3600,5,7,0,2001,5367,84339,5.34,9,1,0,0,10,0,0,0,1,0,0,1
SES_02777,STU_9066,3600,0,1,0,355,973,2153,2.42,1,0,0,0,0,0,0,0,1,0,0,0
SES_02778,STU_5419,3600,0,1,0,305,706,9337,0.48,0,0,0,0,0,0,0,0,1,0,0,0
SES_02779,STU_8365,3600,0,0,0,0,0,9907,1.27,1,0,0,0,0,0,0,0,1,0,0,0
SES_02780,STU_9100,3600,0,0,1,0,0,53057,12.84,0,0,0,0,0,0,0,0,0,0,1,1
SES_02781,STU_4107,3600,0,0,0,0,0,2250,3.46,0,0,0,0,0,0,0,0,0,0,1,0
SES_02782,STU_7419,3600,0,0,0,0,0,7904,2.12,1,0,0,0,0,0,0,0,0,0,1,0
SES_02783,STU_8119,3600,0,0,0,0,0,3335,2.13,1,0,0,0,0,0,0,0,0,0,1,0
SES_02784,STU_4855,3600,1,3,1,1222,1512,9665,1.39,1,0,0,0,0,0,0,0,0,0,1,0
SES_02785,STU_9736,3600,1,2,2,10433,13714,136974,16.46,6,2,3,1,2,0,0,0,0,0,0,1
SES_02786,STU_6087,3600,0,0,0,0,0,4036,2.62,0,0,0,0,0,0,0,0,0,0,0,0
SES_02787,STU_5943,3600,0,0,0,0,0,39754,15.77,1,0,0,0,0,1,0,0,0,0,0,1
SES_02788,STU_1915,3600,0,1,0,269,666,4053,2.76,0,0,0,0,0,1,0,0,0,0,0,0
SES_02789,STU_5167,3600,0,0,0,0,0,48542,18.2,1,0,0,0,1,1,0,0,0,0,0,1
SES_02790,STU_9958,3600,0,0,0,0,0,3418,3.09,0,0,0,0,0,1,0,0,0,0,0,0
SES_02791,STU_6949,3600,0,0,0,0,0,23039,7.57,0,0,0,0,0,0,0,0,0,1,0,1
SES_02792,STU_6508,3600,6,6,1,3770,7726,21509,12.86,6,2,2,0,10,0,0,0,1,0,0,1
SES_02793,STU_7967,3600,0,0,0,0,0,5258,0.72,0,0,0,0,0,0,0,0,1,0,0,0
SES_02794,STU_9844,3600,0,0,0,0,0,5958,2.64,0,0,0,0,0,0,0,0,1,0,0,0
SES_02795,STU_6606,3600,3,4,2,3750,5084,114237,14.1,6,2,1,1,7,0,0,0,1,0,0,1
SES_02796,STU_9530,3600,3,5,2,2373,5554,145112,24.74,3,0,0,0,6,0,0,0,1,0,0,1
SES_02797,STU_8146,3600,6,8,0,1330,3154,100791,11.57,1,0,0,0,0,0,0,0,0,0,0,1
SES_02798,STU_2098,3600,0,0,0,0,0,13946,1.05,0,0,0,0,0,0,0,0,0,0,0,0
SES_02799,STU_3719,3600,0,1,0,500,500,20147,7.19,1,0,0,0,0,0,0,1,0,0,0,1
SES_02800,STU_1427,3600,4,4,1,6103,9396,32586,10.39,6,3,9,0,0,0,0,0,0,0,0,1
SES_02801,STU_1346,3600,0,1,0,372,817,11546,3.45,0,0,0,0,0,0,0,0,0,0,0,0
SES_02802,STU_8384,3600,1,3,0,7909,10518,109546,10.89,2,4,6,0,5,0,0,0,0,0,0,1
SES_02803,STU_7044,3600,0,1,0,108,370,11057,3.08,0,0,0,0,0,0,0,0,0,0,0,0
SES_02804,STU_2193,3600,0,1,0,186,290,5369,2.54,0,0,0,0,0,0,0,0,0,0,0,0
SES_02805,STU_5237,3600,0,0,1,0,0,34176,5.93,0,0,0,0,0,0,0,0,0,0,1,1
SES_02806,STU_2733,3600,0,1,0,217,1096,3599,3.03,1,0,0,0,0,0,0,0,0,0,1,0
SES_02807,STU_4092,3600,1,3,1,1248,2003,9746,1.53,0,0,0,0,0,0,0,0,0,0,1,0
SES_02808,STU_2697,3600,0,0,0,97,575,23587,12.61,2,9,4,1,0,0,0,0,0,0,0,1
SES_02809,STU_9490,3600,1,1,0,1000,1000,11746,12.74,1,0,0,0,0,0,1,0,0,0,0,1
SES_02810,STU_5033,3600,0,1,0,72,96,1168,1.88,0,0,0,0,0,0,1,0,0,0,0,0
SES_02811,STU_5225,3600,2,2,0,3290,4648,91076,15.04,3,10,5,0,0,0,0,0,0,0,0,1
SES_02812,STU_4587,3600,0,1,0,498,602,12847,2.26,1,0,0,0,0,0,0,0,0,0,0,0
SES_02813,STU_6184,3600,0,2,0,24863,33095,132364,15.42,1,0,0,1,2,0,0,0,0,0,0,1
SES_02814,STU_6775,3600,0,0,0,0,0,13857,0.36,1,0,0,0,0,0,0,0,0,0,0,0
SES_02815,STU_7281,3600,0,1,0,362,992,5349,2.51,0,0,0,0,0,0,0,0,0,0,0,0
SES_02816,STU_1782,3600,0,0,0,19,380,91526,12.84,12,0,0,0,0,0,0,0,0,0,0,1
SES_02817,STU_3005,3600,1,1,0,1000,1000,106349,18.97,1,0,0,0,0,0,1,0,0,0,0,1
SES_02818,STU_4625,3600,1,1,0,1000,1000,122231,10.2,1,0,0,0,1,0,1,0,0,0,0,1
SES_02819,STU_5088,3600,0,1,0,500,500,72674,10.61,1,0,0,0,0,0,0,1,0,0,0,1
SES_02820,STU_5233,3600,0,0,0,0,0,12014,3.46,1,0,0,0,0,0,0,1,0,0,0,0
SES_02821,STU_3127,3600,0,0,0,460,1592,120759,8.28,1,7,7,0,2,0,0,0,0,0,0,1
SES_02822,STU_3002,3600,3,4,1,28074,46904,31375,18.13,7,0,0,1,0,0,0,0,0,0,0,1
SES_02823,STU_1543,3600,0,0,0,0,0,12896,0.85,1,0,0,0,0,0,0,0,0,0,0,0
SES_02824,STU_9662,3600,5,5,3,12515,20231,16130,18.02,7,0,0,0,0,0,0,0,0,0,0,1
SES_02825,STU_2604,3600,0,0,0,0,0,16992,23.62,1,0,0,0,0,1,0,0,0,0,0,1
SES_02826,STU_5248,3600,1,3,3,16929,22301,120119,23.16,7,0,0,0,0,0,0,0,0,0,0,1
SES_02827,STU_2815,3600,6,9,1,4721,8740,71806,23.63,8,2,1,0,12,0,0,0,1,0,0,1
SES_02828,STU_1591,3600,0,1,0,97,858,4390,3.1,0,0,0,0,0,0,0,0,1,0,0,0
SES_02829,STU_5364,3600,0,0,1,0,0,20429,16.75,0,0,0,0,2,0,0,0,0,0,1,1
SES_02830,STU_6274,3600,0,0,0,0,0,8510,1.97,1,0,0,0,0,0,0,0,0,0,1,0
SES_02831,STU_1924,3600,0,1,0,199,204,13628,0.54,1,0,0,0,0,0,0,0,0,0,1,0
SES_02832,STU_7341,3600,0,1,0,457,700,13020,0.73,1,0,0,0,0,0,0,0,0,0,1,0
SES_02833,STU_3845,3600,0,0,1,0,0,128755,7.31,0,0,0,1,0,0,0,0,0,0,1,1
SES_02834,STU_4528,3600,0,0,0,0,0,3064,2.77,1,0,0,0,0,0,0,0,0,0,1,0
SES_02835,STU_6970,3600,0,0,0,0,0,11106,0.89,0,0,0,0,0,0,0,0,0,0,1,0
SES_02836,STU_7645,3600,0,1,0,340,697,4820,2.3,0,0,0,0,0,0,0,0,0,0,1,0
SES_02837,STU_9833,3600,1,1,0,1000,1000,24566,24.4,1,0,0,1,0,0,1,0,0,0,0,1
SES_02838,STU_5356,3600,0,1,0,139,915,2664,1.13,1,0,0,0,0,0,1,0,0,0,0,0
SES_02839,STU_7055,3600,0,1,0,471,1189,12288,0.75,0,0,0,0,0,0,1,0,0,0,0,0
SES_02840,STU_6072,3600,0,0,0,767,1056,68863,5.71,1,8,7,0,0,0,0,0,0,0,0,1
SES_02841,STU_3043,3600,4,2,2,11473,13692,121276,5.64,6,1,3,0,0,0,0,0,0,0,0,1
SES_02842,STU_3763,3600,0,0,0,0,0,14143,3.11,0,0,0,0,0,0,0,0,0,0,0,0
SES_02843,STU_4650,3600,0,1,0,272,634,1522,3.29,1,0,0,0,0,0,0,0,0,0,0,0
SES_02844,STU_6945,3600,1,2,1,1531,1684,7069,2.07,1,0,0,0,0,0,0,0,0,0,0,0
SES_02845,STU_1592,3600,0,1,0,255,1568,146065,9.03,0,9,8,0,1,0,0,0,0,0,0,1
SES_02846,STU_7403,3600,0,0,0,0,0,4799,2.83,1,0,0,0,0,0,0,0,0,0,0,0
SES_02847,STU_1576,3600,0,1,0,346,1291,4139,1.18,0,0,0,0,0,0,0,0,0,0,0,0
SES_02848,STU_5266,3600,2,2,1,710,1644,11306,2.23,0,0,0,0,0,0,0,0,0,0,0,0
SES_02849,STU_5334,3600,0,0,1,0,0,65573,21.85,0,0,0,0,0,0,0,0,0,0,1,1
SES_02850,STU_7412,3600,0,0,0,0,0,6768,2.81,0,0,0,0,0,0,0,0,0,0,1,0
SES_02851,STU_7721,3600,0,3,0,22260,34185,14044,16.84,0,0,0,0,0,0,0,0,0,0,0,1
SES_02852,STU_9440,3600,0,1,0,68,810,10023,1.12,0,0,0,0,0,0,0,0,0,0,0,0
SES_02853,STU_2978,3600,0,0,0,0,0,7690,2.38,0,0,0,0,0,0,0,0,0,0,0,0
SES_02854,STU_4703,3600,0,1,0,500,500,145025,16.95,1,0,0,0,0,0,0,1,0,0,0,1
SES_02855,STU_3508,3600,1,3,1,31672,46252,95487,24.22,1,0,0,0,0,0,0,0,0,0,0,1
SES_02856,STU_8647,3600,0,1,0,68,626,3310,0.5,1,0,0,0,0,0,0,0,0,0,0,0
SES_02857,STU_6510,3600,0,1,0,109,380,9578,1.71,0,0,0,0,0,0,0,0,0,0,0,0
SES_02858,STU_7934,3600,13,15,1,2668,7480,137437,23.72,13,0,1,0,1,0,0,0,0,0,0,1
SES_02859,STU_8872,3600,0,1,0,62,1031,7979,1.76,1,0,0,0,0,0,0,0,0,0,0,0
SES_02860,STU_3381,3600,1,1,0,1000,1000,143291,17.48,1,0,0,1,0,0,1,0,0,0,0,1
SES_02861,STU_8161,3600,13,15,1,3436,8292,91138,18.82,7,2,0,0,0,0,0,0,0,0,0,1
SES_02862,STU_1020,3600,0,0,0,0,0,5936,2.0,0,0,0,0,0,0,0,0,0,0,0,0
SES_02863,STU_1159,3600,0,0,0,0,0,30209,22.03,1,0,0,0,0,1,0,0,0,0,0,1
SES_02864,STU_1087,3600,2,2,3,11469,21704,25275,13.66,6,0,0,0,0,0,0,0,0,0,0,1
SES_02865,STU_9545,3600,0,1,0,258,698,3672,2.21,1,0,0,0,0,0,0,0,0,0,0,0
SES_02866,STU_3925,3600,0,0,0,818,2214,149189,24.03,1,6,4,0,0,0,0,0,0,0,0,1
SES_02867,STU_7787,3600,0,1,0,127,666,12879,1.3,0,0,0,0,0,0,0,0,0,0,0,0
SES_02868,STU_2377,3600,0,0,0,0,0,1401,1.49,1,0,0,0,0,0,0,0,0,0,0,0
SES_02869,STU_2781,3600,2,2,0,5647,8407,19858,19.61,4,5,8,0,0,0,0,0,0,0,0,1
SES_02870,STU_3799,3600,4,7,0,2553,5144,120587,10.29,7,0,1,0,15,0,0,0,1,0,0,1
SES_02871,STU_5220,3600,0,1,0,340,1180,6066,0.89,1,0,0,0,0,0,0,0,1,0,0,0
SES_02872,STU_1772,3600,0,0,0,816,1535,134314,20.8,1,3,7,0,1,0,0,0,0,0,0,1
SES_02873,STU_4885,3600,4,4,2,12501,21083,108953,20.08,6,0,0,0,0,0,0,0,0,0,0,1
SES_02874,STU_5545,3600,0,0,0,0,0,10068,1.93,0,0,0,0,0,0,0,0,0,0,0,0
SES_02875,STU_3886,3600,0,1,0,192,606,2902,2.54,1,0,0,0,0,0,0,0,0,0,0,0
SES_02876,STU_5829,3600,0,1,0,500,500,58574,24.03,1,0,0,1,0,0,0,1,0,0,0,1
SES_02877,STU_7280,3600,0,0,0,0,0,6567,2.74,1,0,0,0,0,0,0,1,0,0,0,0
SES_02878,STU_2700,3600,0,0,0,0,0,7147,3.06,0,0,0,0,0,0,0,1,0,0,0,0
SES_02879,STU_6084,3600,0,1,0,70,368,11869,2.88,0,0,0,0,0,0,0,1,0,0,0,0
SES_02880,STU_3737,3600,0,0,0,277,509,118377,21.3,16,0,0,0,0,0,0,0,0,0,0,1
SES_02881,STU_5538,3600,0,0,0,0,0,6261,2.24,1,0,0,0,0,0,0,0,0,0,0,0
SES_02882,STU_7541,3600,0,1,0,499,1279,14813,2.09,1,0,0,0,0,0,0,0,0,0,0,0
SES_02883,STU_9173,3600,0,1,0,475,803,3584,3.06,1,0,0,0,0,0,0,0,0,0,0,0
SES_02884,STU_1269,3600,0,1,0,486,682,6647,2.51,1,0,0,0,0,0,0,0,0,0,0,0
SES_02885,STU_3675,3600,2,0,0,257,880,54875,7.42,2,0,0,1,6,0,0,0,1,0,0,1
SES_02886,STU_5554,3600,0,1,0,408,930,3229,2.15,1,0,0,0,0,0,0,0,1,0,0,0
SES_02887,STU_1653,3600,13,17,4,5450,20152,138130,23.41,20,4,1,0,0,0,0,0,0,0,0,1
SES_02888,STU_1155,3600,0,0,0,0,0,4793,1.41,0,0,0,0,0,0,0,0,0,0,0,0
SES_02889,STU_6555,3600,20,25,3,2015,7401,59849,16.74,9,2,1,0,0,0,0,0,0,0,0,1
SES_02890,STU_9333,3600,0,0,0,0,0,4133,2.56,1,0,0,0,0,0,0,0,0,0,0,0
SES_02891,STU_8098,3600,0,0,0,0,0,14630,0.5,1,0,0,0,0,0,0,0,0,0,0,0
SES_02892,STU_6214,3600,0,0,0,0,0,10525,1.72,1,0,0,0,0,0,0,0,0,0,0,0
SES_02893,STU_1016,3600,0,0,0,0,0,5880,1.46,0,0,0,0,0,0,0,0,0,0,0,0
SES_02894,STU_2852,3600,2,1,1,1418,1684,1664,2.14,1,0,0,0,0,0,0,0,0,0,0,0
SES_02895,STU_9199,3600,0,1,0,471,1148,5481,1.73,0,0,0,0,0,0,0,0,0,0,0,0
SES_02896,STU_3164,3600,4,6,2,14078,30487,110825,19.78,10,0,0,0,0,0,0,0,0,0,0,1
SES_02897,STU_3905,3600,0,1,0,314,745,12818,2.36,0,0,0,0,0,0,0,0,0,0,0,0
SES_02898,STU_9522,3600,1,4,1,34784,41601,123506,11.4,0,0,0,0,2,0,0,0,0,0,0,1
SES_02899,STU_9873,3600,0,0,0,0,0,9021,0.35,1,0,0,0,0,0,0,0,0,0,0,0
SES_02900,STU_5447,3600,6,8,0,2489,4430,134132,16.62,3,1,1,0,0,0,0,0,0,0,0,1
SES_02901,STU_7084,3600,7,9,2,1233,3981,126839,9.09,15,2,1,0,2,0,0,0,0,0,0,1
SES_02902,STU_9552,3600,0,0,0,0,0,8053,1.28,1,0,0,0,0,0,0,0,0,0,0,0
SES_02903,STU_2263,3600,6,7,2,4588,9366,145133,7.59,6,1,1,0,5,0,0,0,1,0,0,1
SES_02904,STU_3634,3600,0,1,0,83,973,9082,1.87,0,0,0,0,0,0,0,0,1,0,0,0
SES_02905,STU_1187,3600,0,1,0,241,555,73009,17.97,10,0,0,0,0,0,0,0,0,0,0,1
SES_02906,STU_6340,3600,0,1,0,133,705,4441,0.62,0,0,0,0,0,0,0,0,0,0,0,0
SES_02907,STU_1409,3600,0,1,0,66,532,8159,3.22,1,0,0,0,0,0,0,0,0,0,0,0
SES_02908,STU_6955,3600,2,3,1,1741,2132,5931,1.74,0,0,0,0,0,0,0,0,0,0,0,0
SES_02909,STU_2606,3600,0,0,1,0,0,107123,11.77,0,0,0,0,0,0,0,0,0,0,1,1
SES_02910,STU_2647,3600,3,1,1,4123,10359,34571,17.02,4,2,4,0,8,0,0,0,0,0,0,1
SES_02911,STU_4511,3600,0,0,0,0,0,3909,3.0,1,0,0,0,0,0,0,0,0,0,0,0
SES_02912,STU_9849,3600,0,0,0,0,0,14487,1.4,1,0,0,0,0,0,0,0,0,0,0,0
SES_02913,STU_7271,3600,0,0,0,0,0,7418,3.31,1,0,0,0,0,0,0,0,0,0,0,0
SES_02914,STU_8688,3600,0,1,0,341,886,13050,1.2,0,0,0,0,0,0,0,0,0,0,0,0
SES_02915,STU_1896,3600,1,3,1,933,1812,6156,3.34,1,0,0,0,0,0,0,0,0,0,0,0
SES_02916,STU_1521,3600,1,3,1,1222,2067,14295,1.79,1,0,0,0,0,0,0,0,0,0,0,0
SES_02917,STU_1249,3600,0,1,0,282,488,3882,3.22,0,0,0,0,0,0,0,0,0,0,0,0
SES_02918,STU_4150,3600,0,0,0,0,0,92377,17.7,1,0,0,0,0,1,0,0,0,0,0,1
SES_02919,STU_8861,3600,0,0,0,0,0,2188,0.95,1,0,0,0,0,1,0,0,0,0,0,0
SES_02920,STU_2008,3600,2,3,3,28753,35324,83755,19.75,5,0,0,0,0,0,0,0,0,0,0,1
SES_02921,STU_3618,3600,0,0,0,0,0,6955,2.94,1,0,0,0,0,0,0,0,0,0,0,0
SES_02922,STU_3427,3600,0,1,0,354,674,14631,3.29,0,0,0,0,0,0,0,0,0,0,0,0
SES_02923,STU_6609,3600,4,5,3,26970,32002,130849,22.1,10,0,0,1,1,0,0,0,0,0,0,1
SES_02924,STU_6608,3600,0,1,0,77,322,6440,2.94,1,0,0,0,0,0,0,0,0,0,0,0
SES_02925,STU_3194,3600,0,1,0,35,732,11095,1.58,0,0,0,0,0,0,0,0,0,0,0,0
SES_02926,STU_5035,3600,0,1,0,172,294,14784,0.77,1,0,0,0,0,0,0,0,0,0,0,0
SES_02927,STU_4814,3600,9,9,0,2657,3724,85624,12.89,2,1,1,0,0,0,0,0,0,0,0,1
SES_02928,STU_5125,3600,0,0,0,0,0,12293,1.69,1,0,0,0,0,0,0,0,0,0,0,0
SES_02929,STU_1430,3600,0,0,0,0,0,91576,8.04,0,0,0,0,2,0,0,0,0,1,0,1
SES_02930,STU_3117,3600,5,5,0,7370,8543,60941,23.58,4,4,5,1,0,0,0,0,0,0,0,1
SES_02931,STU_4168,3600,0,1,0,341,963,10622,3.16,1,0,0,0,0,0,0,0,0,0,0,0
SES_02932,STU_2713,3600,0,0,0,0,0,5723,1.55,1,0,0,0,0,0,0,0,0,0,0,0
SES_02933,STU_7226,3600,0,0,0,0,0,3080,0.81,0,0,0,0,0,0,0,0,0,0,0,0
SES_02934,STU_6104,3600,0,0,0,0,0,7003,1.69,0,0,0,0,0,0,0,0,0,0,0,0
SES_02935,STU_3787,3600,0,0,0,0,0,100108,11.15,0,0,0,0,0,0,0,0,0,1,0,1
SES_02936,STU_4030,3600,0,1,0,311,877,11129,0.57,1,0,0,0,0,0,0,0,0,1,0,0
SES_02937,STU_6721,3600,0,0,0,0,0,9645,0.83,0,0,0,0,0,0,0,0,0,1,0,0
SES_02938,STU_8229,3600,0,1,0,164,762,1772,2.11,1,0,0,0,0,0,0,0,0,1,0,0
SES_02939,STU_2511,3600,0,0,0,0,0,5956,0.85,1,0,0,0,0,0,0,0,0,1,0,0
SES_02940,STU_2110,3600,0,0,0,0,0,14749,3.09,1,0,0,0,0,0,0,0,0,1,0,0
SES_02941,STU_2685,3600,1,1,0,52,1873,103167,20.89,0,0,0,0,6,0,0,0,1,0,0,1
SES_02942,STU_2971,3600,1,2,1,1912,2378,5413,2.92,0,0,0,0,0,0,0,0,1,0,0,0
SES_02943,STU_2025,3600,0,1,0,400,882,12505,3.08,1,0,0,0,0,0,0,0,1,0,0,0
SES_02944,STU_3798,3600,4,4,0,3435,5205,124475,14.3,3,3,3,0,2,0,0,0,0,0,0,1
SES_02945,STU_6934,3600,1,1,0,1000,1000,65774,22.98,1,0,0,1,0,0,1,0,0,0,0,1
SES_02946,STU_1940,3600,13,18,2,11399,17823,17358,8.0,14,1,4,1,0,0,0,0,0,0,0,1
SES_02947,STU_7908,3600,0,1,0,178,633,13741,2.4,1,0,0,0,0,0,0,0,0,0,0,0
SES_02948,STU_8360,3600,0,0,0,825,964,90111,11.92,0,4,9,0,0,0,0,0,0,0,0,1
SES_02949,STU_6474,3600,0,0,1,0,0,97520,5.74,0,0,0,1,0,0,0,0,0,0,1,1
SES_02950,STU_9729,3600,2,3,1,1199,1242,4677,3.48,0,0,0,0,0,0,0,0,0,0,1,0
SES_02951,STU_8166,3600,0,1,0,302,343,3456,3.4,0,0,0,0,0,0,0,0,0,0,1,0
SES_02952,STU_3387,3600,2,2,1,919,1378,1207,1.35,1,0,0,0,0,0,0,0,0,0,1,0
SES_02953,STU_4832,3600,0,1,0,30,756,9980,1.12,0,0,0,0,0,0,0,0,0,0,1,0
SES_02954,STU_5585,3600,1,2,1,614,822,4037,2.07,0,0,0,0,0,0,0,0,0,0,1,0
SES_02955,STU_2882,3600,0,0,0,0,0,5677,3.14,1,0,0,0,0,0,0,0,0,0,1,0
SES_02956,STU_8541,3600,2,3,0,7540,12791,60748,21.5,2,3,6,0,3,0,0,0,0,0,0,1
SES_02957,STU_7580,3600,0,1,0,491,552,13794,3.47,0,0,0,0,0,0,0,0,0,0,0,0
SES_02958,STU_3933,3600,0,1,0,263,537,14923,1.51,0,0,0,0,0,0,0,0,0,0,0,0
SES_02959,STU_3982,3600,0,1,0,197,865,3239,2.27,1,0,0,0,0,0,0,0,0,0,0,0
SES_02960,STU_1274,3600,0,0,0,0,0,13607,2.15,1,0,0,0,0,0,0,0,0,0,0,0
SES_02961,STU_8884,3600,0,1,0,361,1351,12229,2.8,0,0,0,0,0,0,0,0,0,0,0,0
SES_02962,STU_2482,3600,0,0,0,0,0,14518,3.25,0,0,0,0,0,0,0,0,0,0,0,0
SES_02963,STU_9998,3600,2,2,1,1337,2016,7616,2.14,1,0,0,0,0,0,0,0,0,0,0,0
SES_02964,STU_7429,3600,0,0,0,0,0,2669,0.34,0,0,0,0,0,0,0,0,0,0,0,0
SES_02965,STU_6700,3600,0,1,0,351,934,14221,2.6,1,0,0,0,0,0,0,0,0,0,0,0
SES_02966,STU_6593,3600,0,1,0,215,311,14460,0.74,0,0,0,0,0,0,0,0,0,0,0,0
SES_02967,STU_5513,3600,0,0,0,0,0,4723,2.86,0,0,0,0,0,0,0,0,0,0,0,0
SES_02968,STU_8195,3600,0,0,0,0,0,6966,2.27,1,0,0,0,0,0,0,0,0,0,0,0
SES_02969,STU_9053,3600,10,15,2,10660,24955,29255,14.26,9,1,4,0,1,0,0,0,0,0,0,1
SES_02970,STU_3392,3600,0,1,0,334,739,8448,2.36,0,0,0,0,0,0,0,0,0,0,0,0
SES_02971,STU_4462,3600,0,1,0,13,243,10302,3.02,1,0,0,0,0,0,0,0,0,0,0,0
SES_02972,STU_7820,3600,0,1,0,285,1080,3725,0.31,1,0,0,0,0,0,0,0,0,0,0,0
SES_02973,STU_9644,3600,0,0,0,0,0,7813,3.14,1,0,0,0,0,0,0,0,0,0,0,0
SES_02974,STU_4267,3600,0,1,0,357,1100,13045,2.25,0,0,0,0,0,0,0,0,0,0,0,0
SES_02975,STU_5585,3600,0,1,0,299,929,6238,2.15,0,0,0,0,0,0,0,0,0,0,0,0
SES_02976,STU_7218,3600,0,0,0,0,0,2374,2.16,1,0,0,0,0,0,0,0,0,0,0,0
SES_02977,STU_8912,3600,0,1,0,500,500,59226,10.87,1,0,0,0,0,0,0,1,0,0,0,1
SES_02978,STU_5117,3600,0,0,0,0,0,11843,2.94,0,0,0,0,0,0,0,1,0,0,0,0
SES_02979,STU_7046,3600,0,0,0,0,0,5762,0.6,0,0,0,0,0,0,0,1,0,0,0,0
SES_02980,STU_1988,3600,0,1,0,6,510,8349,2.5,1,0,0,0,0,0,0,1,0,0,0,0
SES_02981,STU_2054,3600,25,28,1,4688,8436,56004,9.45,13,0,2,0,0,0,0,0,0,0,0,1
SES_02982,STU_9518,3600,0,0,0,0,0,5209,1.74,0,0,0,0,0,0,0,0,0,0,0,0
SES_02983,STU_6370,3600,2,2,0,5208,9504,58604,9.0,3,7,7,0,0,0,0,0,0,0,0,1
SES_02984,STU_8029,3600,0,0,0,0,0,13919,2.96,0,0,0,0,0,0,0,0,0,0,0,0
SES_02985,STU_6092,3600,12,13,0,1681,3635,43953,20.42,1,1,1,0,0,0,0,0,0,0,0,1
SES_02986,STU_5950,3600,0,0,0,0,0,4699,1.68,0,0,0,0,0,0,0,0,0,0,0,0
SES_02987,STU_9340,3600,5,7,3,21800,27146,23305,19.73,2,0,0,1,1,0,0,0,0,0,0,1
SES_02988,STU_9264,3600,8,9,0,2825,3483,82040,13.1,5,0,1,0,0,0,0,0,0,0,0,1
SES_02989,STU_6050,3600,0,0,0,0,0,4885,2.31,0,0,0,0,0,0,0,0,0,0,0,0
SES_02990,STU_4593,3600,0,1,0,210,834,11400,1.35,1,0,0,0,0,0,0,0,0,0,0,0
SES_02991,STU_4158,3600,0,1,0,128,1077,9348,1.5,0,0,0,0,0,0,0,0,0,0,0,0
SES_02992,STU_1967,3600,2,2,0,6190,10986,63836,11.44,7,6,9,0,0,0,0,0,0,0,0,1
SES_02993,STU_1835,3600,4,4,0,3209,6640,89501,13.84,6,0,0,0,6,0,0,0,1,0,0,1
SES_02994,STU_2042,3600,0,0,0,0,0,11735,2.73,1,0,0,0,0,0,0,0,1,0,0,0
SES_02995,STU_3153,3600,0,1,0,310,757,9107,0.87,0,0,0,0,0,0,0,0,1,0,0,0
SES_02996,STU_2218,3600,1,3,0,20020,33694,54154,14.26,1,0,0,0,0,0,0,0,0,0,0,1
SES_02997,STU_1014,3600,1,0,0,2,357,144983,14.87,0,0,0,0,3,0,0,0,1,0,0,1
SES_02998,STU_3191,3600,0,0,0,0,0,4578,0.39,1,0,0,0,0,0,0,0,1,0,0,0
SES_02999,STU_6780,3600,0,0,0,0,0,69945,23.07,1,0,0,0,1,1,0,0,0,0,0,1
SES_03000,STU_7094,3600,0,1,0,503,1882,29231,16.7,1,6,6,0,2,0,0,0,0,0,0,1
SES_03001,STU_4732,3600,0,0,0,0,0,3309,2.7,0,0,0,0,0,0,0,0,0,0,0,0
SES_03002,STU_8752,3600,0,1,0,463,1258,6852,1.56,1,0,0,0,0,0,0,0,0,0,0,0
SES_03003,STU_7443,3600,0,1,0,493,800,1869,3.13,0,0,0,0,0,0,0,0,0,0,0,0
SES_03004,STU_1497,3600,0,0,0,0,0,1690,0.81,0,0,0,0,0,0,0,0,0,0,0,0
SES_03005,STU_8453,3600,0,1,0,336,422,20517,20.91,5,0,0,0,0,0,0,0,0,0,0,1
SES_03006,STU_1086,3600,0,0,0,0,0,38830,12.98,0,0,0,0,0,0,0,0,0,1,0,1
SES_03007,STU_4997,3600,0,1,0,93,887,3302,2.25,1,0,0,0,0,0,0,0,0,1,0,0
SES_03008,STU_1989,3600,0,1,0,268,642,14719,2.72,0,0,0,0,0,0,0,0,0,1,0,0
SES_03009,STU_7890,3600,2,2,1,1365,1816,2424,2.25,1,0,0,0,0,0,0,0,0,1,0,0
SES_03010,STU_9662,3600,0,0,0,0,0,46701,22.2,0,0,0,0,2,0,0,0,0,1,0,1
SES_03011,STU_1578,3600,1,3,2,21983,32900,88627,19.06,2,0,0,0,0,0,0,0,0,0,0,1
SES_03012,STU_5891,3600,1,1,1,1898,2704,10785,1.27,0,0,0,0,0,0,0,0,0,0,0,0
SES_03013,STU_9495,3600,1,3,0,4762,12122,50704,11.12,3,3,2,0,7,0,0,0,0,0,0,1
SES_03014,STU_1465,3600,2,1,1,1894,2558,1813,2.25,1,0,0,0,0,0,0,0,0,0,0,0
SES_03015,STU_3666,3600,7,12,1,3996,5600,97796,9.5,3,1,0,0,2,0,0,0,0,0,0,1
SES_03016,STU_3221,3600,2,1,1,1711,2144,4336,2.28,1,0,0,0,0,0,0,0,0,0,0,0
SES_03017,STU_6296,3600,0,1,0,493,978,10103,0.97,0,0,0,0,0,0,0,0,0,0,0,0
SES_03018,STU_9876,3600,0,2,1,20846,27305,32763,5.61,1,0,0,1,0,0,0,0,0,0,0,1
SES_03019,STU_6763,3600,0,0,0,0,0,12893,2.61,0,0,0,0,0,0,0,0,0,0,0,0
SES_03020,STU_9009,3600,0,1,0,500,500,117129,5.53,1,0,0,1,0,0,0,1,0,0,0,1
SES_03021,STU_3271,3600,5,5,1,6128,9315,122444,16.29,8,6,7,1,0,0,0,0,0,0,0,1
SES_03022,STU_6917,3600,0,4,0,15515,27868,37824,21.91,1,0,0,0,0,0,0,0,0,0,0,1
SES_03023,STU_5062,3600,0,1,0,500,500,127812,7.88,1,0,0,0,0,0,0,1,0,0,0,1
SES_03024,STU_1344,3600,0,1,0,371,2144,13360,8.98,0,0,0,0,5,0,0,0,1,0,0,1
SES_03025,STU_5059,3600,1,1,0,1000,1000,46895,7.36,1,0,0,0,0,0,1,0,0,0,0,1
SES_03026,STU_7646,3600,0,1,0,266,700,1333,0.86,0,0,0,0,0,0,1,0,0,0,0,0
SES_03027,STU_4540,3600,0,1,0,345,364,13311,0.85,0,0,0,0,0,0,1,0,0,0,0,0
SES_03028,STU_2577,3600,0,0,1,0,0,137472,8.33,0,0,0,1,0,0,0,0,0,0,1,1
SES_03029,STU_3577,3600,0,1,0,10,1489,115117,16.0,2,7,8,0,0,0,0,0,0,0,0,1
SES_03030,STU_5983,3600,0,0,1,0,0,82552,20.64,0,0,0,0,0,0,0,0,0,0,1,1
SES_03031,STU_1306,3600,0,1,0,172,1038,1585,1.23,1,0,0,0,0,0,0,0,0,0,1,0
SES_03032,STU_6864,3600,13,14,0,2462,3513,41360,5.66,3,1,0,0,0,0,0,0,0,0,0,1
SES_03033,STU_2388,3600,0,0,0,0,0,1708,2.81,1,0,0,0,0,0,0,0,0,0,0,0
SES_03034,STU_4766,3600,5,5,1,4013,5671,80935,18.9,4,10,5,0,0,0,0,0,0,0,0,1
SES_03035,STU_4446,3600,2,1,0,3018,9985,94435,14.94,5,5,5,1,7,0,0,0,0,0,0,1
SES_03036,STU_3181,3600,0,1,0,357,660,16082,23.94,18,0,0,0,0,0,0,0,0,0,0,1
SES_03037,STU_8300,3600,7,8,1,1617,4886,113557,24.39,6,1,0,1,15,0,0,0,1,0,0,1
SES_03038,STU_1632,3600,10,12,0,1562,2242,93487,19.05,2,1,0,0,0,0,0,0,0,0,0,1
SES_03039,STU_8906,3600,0,0,0,0,0,131235,9.42,1,0,0,1,0,1,0,0,0,0,0,1
SES_03040,STU_6933,3600,14,19,3,5729,17595,55628,8.21,8,4,2,0,0,0,0,0,0,0,0,1
SES_03041,STU_4549,3600,0,1,0,4,504,13835,3.45,1,0,0,0,0,0,0,0,0,0,0,0
SES_03042,STU_3579,3600,0,0,0,0,0,6507,2.08,0,0,0,0,0,0,0,0,0,0,0,0
SES_03043,STU_3640,3600,0,1,0,177,658,110804,13.41,1,9,9,0,0,0,0,0,0,0,0,1
SES_03044,STU_9678,3600,1,1,0,1000,1000,20789,21.07,1,0,0,1,0,0,1,0,0,0,0,1
SES_03045,STU_3316,3600,0,0,1,0,0,19233,13.82,0,0,0,1,0,0,0,0,0,0,1,1
SES_03046,STU_2772,3600,0,1,0,172,1076,9189,1.6,0,0,0,0,0,0,0,0,0,0,1,0
SES_03047,STU_5403,3600,1,2,1,1147,1637,6312,0.83,1,0,0,0,0,0,0,0,0,0,1,0
SES_03048,STU_1086,3600,1,2,1,634,829,6681,3.24,1,0,0,0,0,0,0,0,0,0,1,0
SES_03049,STU_1649,3600,4,2,1,5565,11959,62000,11.35,4,2,2,0,0,0,0,0,0,0,0,1
SES_03050,STU_2467,3600,1,1,1,1368,1713,9046,1.09,1,0,0,0,0,0,0,0,0,0,0,0
SES_03051,STU_8485,3600,0,0,0,0,0,4885,1.3,0,0,0,0,0,0,0,0,0,0,0,0
SES_03052,STU_9882,3600,0,3,1,15515,21758,99985,16.49,1,0,0,0,0,0,0,0,0,0,0,1
SES_03053,STU_3337,3600,0,0,0,0,0,2954,1.05,0,0,0,0,0,0,0,0,0,0,0,0
SES_03054,STU_7420,3600,0,1,0,122,700,12636,0.79,0,0,0,0,0,0,0,0,0,0,0,0
SES_03055,STU_8471,3600,1,1,0,1000,1000,115997,7.68,1,0,0,0,0,0,1,0,0,0,0,1
SES_03056,STU_3170,3600,0,0,0,0,0,11515,1.46,0,0,0,0,0,0,1,0,0,0,0,0
SES_03057,STU_3274,3600,1,1,0,1000,1000,16130,13.11,1,0,0,0,0,0,1,0,0,0,0,1
SES_03058,STU_5962,3600,0,0,0,0,0,2893,3.29,0,0,0,0,0,0,1,0,0,0,0,0
SES_03059,STU_1554,3600,3,2,0,9579,15274,49303,11.96,6,1,3,0,0,0,0,0,0,0,0,1
SES_03060,STU_2673,3600,0,0,0,0,0,3234,3.03,1,0,0,0,0,0,0,0,0,0,0,0
SES_03061,STU_3128,3600,6,7,0,2195,3127,93700,17.26,1,1,1,0,0,0,0,0,0,0,0,1
SES_03062,STU_5336,3600,2,1,0,341,1496,133401,23.22,1,0,0,1,6,0,0,0,1,0,0,1
SES_03063,STU_1888,3600,0,1,0,155,525,14579,3.22,0,0,0,0,0,0,0,0,1,0,0,0
SES_03064,STU_8774,3600,25,30,4,3363,7768,59518,19.96,15,1,1,0,2,0,0,0,0,0,0,1
SES_03065,STU_2461,3600,15,16,0,2639,3454,40787,19.63,4,1,0,0,1,0,0,0,0,0,0,1
SES_03066,STU_3084,3600,0,0,0,0,0,9313,0.5,0,0,0,0,0,0,0,0,0,0,0,0
SES_03067,STU_6555,3600,0,1,0,438,780,132518,24.46,4,0,0,1,0,0,0,0,0,0,0,1
SES_03068,STU_9976,3600,0,0,0,672,795,54032,11.43,1,5,9,1,0,0,0,0,0,0,0,1
SES_03069,STU_7446,3600,0,1,0,410,794,2490,0.78,1,0,0,0,0,0,0,0,0,0,0,0
SES_03070,STU_5583,3600,1,1,1,528,828,4278,1.62,0,0,0,0,0,0,0,0,0,0,0,0
SES_03071,STU_1070,3600,0,0,0,0,0,5834,1.21,1,0,0,0,0,0,0,0,0,0,0,0
SES_03072,STU_1350,3600,0,0,0,0,0,48602,10.43,0,0,0,0,0,0,0,0,0,1,0,1
SES_03073,STU_8343,3600,0,1,0,500,500,107406,22.35,1,0,0,0,0,0,0,1,0,0,0,1
SES_03074,STU_7231,3600,0,1,0,316,577,10069,1.45,0,0,0,0,0,0,0,1,0,0,0,0
SES_03075,STU_7350,3600,0,1,0,195,453,10553,15.06,15,0,0,0,0,0,0,0,0,0,0,1
SES_03076,STU_3284,3600,1,3,1,810,1671,10306,0.7,0,0,0,0,0,0,0,0,0,0,0,0
SES_03077,STU_5238,3600,0,1,0,450,1075,10108,2.07,0,0,0,0,0,0,0,0,0,0,0,0
SES_03078,STU_9096,3600,0,0,0,0,0,8780,0.75,1,0,0,0,0,0,0,0,0,0,0,0
SES_03079,STU_9393,3600,0,0,0,456,1311,88481,19.87,0,9,5,0,1,0,0,0,0,0,0,1
SES_03080,STU_7000,3600,6,8,1,2380,7255,17484,24.44,8,0,2,0,12,0,0,0,1,0,0,1
SES_03081,STU_8438,3600,0,0,0,462,713,121254,18.89,8,0,0,0,0,0,0,0,0,0,0,1
SES_03082,STU_7646,3600,0,0,0,0,0,13853,2.28,1,0,0,0,0,0,0,0,0,0,0,0
SES_03083,STU_3385,3600,0,1,0,141,519,1529,3.16,0,0,0,0,0,0,0,0,0,0,0,0
SES_03084,STU_4707,3600,0,0,0,0,0,10573,0.74,1,0,0,0,0,0,0,0,0,0,0,0
SES_03085,STU_3088,3600,3,2,2,7352,13114,97092,22.15,5,1,3,0,0,0,0,0,0,0,0,1
SES_03086,STU_1138,3600,4,5,0,3667,6625,128162,12.06,5,1,2,1,11,0,0,0,1,0,0,1
SES_03087,STU_4675,3600,0,1,0,6,736,2155,1.41,1,0,0,0,0,0,0,0,1,0,0,0
SES_03088,STU_3817,3600,2,3,1,3681,8108,61369,11.44,1,6,6,0,4,0,0,0,0,0,0,1
SES_03089,STU_8779,3600,0,1,0,253,271,11449,2.43,0,0,0,0,0,0,0,0,0,0,0,0
SES_03090,STU_6544,3600,0,0,0,0,0,2695,0.48,0,0,0,0,0,0,0,0,0,0,0,0
SES_03091,STU_3621,3600,0,1,0,446,1144,8938,2.66,0,0,0,0,0,0,0,0,0,0,0,0
SES_03092,STU_1095,3600,0,1,0,273,1181,14307,0.92,1,0,0,0,0,0,0,0,0,0,0,0
SES_03093,STU_5115,3600,0,0,0,0,0,13280,1.73,1,0,0,0,0,0,0,0,0,0,0,0
SES_03094,STU_8770,3600,0,1,0,497,1076,10571,2.24,0,0,0,0,0,0,0,0,0,0,0,0
SES_03095,STU_2422,3600,2,0,0,503,1023,12391,22.98,2,0,0,0,3,0,0,0,1,0,0,1
SES_03096,STU_2910,3600,0,1,0,70,517,13936,3.07,0,0,0,0,0,0,0,0,1,0,0,0
SES_03097,STU_4542,3600,0,1,0,67,538,9794,1.36,1,0,0,0,0,0,0,0,1,0,0,0
SES_03098,STU_4667,3600,0,0,0,0,0,55807,18.72,1,0,0,0,0,1,0,0,0,0,0,1
SES_03099,STU_6186,3600,1,1,1,1583,2301,2347,2.57,1,0,0,0,0,1,0,0,0,0,0,0
SES_03100,STU_3902,3600,2,3,1,1283,1553,10340,1.16,1,0,0,0,0,1,0,0,0,0,0,0
SES_03101,STU_1062,3600,0,0,0,0,0,12694,1.92,0,0,0,0,0,1,0,0,0,0,0,0
SES_03102,STU_1172,3600,1,1,0,1000,1000,73103,13.26,1,0,0,0,0,0,1,0,0,0,0,1
SES_03103,STU_1441,3600,8,10,2,1665,4986,86578,9.42,6,2,1,0,13,0,0,0,1,0,0,1
SES_03104,STU_2216,3600,0,1,0,34,242,5392,2.48,1,0,0,0,0,0,0,0,1,0,0,0
SES_03105,STU_1079,3600,18,18,2,4197,7329,91628,8.25,6,0,1,0,0,0,0,0,0,0,0,1
SES_03106,STU_9612,3600,0,1,0,439,468,6614,2.25,0,0,0,0,0,0,0,0,0,0,0,0
SES_03107,STU_4684,3600,2,2,1,1159,2105,13462,0.61,1,0,0,0,0,0,0,0,0,0,0,0
SES_03108,STU_2588,3600,2,1,1,1299,2040,6770,2.27,0,0,0,0,0,0,0,0,0,0,0,0
SES_03109,STU_8257,3600,3,1,0,9344,13867,111024,10.37,2,2,4,0,3,0,0,0,0,0,0,1
SES_03110,STU_8051,3600,12,14,0,1045,2287,88091,22.05,2,1,0,0,0,0,0,0,0,0,0,1
SES_03111,STU_6134,3600,0,0,0,0,0,10124,2.82,1,0,0,0,0,0,0,0,0,0,0,0
SES_03112,STU_9958,3600,0,1,0,422,727,10820,0.96,1,0,0,0,0,0,0,0,0,0,0,0
SES_03113,STU_1042,3600,0,0,0,0,0,125769,18.59,0,0,0,0,0,0,0,0,0,1,0,1
SES_03114,STU_9880,3600,0,1,0,500,500,147128,5.29,1,0,0,0,0,0,0,1,0,0,0,1
SES_03115,STU_9770,3600,0,1,0,173,258,3171,1.47,1,0,0,0,0,0,0,1,0,0,0,0
SES_03116,STU_4469,3600,0,0,0,0,0,13177,0.77,1,0,0,0,0,0,0,1,0,0,0,0
SES_03117,STU_8499,3600,3,3,2,7985,14667,41966,15.0,2,2,3,0,0,0,0,0,0,0,0,1
SES_03118,STU_2355,3600,0,1,0,196,1068,5415,3.34,1,0,0,0,0,0,0,0,0,0,0,0
SES_03119,STU_1729,3600,0,0,0,0,0,13711,2.29,1,0,0,0,0,0,0,0,0,0,0,0
SES_03120,STU_2236,3600,0,0,0,0,0,4447,1.73,1,0,0,0,0,0,0,0,0,0,0,0
SES_03121,STU_5463,3600,0,1,0,380,461,9612,1.02,0,0,0,0,0,0,0,0,0,0,0,0
SES_03122,STU_9205,3600,2,1,1,1449,2365,12716,0.53,1,0,0,0,0,0,0,0,0,0,0,0
SES_03123,STU_4336,3600,0,1,0,154,244,8733,1.96,1,0,0,0,0,0,0,0,0,0,0,0
SES_03124,STU_2785,3600,0,0,0,0,0,4803,2.44,1,0,0,0,0,0,0,0,0,0,0,0
SES_03125,STU_6322,3600,1,3,1,26513,40581,28348,20.7,1,0,0,0,0,0,0,0,0,0,0,1
SES_03126,STU_6266,3600,0,0,0,0,0,5039,1.08,0,0,0,0,0,0,0,0,0,0,0,0
SES_03127,STU_2324,3600,0,0,0,0,0,12753,3.39,0,0,0,0,0,0,0,0,0,0,0,0
SES_03128,STU_1602,3600,0,0,0,0,0,4252,2.42,1,0,0,0,0,0,0,0,0,0,0,0
SES_03129,STU_3382,3600,0,1,0,171,1032,10747,2.31,0,0,0,0,0,0,0,0,0,0,0,0
SES_03130,STU_3586,3600,1,1,1,992,1421,10449,2.4,1,0,0,0,0,0,0,0,0,0,0,0
SES_03131,STU_3025,3600,0,0,0,0,0,14777,0.96,0,0,0,0,0,0,0,0,0,0,0,0
SES_03132,STU_3214,3600,0,0,0,0,0,12899,2.63,0,0,0,0,0,0,0,0,0,0,0,0
SES_03133,STU_1427,3600,0,0,0,0,0,1749,0.61,1,0,0,0,0,0,0,0,0,0,0,0
SES_03134,STU_2541,3600,0,1,0,457,516,1425,3.45,1,0,0,0,0,0,0,0,0,0,0,0
SES_03135,STU_3549,3600,0,1,0,500,500,18656,17.64,1,0,0,0,0,0,0,1,0,0,0,1
SES_03136,STU_4600,3600,0,2,1,15431,25825,27855,19.65,0,0,0,0,1,0,0,0,0,0,0,1
SES_03137,STU_2351,3600,1,3,1,1325,1864,9407,0.68,1,0,0,0,0,0,0,0,0,0,0,0
SES_03138,STU_4906,3600,0,0,0,0,0,14128,2.49,0,0,0,0,0,0,0,0,0,0,0,0
SES_03139,STU_5057,3600,2,1,1,1289,1740,6650,2.11,0,0,0,0,0,0,0,0,0,0,0,0
SES_03140,STU_1151,3600,1,2,1,1509,2074,4644,2.33,1,0,0,0,0,0,0,0,0,0,0,0
SES_03141,STU_7583,3600,0,0,0,0,0,5815,0.95,0,0,0,0,0,0,0,0,0,0,0,0
SES_03142,STU_4085,3600,0,0,0,0,0,6064,2.39,1,0,0,0,0,0,0,0,0,0,0,0
SES_03143,STU_9468,3600,0,0,0,0,0,104968,24.87,1,0,0,1,0,1,0,0,0,0,0,1
SES_03144,STU_1372,3600,0,0,0,0,0,1398,2.74,1,0,0,0,0,1,0,0,0,0,0,0
SES_03145,STU_3031,3600,0,0,0,0,0,1329,2.26,1,0,0,0,0,1,0,0,0,0,0,0
SES_03146,STU_5673,3600,0,0,0,0,0,11069,1.18,0,0,0,0,0,1,0,0,0,0,0,0
SES_03147,STU_5327,3600,0,1,0,480,1411,5088,1.32,0,0,0,0,0,1,0,0,0,0,0,0
SES_03148,STU_6549,3600,0,1,0,406,526,13004,3.16,1,0,0,0,0,1,0,0,0,0,0,0
SES_03149,STU_3626,3600,0,0,0,0,0,14252,1.17,1,0,0,0,0,1,0,0,0,0,0,0
SES_03150,STU_4080,3600,0,1,0,288,608,3217,3.17,1,0,0,0,0,1,0,0,0,0,0,0
SES_03151,STU_2300,3600,0,1,0,405,722,5025,1.84,1,0,0,0,0,1,0,0,0,0,0,0
SES_03152,STU_9101,3600,3,3,1,6061,8563,105250,15.08,7,3,5,1,0,0,0,0,0,0,0,1
SES_03153,STU_7001,3600,0,5,1,30243,43504,36399,14.31,0,0,0,1,0,0,0,0,0,0,0,1
SES_03154,STU_7551,3600,0,0,0,0,0,126508,17.09,1,0,0,0,0,1,0,0,0,0,0,1
SES_03155,STU_6546,3600,0,0,0,0,0,6728,3.42,1,0,0,0,0,1,0,0,0,0,0,0
SES_03156,STU_5655,3600,2,0,0,499,1999,29555,12.57,1,0,0,0,7,0,0,0,1,0,0,1
SES_03157,STU_2713,3600,0,0,0,0,0,13340,3.19,0,0,0,0,0,0,0,0,1,0,0,0
SES_03158,STU_1307,3600,5,5,1,23206,32362,114093,23.92,5,0,0,0,0,0,0,0,0,0,0,1
SES_03159,STU_3527,3600,0,0,0,0,0,10490,1.26,1,0,0,0,0,0,0,0,0,0,0,0
SES_03160,STU_6221,3600,0,1,0,70,901,41105,21.68,8,0,0,0,0,0,0,0,0,0,0,1
SES_03161,STU_5845,3600,7,7,0,4428,5590,79500,24.73,9,1,0,0,6,0,0,0,1,0,0,1
SES_03162,STU_6430,3600,2,2,1,1654,2347,6033,3.06,0,0,0,0,0,0,0,0,1,0,0,0
SES_03163,STU_6289,3600,0,1,0,500,500,83467,9.09,1,0,0,1,1,0,0,1,0,0,0,1
SES_03164,STU_8405,3600,0,0,0,0,0,5941,3.38,0,0,0,0,0,0,0,1,0,0,0,0
SES_03165,STU_5338,3600,0,0,0,0,0,13049,1.61,1,0,0,0,0,0,0,1,0,0,0,0
SES_03166,STU_3493,3600,4,4,0,3870,6383,125319,5.23,4,1,0,0,9,0,0,0,1,0,0,1
SES_03167,STU_5642,3600,0,1,0,75,1040,13165,1.53,0,0,0,0,0,0,0,0,1,0,0,0
SES_03168,STU_7401,3600,0,0,0,0,0,14257,3.41,1,0,0,0,0,0,0,0,1,0,0,0
SES_03169,STU_1426,3600,0,1,0,387,1082,2763,1.88,1,0,0,0,0,0,0,0,1,0,0,0
SES_03170,STU_8302,3600,1,1,1,1577,2123,9043,1.19,1,0,0,0,0,0,0,0,1,0,0,0
SES_03171,STU_1053,3600,0,0,1,0,0,71587,15.78,0,0,0,0,0,0,0,0,0,0,1,1
SES_03172,STU_7293,3600,0,1,0,371,1167,5140,3.08,1,0,0,0,0,0,0,0,0,0,1,0
SES_03173,STU_9306,3600,1,1,0,6993,14256,132686,9.54,2,5,6,0,8,0,0,0,0,0,0,1
SES_03174,STU_1307,3600,0,1,0,374,1179,3078,0.84,0,0,0,0,0,0,0,0,0,0,0,0
SES_03175,STU_4568,3600,0,0,0,0,0,12036,1.99,0,0,0,0,0,0,0,0,0,0,0,0
SES_03176,STU_5468,3600,0,0,0,246,1706,103130,17.64,1,0,0,0,5,0,0,0,1,0,0,1
SES_03177,STU_5751,3600,1,3,2,7419,12810,89878,17.87,4,3,1,0,1,0,0,0,0,0,0,1
SES_03178,STU_9504,3600,3,3,2,15026,28032,99515,8.7,2,0,0,0,1,0,0,0,0,0,0,1
SES_03179,STU_9605,3600,0,1,0,188,1046,1721,1.4,0,0,0,0,0,0,0,0,0,0,0,0
SES_03180,STU_3556,3600,4,3,2,11213,16209,97732,15.69,6,3,3,0,0,0,0,0,0,0,0,1
SES_03181,STU_8787,3600,0,0,0,0,0,9809,0.97,1,0,0,0,0,0,0,0,0,0,0,0
SES_03182,STU_5348,3600,0,1,0,289,802,14616,3.13,0,0,0,0,0,0,0,0,0,0,0,0
SES_03183,STU_5472,3600,0,1,0,501,1248,116671,8.75,0,9,4,0,0,0,0,0,0,0,0,1
SES_03184,STU_5016,3600,0,1,0,214,1174,1508,1.26,0,0,0,0,0,0,0,0,0,0,0,0
SES_03185,STU_9612,3600,0,1,0,494,1022,1638,2.41,0,0,0,0,0,0,0,0,0,0,0,0
SES_03186,STU_4838,3600,1,3,1,1817,1919,6660,2.7,1,0,0,0,0,0,0,0,0,0,0,0
SES_03187,STU_1812,3600,0,1,0,272,334,1873,2.46,0,0,0,0,0,0,0,0,0,0,0,0
SES_03188,STU_8955,3600,1,2,1,1014,1830,7173,1.37,0,0,0,0,0,0,0,0,0,0,0,0
SES_03189,STU_9203,3600,0,0,0,0,0,13342,2.95,1,0,0,0,0,0,0,0,0,0,0,0
SES_03190,STU_1185,3600,0,0,0,0,0,3682,0.79,0,0,0,0,0,0,0,0,0,0,0,0
SES_03191,STU_8568,3600,2,2,1,1619,2140,6105,3.29,0,0,0,0,0,0,0,0,0,0,0,0
SES_03192,STU_5800,3600,1,3,0,7634,11932,39110,19.13,5,2,3,1,8,0,0,0,0,0,0,1
SES_03193,STU_8915,3600,2,2,1,1494,1575,12770,2.55,0,0,0,0,0,0,0,0,0,0,0,0
SES_03194,STU_1131,3600,1,1,0,1000,1000,138466,22.91,1,0,0,0,0,0,1,0,0,0,0,1
SES_03195,STU_4861,3600,0,3,0,28425,36192,47481,12.86,1,0,0,0,0,0,0,0,0,0,0,1
SES_03196,STU_2491,3600,0,0,0,76,259,90778,23.53,0,0,0,0,3,0,0,0,1,0,0,1
SES_03197,STU_5124,3600,1,1,1,671,1117,7433,2.31,0,0,0,0,0,0,0,0,1,0,0,0
SES_03198,STU_1867,3600,0,1,0,500,500,73515,24.85,1,0,0,0,0,0,0,1,0,0,0,1
SES_03199,STU_6674,3600,0,0,0,0,0,136040,18.83,1,0,0,1,1,1,0,0,0,0,0,1
SES_03200,STU_4860,3600,2,2,0,3602,11251,81337,13.53,4,4,5,0,7,0,0,0,0,0,0,1
SES_03201,STU_7060,3600,0,0,0,521,2060,89398,12.04,2,5,5,1,0,0,0,0,0,0,0,1
SES_03202,STU_2107,3600,0,1,0,500,500,68895,20.56,1,0,0,1,1,0,0,1,0,0,0,1
SES_03203,STU_2540,3600,0,1,0,247,392,10035,2.13,0,0,0,0,0,0,0,1,0,0,0,0
SES_03204,STU_7040,3600,0,1,0,450,543,8038,2.97,1,0,0,0,0,0,0,1,0,0,0,0
SES_03205,STU_2831,3600,0,1,0,331,1261,13395,3.47,0,0,0,0,0,0,0,1,0,0,0,0
SES_03206,STU_9273,3600,0,0,0,0,0,4862,2.68,0,0,0,0,0,0,0,1,0,0,0,0
SES_03207,STU_7350,3600,0,1,0,70,135,11312,2.47,1,0,0,0,0,0,0,1,0,0,0,0
SES_03208,STU_4366,3600,0,1,0,51,353,14524,1.76,1,0,0,0,0,0,0,1,0,0,0,0
SES_03209,STU_5722,3600,0,0,0,0,0,8938,0.64,1,0,0,0,0,0,0,1,0,0,0,0
SES_03210,STU_6081,3600,0,1,0,424,594,12837,1.67,0,0,0,0,0,0,0,1,0,0,0,0
SES_03211,STU_5647,3600,1,1,0,1000,1000,21026,22.61,1,0,0,0,2,0,1,0,0,0,0,1
SES_03212,STU_8021,3600,0,1,0,168,888,6158,2.19,0,0,0,0,0,0,1,0,0,0,0,0
SES_03213,STU_7250,3600,0,0,0,0,0,9494,1.41,0,0,0,0,0,0,1,0,0,0,0,0
SES_03214,STU_7420,3600,0,0,1,0,0,141862,8.52,0,0,0,0,1,0,0,0,0,0,1,1
SES_03215,STU_9187,3600,0,0,0,398,1285,144312,12.86,9,0,0,0,0,0,0,0,0,0,0,1
SES_03216,STU_6960,3600,15,16,0,1764,2332,36813,9.17,2,1,0,0,0,0,0,0,0,0,0,1
SES_03217,STU_5920,3600,0,0,0,0,0,2960,1.23,1,0,0,0,0,0,0,0,0,0,0,0
SES_03218,STU_4926,3600,0,1,0,122,690,34166,21.63,20,0,0,1,1,0,0,0,0,0,0,1
SES_03219,STU_9823,3600,0,1,0,179,548,122879,12.13,15,0,0,1,0,0,0,0,0,0,0,1
SES_03220,STU_6198,3600,10,16,2,7707,22198,52294,24.12,11,1,4,1,2,0,0,0,0,0,0,1
SES_03221,STU_7785,3600,0,1,0,463,808,4397,1.58,1,0,0,0,0,0,0,0,0,0,0,0
SES_03222,STU_2791,3600,0,0,0,0,0,10500,2.13,0,0,0,0,0,0,0,0,0,0,0,0
SES_03223,STU_9084,3600,0,0,0,0,0,5116,0.87,1,0,0,0,0,0,0,0,0,0,0,0
SES_03224,STU_6958,3600,0,0,0,0,0,8915,2.14,0,0,0,0,0,0,0,0,0,0,0,0
SES_03225,STU_4374,3600,2,1,1,1624,2580,8799,2.27,1,0,0,0,0,0,0,0,0,0,0,0
SES_03226,STU_7026,3600,2,4,0,11426,13949,51553,9.97,3,1,2,1,0,0,0,0,0,0,0,1
SES_03227,STU_7145,3600,1,3,1,556,932,6740,2.24,1,0,0,0,0,0,0,0,0,0,0,0
SES_03228,STU_5115,3600,0,0,0,0,0,2776,2.13,0,0,0,0,0,0,0,0,0,0,0,0
SES_03229,STU_6825,3600,1,1,0,1000,1000,44601,17.03,1,0,0,0,2,0,1,0,0,0,0,1
SES_03230,STU_2688,3600,0,1,0,19,292,13536,3.1,0,0,0,0,0,0,1,0,0,0,0,0
SES_03231,STU_7844,3600,1,1,0,1000,1000,120794,18.94,1,0,0,0,0,0,1,0,0,0,0,1
SES_03232,STU_5067,3600,6,7,0,1012,2366,88833,17.55,3,1,1,0,0,0,0,0,0,0,0,1
SES_03233,STU_3596,3600,0,0,0,0,0,13025,1.83,1,0,0,0,0,0,0,0,0,0,0,0
SES_03234,STU_9904,3600,0,0,0,0,0,5017,2.39,1,0,0,0,0,0,0,0,0,0,0,0
SES_03235,STU_1052,3600,3,3,0,2857,4858,79788,6.91,4,6,3,0,2,0,0,0,0,0,0,1
SES_03236,STU_5260,3600,0,1,0,103,108,4980,1.13,0,0,0,0,0,0,0,0,0,0,0,0
SES_03237,STU_3174,3600,4,3,0,6557,14282,91065,24.06,6,2,2,0,0,0,0,0,0,0,0,1
SES_03238,STU_7215,3600,0,0,0,0,0,1377,1.35,1,0,0,0,0,0,0,0,0,0,0,0
SES_03239,STU_7090,3600,0,0,1,0,0,46719,18.75,0,0,0,0,2,0,0,0,0,0,1,1
SES_03240,STU_3193,3600,0,0,0,0,0,113093,23.62,0,0,0,0,0,0,0,0,0,1,0,1
SES_03241,STU_2299,3600,3,3,0,3497,7482,120804,19.38,4,4,6,0,6,0,0,0,0,0,0,1
SES_03242,STU_3722,3600,0,0,0,0,0,12179,2.33,0,0,0,0,0,0,0,0,0,0,0,0
SES_03243,STU_9403,3600,0,1,0,464,1355,2537,2.11,1,0,0,0,0,0,0,0,0,0,0,0
SES_03244,STU_1474,3600,0,0,0,0,0,4708,1.26,1,0,0,0,0,0,0,0,0,0,0,0
SES_03245,STU_4621,3600,0,1,0,267,349,8965,1.93,1,0,0,0,0,0,0,0,0,0,0,0
SES_03246,STU_2072,3600,2,1,1,1315,1776,10422,0.9,0,0,0,0,0,0,0,0,0,0,0,0
SES_03247,STU_4403,3600,0,0,0,0,0,7066,1.57,0,0,0,0,0,0,0,0,0,0,0,0
SES_03248,STU_6463,3600,2,1,0,950,1563,129577,23.07,0,0,0,0,12,0,0,0,1,0,0,1
SES_03249,STU_2157,3600,0,0,0,0,0,3314,3.13,1,0,0,0,0,0,0,0,1,0,0,0
SES_03250,STU_5126,3600,1,1,0,1000,1000,123662,18.06,1,0,0,1,2,0,1,0,0,0,0,1
SES_03251,STU_7012,3600,0,1,0,468,787,1369,3.26,0,0,0,0,0,0,1,0,0,0,0,0
SES_03252,STU_2982,3600,3,2,1,10825,13856,47912,5.01,5,1,2,0,2,0,0,0,0,0,0,1
SES_03253,STU_6814,3600,1,1,0,1000,1000,109539,13.14,1,0,0,0,0,0,1,0,0,0,0,1
SES_03254,STU_3767,3600,0,0,0,0,0,1687,1.15,0,0,0,0,0,0,1,0,0,0,0,0
SES_03255,STU_8689,3600,8,9,2,4698,8782,85604,8.42,6,2,1,0,11,0,0,0,1,0,0,1
SES_03256,STU_1091,3600,0,0,0,0,0,12801,0.4,1,0,0,0,0,0,0,0,1,0,0,0
SES_03257,STU_7064,3600,0,1,0,230,873,7846,3.47,1,0,0,0,0,0,0,0,1,0,0,0
SES_03258,STU_5338,3600,0,1,0,150,435,2827,2.19,0,0,0,0,0,0,0,0,1,0,0,0
SES_03259,STU_8717,3600,1,1,1,4465,8026,48468,24.28,2,2,4,0,5,0,0,0,0,0,0,1
SES_03260,STU_1705,3600,1,1,0,1000,1000,33973,18.68,1,0,0,0,0,0,1,0,0,0,0,1
SES_03261,STU_3356,3600,15,21,5,4546,13201,119409,21.45,17,2,5,1,0,0,0,0,0,0,0,1
SES_03262,STU_3221,3600,2,3,1,1942,2041,2896,1.38,1,0,0,0,0,0,0,0,0,0,0,0
SES_03263,STU_2108,3600,0,1,0,430,515,8771,0.87,0,0,0,0,0,0,0,0,0,0,0,0
SES_03264,STU_5092,3600,0,1,0,500,500,70265,6.92,1,0,0,0,0,0,0,1,0,0,0,1
SES_03265,STU_9512,3600,0,0,0,150,477,68999,17.71,2,10,8,0,0,0,0,0,0,0,0,1
SES_03266,STU_2194,3600,0,0,0,0,0,14431,2.39,0,0,0,0,0,0,0,0,0,0,0,0
SES_03267,STU_5095,3600,2,2,1,7714,8880,112687,22.86,3,3,7,0,2,0,0,0,0,0,0,1
SES_03268,STU_1811,3600,2,3,1,1927,1957,14273,3.13,0,0,0,0,0,0,0,0,0,0,0,0
SES_03269,STU_2350,3600,0,1,0,340,521,7948,2.05,1,0,0,0,0,0,0,0,0,0,0,0
SES_03270,STU_8971,3600,0,1,0,332,555,10661,3.38,1,0,0,0,0,0,0,0,0,0,0,0
SES_03271,STU_7464,3600,5,6,1,23250,35694,34232,18.3,8,0,0,1,0,0,0,0,0,0,0,1
SES_03272,STU_7840,3600,11,11,2,4170,8717,77172,15.09,5,2,2,0,0,0,0,0,0,0,0,1
SES_03273,STU_3690,3600,2,1,1,589,801,5267,2.29,1,0,0,0,0,0,0,0,0,0,0,0
SES_03274,STU_5447,3600,3,4,1,7688,13404,123605,5.21,2,3,3,0,0,0,0,0,0,0,0,1
SES_03275,STU_2544,3600,0,1,0,23,926,1272,0.45,0,0,0,0,0,0,0,0,0,0,0,0
SES_03276,STU_2807,3600,0,0,1,0,0,25737,15.84,0,0,0,0,0,0,0,0,0,0,1,1
SES_03277,STU_7271,3600,0,1,0,75,384,3015,1.51,0,0,0,0,0,0,0,0,0,0,1,0
SES_03278,STU_2003,3600,2,3,1,16461,31073,99497,12.51,6,0,0,1,0,0,0,0,0,0,0,1
SES_03279,STU_5920,3600,4,4,0,4309,8964,115059,20.27,7,10,3,0,0,0,0,0,0,0,0,1
SES_03280,STU_3867,3600,2,3,1,1885,2502,3139,1.76,1,0,0,0,0,0,0,0,0,0,0,0
SES_03281,STU_4592,3600,8,10,0,3099,4781,32834,23.28,10,1,0,0,14,0,0,0,1,0,0,1
SES_03282,STU_4812,3600,0,1,0,138,714,12464,2.8,0,0,0,0,0,0,0,0,1,0,0,0
SES_03283,STU_6764,3600,0,0,0,0,0,8611,3.28,0,0,0,0,0,0,0,0,1,0,0,0
SES_03284,STU_8797,3600,7,8,0,3021,4077,84548,22.42,6,2,2,1,6,0,0,0,1,0,0,1
SES_03285,STU_3938,3600,0,1,0,236,360,7996,3.01,1,0,0,0,0,0,0,0,1,0,0,0
SES_03286,STU_4384,3600,2,2,1,519,642,3680,3.05,0,0,0,0,0,0,0,0,1,0,0,0
SES_03287,STU_6872,3600,0,1,0,174,810,3893,3.28,1,0,0,0,0,0,0,0,1,0,0,0
SES_03288,STU_9294,3600,0,0,0,0,0,14605,1.23,1,0,0,0,0,0,0,0,1,0,0,0
SES_03289,STU_9947,3600,0,1,0,17,457,8037,2.53,0,0,0,0,0,0,0,0,1,0,0,0
SES_03290,STU_7718,3600,0,1,0,4,342,9285,2.98,0,0,0,0,0,0,0,0,1,0,0,0
SES_03291,STU_2004,3600,0,1,0,268,495,11627,3.01,1,0,0,0,0,0,0,0,1,0,0,0
SES_03292,STU_8559,3600,0,1,0,404,1386,11214,1.38,1,0,0,0,0,0,0,0,1,0,0,0
SES_03293,STU_3730,3600,0,0,0,266,716,83115,15.66,8,0,0,0,0,0,0,0,0,0,0,1
SES_03294,STU_9828,3600,11,14,4,8214,14510,51031,8.83,18,4,2,0,0,0,0,0,0,0,0,1
SES_03295,STU_8298,3600,0,1,0,320,2252,135369,11.62,1,7,10,0,0,0,0,0,0,0,0,1
SES_03296,STU_3406,3600,0,1,0,353,1076,13894,1.85,1,0,0,0,0,0,0,0,0,0,0,0
SES_03297,STU_7940,3600,0,1,0,407,902,2965,2.48,1,0,0,0,0,0,0,0,0,0,0,0
SES_03298,STU_9138,3600,0,0,0,0,0,3132,2.69,1,0,0,0,0,0,0,0,0,0,0,0
SES_03299,STU_8488,3600,0,1,0,250,814,13827,3.32,0,0,0,0,0,0,0,0,0,0,0,0
SES_03300,STU_8860,3600,0,0,0,0,0,9249,3.16,1,0,0,0,0,0,0,0,0,0,0,0
SES_03301,STU_8689,3600,1,2,1,789,1533,6248,3.36,1,0,0,0,0,0,0,0,0,0,0,0
SES_03302,STU_8059,3600,0,0,0,0,0,65626,8.36,0,0,0,0,0,0,0,0,0,1,0,1
SES_03303,STU_6345,3600,0,1,0,149,1147,13130,1.23,0,0,0,0,0,0,0,0,0,1,0,0
SES_03304,STU_6239,3600,0,0,0,0,0,5519,1.72,0,0,0,0,0,0,0,0,0,1,0,0
SES_03305,STU_8889,3600,0,1,0,467,1421,10154,2.57,1,0,0,0,0,0,0,0,0,1,0,0
SES_03306,STU_3917,3600,0,0,0,0,0,135467,21.32,0,0,0,0,0,0,0,0,0,1,0,1
SES_03307,STU_7814,3600,0,0,0,0,0,9000,3.25,1,0,0,0,0,0,0,0,0,1,0,0
SES_03308,STU_8167,3600,0,0,0,0,0,1929,1.04,1,0,0,0,0,0,0,0,0,1,0,0
SES_03309,STU_7817,3600,2,3,1,1467,1709,5679,3.3,1,0,0,0,0,0,0,0,0,1,0,0
SES_03310,STU_3044,3600,2,2,1,777,1363,2033,2.52,0,0,0,0,0,0,0,0,0,1,0,0
SES_03311,STU_6479,3600,1,1,0,1000,1000,139507,10.32,1,0,0,0,0,0,1,0,0,0,0,1
SES_03312,STU_9240,3600,0,1,0,354,1166,2808,3.17,1,0,0,0,0,0,1,0,0,0,0,0
SES_03313,STU_2258,3600,0,1,0,165,723,3282,1.21,1,0,0,0,0,0,1,0,0,0,0,0
SES_03314,STU_8979,3600,0,1,0,276,1113,4170,3.26,0,0,0,0,0,0,1,0,0,0,0,0
SES_03315,STU_2895,3600,3,1,0,4397,10681,46128,8.66,4,5,4,0,8,0,0,0,0,0,0,1
SES_03316,STU_7092,3600,0,0,0,0,0,79410,17.62,0,0,0,0,0,0,0,0,0,1,0,1
SES_03317,STU_4006,3600,0,5,0,26267,36046,51797,12.04,0,0,0,0,0,0,0,0,0,0,0,1
SES_03318,STU_6404,3600,24,28,2,4691,6342,142752,11.04,9,2,0,0,1,0,0,0,0,0,0,1
SES_03319,STU_7621,3600,0,0,0,0,0,8526,3.11,1,0,0,0,0,0,0,0,0,0,0,0
SES_03320,STU_3276,3600,1,2,1,1764,2270,12730,1.14,1,0,0,0,0,0,0,0,0,0,0,0
SES_03321,STU_8086,3600,0,0,0,0,0,11266,0.9,0,0,0,0,0,0,0,0,0,0,0,0
SES_03322,STU_4957,3600,0,0,1,0,0,138750,13.47,0,0,0,1,0,0,0,0,0,0,1,1
SES_03323,STU_3695,3600,0,0,1,0,0,42726,13.84,0,0,0,1,1,0,0,0,0,0,1,1
SES_03324,STU_2084,3600,2,2,1,1592,2146,11017,1.79,0,0,0,0,0,0,0,0,0,0,1,0
SES_03325,STU_4021,3600,0,0,0,0,0,1391,0.9,0,0,0,0,0,0,0,0,0,0,1,0
SES_03326,STU_4419,3600,1,3,1,763,1137,11412,2.02,0,0,0,0,0,0,0,0,0,0,1,0
SES_03327,STU_4614,3600,3,3,1,24578,39316,45676,9.52,2,0,0,0,0,0,0,0,0,0,0,1
SES_03328,STU_9804,3600,3,3,1,4885,5974,117375,18.14,8,10,9,0,1,0,0,0,0,0,0,1
SES_03329,STU_4008,3600,0,4,0,17308,27563,34245,22.61,0,0,0,0,0,0,0,0,0,0,0,1
SES_03330,STU_4295,3600,0,0,0,909,1549,44566,23.41,0,4,7,0,0,0,0,0,0,0,0,1
SES_03331,STU_9711,3600,0,1,0,574,1394,113070,20.43,1,5,7,0,0,0,0,0,0,0,0,1
SES_03332,STU_2006,3600,0,1,0,500,500,32655,17.54,1,0,0,0,0,0,0,1,0,0,0,1
SES_03333,STU_7036,3600,0,0,0,0,0,2075,2.1,0,0,0,0,0,0,0,1,0,0,0,0
SES_03334,STU_7689,3600,0,1,0,500,500,33026,21.95,1,0,0,0,0,0,0,1,0,0,0,1
SES_03335,STU_4772,3600,1,1,0,4915,9995,22762,10.96,4,4,2,0,3,0,0,0,0,0,0,1
SES_03336,STU_7345,3600,0,0,0,0,0,1645,0.78,1,0,0,0,0,0,0,0,0,0,0,0
SES_03337,STU_7397,3600,0,1,0,338,437,3626,0.97,0,0,0,0,0,0,0,0,0,0,0,0
SES_03338,STU_5934,3600,0,0,1,0,0,137407,20.88,0,0,0,0,0,0,0,0,0,0,1,1
SES_03339,STU_8747,3600,0,0,0,0,0,1145,1.9,0,0,0,0,0,0,0,0,0,0,1,0
SES_03340,STU_2066,3600,2,2,1,1818,2457,1931,3.41,1,0,0,0,0,0,0,0,0,0,1,0
SES_03341,STU_6445,3600,0,0,0,0,0,38980,22.86,1,0,0,1,0,1,0,0,0,0,0,1
SES_03342,STU_3072,3600,0,1,0,152,515,3574,1.07,1,0,0,0,0,1,0,0,0,0,0,0
SES_03343,STU_2767,3600,15,15,0,2392,2895,101402,18.45,5,0,1,0,0,0,0,0,0,0,0,1
SES_03344,STU_1896,3600,2,2,1,1312,1877,4927,2.47,0,0,0,0,0,0,0,0,0,0,0,0
SES_03345,STU_7822,3600,4,5,1,10694,23897,126027,19.31,10,0,0,0,0,0,0,0,0,0,0,1
SES_03346,STU_1924,3600,0,0,0,0,0,2266,2.19,1,0,0,0,0,0,0,0,0,0,0,0
SES_03347,STU_4959,3600,0,1,0,106,1085,2443,3.21,1,0,0,0,0,0,0,0,0,0,0,0
SES_03348,STU_7530,3600,0,0,0,0,0,1175,3.22,0,0,0,0,0,0,0,0,0,0,0,0
SES_03349,STU_5611,3600,6,6,0,1797,3517,93215,17.52,4,0,0,0,2,0,0,0,0,0,0,1
SES_03350,STU_2833,3600,0,1,0,162,381,8300,1.29,0,0,0,0,0,0,0,0,0,0,0,0
SES_03351,STU_9260,3600,0,0,0,53,119,130300,12.57,8,0,0,1,0,0,0,0,0,0,0,1
SES_03352,STU_7098,3600,0,0,0,0,0,7352,1.64,1,0,0,0,0,0,0,0,0,0,0,0
SES_03353,STU_3173,3600,0,0,0,0,0,11359,0.81,1,0,0,0,0,0,0,0,0,0,0,0
SES_03354,STU_7184,3600,3,3,2,6947,12519,146892,10.58,4,1,2,0,0,0,0,0,0,0,0,1
SES_03355,STU_4280,3600,3,3,1,4154,8299,137606,19.12,3,5,8,0,0,0,0,0,0,0,0,1
SES_03356,STU_5370,3600,1,3,2,9361,14212,89455,9.49,6,1,1,0,2,0,0,0,0,0,0,1
SES_03357,STU_9560,3600,0,0,0,221,1906,72182,5.45,0,3,5,0,1,0,0,0,0,0,0,1
SES_03358,STU_1831,3600,0,0,0,0,0,5510,2.62,0,0,0,0,0,0,0,0,0,0,0,0
SES_03359,STU_3817,3600,0,1,0,390,485,7447,0.73,0,0,0,0,0,0,0,0,0,0,0,0
SES_03360,STU_5881,3600,0,0,0,0,0,12163,1.11,0,0,0,0,0,0,0,0,0,0,0,0
SES_03361,STU_8031,3600,0,1,0,36,423,8995,1.09,0,0,0,0,0,0,0,0,0,0,0,0
SES_03362,STU_2714,3600,1,1,0,1000,1000,111452,12.07,1,0,0,0,0,0,1,0,0,0,0,1
SES_03363,STU_1736,3600,0,0,0,0,0,100344,6.15,1,0,0,0,0,1,0,0,0,0,0,1
SES_03364,STU_7093,3600,2,2,3,28706,45154,86203,7.44,2,0,0,0,2,0,0,0,0,0,0,1
SES_03365,STU_9056,3600,0,1,0,435,1019,2956,1.99,0,0,0,0,0,0,0,0,0,0,0,0
SES_03366,STU_5754,3600,0,0,0,0,0,10695,1.41,0,0,0,0,0,0,0,0,0,0,0,0
SES_03367,STU_7361,3600,0,0,0,0,0,3917,0.58,1,0,0,0,0,0,0,0,0,0,0,0
SES_03368,STU_3259,3600,0,0,1,0,0,129719,14.05,0,0,0,0,0,0,0,0,0,0,1,1
SES_03369,STU_6553,3600,0,0,0,184,1215,51266,20.14,2,3,6,0,0,0,0,0,0,0,0,1
SES_03370,STU_2623,3600,2,2,1,2510,3954,120366,14.16,6,3,9,0,0,0,0,0,0,0,0,1
SES_03371,STU_7506,3600,0,1,0,333,1259,8977,1.39,1,0,0,0,0,0,0,0,0,0,0,0
SES_03372,STU_6599,3600,0,0,0,0,0,12285,1.61,1,0,0,0,0,0,0,0,0,0,0,0
SES_03373,STU_5183,3600,0,1,0,500,500,114148,19.28,1,0,0,0,0,0,0,1,0,0,0,1
SES_03374,STU_9618,3600,0,0,0,0,0,7447,1.91,1,0,0,0,0,0,0,1,0,0,0,0
SES_03375,STU_9509,3600,0,0,0,0,0,4558,2.61,1,0,0,0,0,0,0,1,0,0,0,0
SES_03376,STU_2141,3600,1,3,1,942,1510,9661,0.57,1,0,0,0,0,0,0,1,0,0,0,0
SES_03377,STU_1985,3600,0,1,0,446,1334,8680,2.08,1,0,0,0,0,0,0,1,0,0,0,0
SES_03378,STU_1405,3600,0,1,0,487,1453,7017,2.93,1,0,0,0,0,0,0,1,0,0,0,0
SES_03379,STU_3650,3600,0,0,0,0,0,5792,2.95,0,0,0,0,0,0,0,1,0,0,0,0
SES_03380,STU_2719,3600,1,2,1,1176,1442,8326,3.22,0,0,0,0,0,0,0,1,0,0,0,0
SES_03381,STU_7605,3600,1,3,1,1984,2031,2055,3.24,0,0,0,0,0,0,0,1,0,0,0,0
SES_03382,STU_3311,3600,0,0,0,0,0,10665,0.54,0,0,0,0,0,0,0,1,0,0,0,0
SES_03383,STU_2600,3600,0,0,0,0,0,14870,2.22,0,0,0,0,0,0,0,1,0,0,0,0
SES_03384,STU_3714,3600,0,0,0,0,0,8253,0.63,1,0,0,0,0,0,0,1,0,0,0,0
SES_03385,STU_8576,3600,0,0,0,0,0,8633,0.97,0,0,0,0,0,0,0,1,0,0,0,0
SES_03386,STU_7563,3600,8,10,2,4473,6583,37040,17.69,3,0,0,0,7,0,0,0,1,0,0,1
SES_03387,STU_1324,3600,0,0,0,0,0,10343,2.02,0,0,0,0,0,0,0,0,1,0,0,0
SES_03388,STU_9063,3600,2,2,0,8758,13118,11834,7.66,2,3,2,0,0,0,0,0,0,0,0,1
SES_03389,STU_7082,3600,1,2,1,938,1899,11824,2.21,0,0,0,0,0,0,0,0,0,0,0,0
SES_03390,STU_7480,3600,0,1,0,474,787,13637,0.52,1,0,0,0,0,0,0,0,0,0,0,0
SES_03391,STU_9355,3600,0,1,0,311,791,4736,2.39,0,0,0,0,0,0,0,0,0,0,0,0
SES_03392,STU_7138,3600,0,0,0,0,0,6928,0.74,0,0,0,0,0,0,0,0,0,0,0,0
SES_03393,STU_8943,3600,0,0,0,0,0,8592,1.56,0,0,0,0,0,0,0,0,0,0,0,0
SES_03394,STU_6331,3600,0,0,0,0,0,2630,1.48,1,0,0,0,0,0,0,0,0,0,0,0
SES_03395,STU_4279,3600,0,0,0,0,0,3208,0.76,0,0,0,0,0,0,0,0,0,0,0,0
SES_03396,STU_4085,3600,2,2,3,26982,42922,73740,22.03,6,0,0,0,0,0,0,0,0,0,0,1
SES_03397,STU_8950,3600,1,1,0,1000,1000,138296,20.28,1,0,0,0,2,0,1,0,0,0,0,1
SES_03398,STU_5550,3600,0,0,0,0,0,11099,2.98,1,0,0,0,0,0,1,0,0,0,0,0
SES_03399,STU_1369,3600,0,1,0,227,789,13221,2.49,1,0,0,0,0,0,1,0,0,0,0,0
SES_03400,STU_3498,3600,1,4,0,24546,31051,23729,15.91,0,0,0,0,0,0,0,0,0,0,0,1
SES_03401,STU_1765,3600,0,0,0,0,0,7673,0.42,1,0,0,0,0,0,0,0,0,0,0,0
SES_03402,STU_8227,3600,0,1,0,186,1083,7077,0.55,0,0,0,0,0,0,0,0,0,0,0,0
SES_03403,STU_9773,3600,2,3,1,1667,2200,14873,0.54,1,0,0,0,0,0,0,0,0,0,0,0
SES_03404,STU_1179,3600,0,1,0,34,1361,93246,14.32,1,8,4,0,0,0,0,0,0,0,0,1
SES_03405,STU_3575,3600,0,0,0,0,0,8407,3.08,0,0,0,0,0,0,0,0,0,0,0,0
SES_03406,STU_8407,3600,0,0,0,0,0,10568,0.49,1,0,0,0,0,0,0,0,0,0,0,0
SES_03407,STU_2230,3600,0,1,0,333,1176,1675,1.58,0,0,0,0,0,0,0,0,0,0,0,0
SES_03408,STU_4695,3600,0,1,0,172,461,7097,1.89,1,0,0,0,0,0,0,0,0,0,0,0
SES_03409,STU_4586,3600,0,0,0,0,0,1045,1.08,1,0,0,0,0,0,0,0,0,0,0,0
SES_03410,STU_9872,3600,0,1,0,224,880,13530,0.4,0,0,0,0,0,0,0,0,0,0,0,0
SES_03411,STU_8006,3600,2,1,1,904,1723,12943,3.36,0,0,0,0,0,0,0,0,0,0,0,0
SES_03412,STU_1528,3600,4,4,1,4845,8595,24458,11.97,7,2,1,0,6,0,0,0,1,0,0,1
SES_03413,STU_5196,3600,2,2,1,787,935,5440,1.01,0,0,0,0,0,0,0,0,1,0,0,0
SES_03414,STU_8010,3600,0,1,0,410,1163,45406,11.01,18,0,0,0,0,0,0,0,0,0,0,1
SES_03415,STU_8103,3600,0,0,0,0,0,12175,1.64,0,0,0,0,0,0,0,0,0,0,0,0
SES_03416,STU_6462,3600,0,0,0,0,0,7803,0.76,1,0,0,0,0,0,0,0,0,0,0,0
SES_03417,STU_5108,3600,0,1,0,127,914,4076,0.74,0,0,0,0,0,0,0,0,0,0,0,0
SES_03418,STU_7821,3600,0,0,0,0,0,4293,1.05,0,0,0,0,0,0,0,0,0,0,0,0
SES_03419,STU_3836,3600,2,3,1,906,1784,10429,1.18,0,0,0,0,0,0,0,0,0,0,0,0
SES_03420,STU_2869,3600,2,1,1,607,1284,14846,3.09,0,0,0,0,0,0,0,0,0,0,0,0
SES_03421,STU_6234,3600,2,1,1,1334,1718,7857,1.24,1,0,0,0,0,0,0,0,0,0,0,0
SES_03422,STU_3427,3600,1,2,1,1875,2639,2683,0.74,1,0,0,0,0,0,0,0,0,0,0,0
SES_03423,STU_9823,3600,1,0,0,715,2152,106119,23.47,2,0,0,1,4,0,0,0,1,0,0,1
SES_03424,STU_6738,3600,1,1,1,1293,1797,14371,1.6,1,0,0,0,0,0,0,0,1,0,0,0
SES_03425,STU_7552,3600,1,2,1,563,938,10687,1.24,1,0,0,0,0,0,0,0,1,0,0,0
SES_03426,STU_8176,3600,0,0,0,0,0,28437,23.71,1,0,0,0,0,1,0,0,0,0,0,1
SES_03427,STU_5920,3600,2,3,1,1854,2126,6953,1.91,0,0,0,0,0,1,0,0,0,0,0,0
SES_03428,STU_7935,3600,0,0,0,20,56,137964,19.79,2,5,5,0,0,0,0,0,0,0,0,1
SES_03429,STU_3855,3600,0,0,0,0,0,70491,8.34,1,0,0,0,1,1,0,0,0,0,0,1
SES_03430,STU_1604,3600,2,3,1,1836,2363,11410,2.68,1,0,0,0,0,1,0,0,0,0,0,0
SES_03431,STU_7801,3600,0,1,0,221,243,11801,0.31,0,0,0,0,0,1,0,0,0,0,0,0
SES_03432,STU_1115,3600,0,0,0,0,0,5539,3.43,1,0,0,0,0,1,0,0,0,0,0,0
SES_03433,STU_5225,3600,2,2,0,8601,14692,16480,12.35,1,2,5,0,4,0,0,0,0,0,0,1
SES_03434,STU_2226,3600,0,1,0,77,501,14116,0.64,0,0,0,0,0,0,0,0,0,0,0,0
SES_03435,STU_1277,3600,0,0,0,285,497,110398,17.24,2,6,9,1,0,0,0,0,0,0,0,1
SES_03436,STU_9922,3600,0,1,0,413,731,3275,1.47,0,0,0,0,0,0,0,0,0,0,0,0
SES_03437,STU_9204,3600,4,4,3,29529,42844,48919,12.37,5,0,0,1,0,0,0,0,0,0,0,1
SES_03438,STU_1376,3600,0,1,0,433,563,10397,0.49,0,0,0,0,0,0,0,0,0,0,0,0
SES_03439,STU_6982,3600,0,0,0,0,0,80999,12.07,0,0,0,0,0,0,0,0,0,1,0,1
SES_03440,STU_9903,3600,0,1,0,100,341,10038,0.78,1,0,0,0,0,0,0,0,0,1,0,0
SES_03441,STU_6955,3600,0,1,0,212,1017,10382,1.28,1,0,0,0,0,0,0,0,0,1,0,0
SES_03442,STU_8165,3600,0,1,0,292,549,4225,0.46,0,0,0,0,0,0,0,0,0,1,0,0
SES_03443,STU_8548,3600,0,0,0,0,0,6525,0.5,1,0,0,0,0,0,0,0,0,1,0,0
SES_03444,STU_1513,3600,0,0,0,0,0,11563,1.34,1,0,0,0,0,0,0,0,0,1,0,0
SES_03445,STU_4984,3600,0,0,0,0,0,2614,1.49,1,0,0,0,0,0,0,0,0,1,0,0
SES_03446,STU_4224,3600,2,2,1,667,1575,9730,1.77,0,0,0,0,0,0,0,0,0,1,0,0
SES_03447,STU_4381,3600,0,0,0,0,0,5104,2.59,0,0,0,0,0,0,0,0,0,1,0,0
SES_03448,STU_6012,3600,0,1,0,100,1004,11909,1.8,0,0,0,0,0,0,0,0,0,1,0,0
SES_03449,STU_1561,3600,0,1,0,151,229,2507,1.04,1,0,0,0,0,0,0,0,0,1,0,0
SES_03450,STU_4447,3600,9,11,0,2190,3884,92485,10.01,4,0,1,0,0,0,0,0,0,0,0,1
SES_03451,STU_6614,3600,5,6,2,2932,6099,97145,14.56,5,0,1,1,9,0,0,0,1,0,0,1
SES_03452,STU_6876,3600,0,1,0,500,500,38219,8.16,1,0,0,0,1,0,0,1,0,0,0,1
SES_03453,STU_3695,3600,5,6,3,15055,23110,63989,22.42,2,0,0,0,2,0,0,0,0,0,0,1
SES_03454,STU_3458,3600,0,1,0,500,500,114193,7.67,1,0,0,0,0,0,0,1,0,0,0,1
SES_03455,STU_7292,3600,0,0,0,0,0,2631,2.3,1,0,0,0,0,0,0,1,0,0,0,0
SES_03456,STU_3519,3600,0,0,0,0,0,7772,0.85,0,0,0,0,0,0,0,1,0,0,0,0
SES_03457,STU_7890,3600,0,2,1,29591,40046,97797,22.44,0,0,0,0,1,0,0,0,0,0,0,1
SES_03458,STU_5766,3600,0,1,0,500,500,68463,19.33,1,0,0,0,0,0,0,1,0,0,0,1
SES_03459,STU_9169,3600,0,0,0,0,0,7300,2.42,1,0,0,0,0,0,0,1,0,0,0,0
SES_03460,STU_6422,3600,0,1,0,205,1036,2047,2.54,1,0,0,0,0,0,0,1,0,0,0,0
SES_03461,STU_9693,3600,2,2,1,852,1062,3146,0.68,1,0,0,0,0,0,0,1,0,0,0,0
SES_03462,STU_9441,3600,14,15,2,4674,6735,39754,11.88,12,0,1,0,0,0,0,0,0,0,0,1
SES_03463,STU_7292,3600,0,0,0,0,0,14794,3.04,0,0,0,0,0,0,0,0,0,0,0,0
SES_03464,STU_6983,3600,24,26,2,4172,7450,92468,10.66,8,1,0,0,1,0,0,0,0,0,0,1
SES_03465,STU_9501,3600,0,1,0,117,232,95855,13.84,0,4,4,0,0,0,0,0,0,0,0,1
SES_03466,STU_4763,3600,0,1,0,4,752,3431,1.92,1,0,0,0,0,0,0,0,0,0,0,0
SES_03467,STU_9507,3600,0,0,0,0,0,11263,1.92,1,0,0,0,0,0,0,0,0,0,0,0
SES_03468,STU_9715,3600,0,1,0,510,2338,132784,13.31,1,8,4,0,0,0,0,0,0,0,0,1
SES_03469,STU_5293,3600,0,1,0,2,136,1154,3.24,1,0,0,0,0,0,0,0,0,0,0,0
SES_03470,STU_6881,3600,0,1,0,255,893,18713,13.91,19,0,0,1,0,0,0,0,0,0,0,1
SES_03471,STU_1345,3600,2,3,1,5399,11463,17706,16.92,5,3,1,0,0,0,0,0,0,0,0,1
SES_03472,STU_6700,3600,1,4,1,23816,33602,86915,7.81,1,0,0,1,0,0,0,0,0,0,0,1
SES_03473,STU_6262,3600,0,1,0,431,575,1691,2.4,0,0,0,0,0,0,0,0,0,0,0,0
SES_03474,STU_6585,3600,0,1,0,266,626,3784,1.79,0,0,0,0,0,0,0,0,0,0,0,0
SES_03475,STU_5969,3600,5,5,1,2915,7230,105029,19.38,2,7,3,0,0,0,0,0,0,0,0,1
SES_03476,STU_4780,3600,2,1,1,507,1300,5072,3.39,1,0,0,0,0,0,0,0,0,0,0,0
SES_03477,STU_2603,3600,1,1,1,1040,1945,5783,3.46,0,0,0,0,0,0,0,0,0,0,0,0
SES_03478,STU_5534,3600,0,0,0,206,1264,107923,14.96,2,10,8,0,0,0,0,0,0,0,0,1
SES_03479,STU_3497,3600,0,0,0,0,0,14948,0.47,1,0,0,0,0,0,0,0,0,0,0,0
SES_03480,STU_2769,3600,5,6,1,4488,7191,80693,11.77,6,1,0,1,7,0,0,0,1,0,0,1
SES_03481,STU_2786,3600,0,1,0,984,1935,75527,13.63,0,8,5,1,0,0,0,0,0,0,0,1
SES_03482,STU_3972,3600,0,0,0,0,0,12859,2.31,1,0,0,0,0,0,0,0,0,0,0,0
SES_03483,STU_7907,3600,0,0,0,320,855,102602,22.85,10,0,0,0,2,0,0,0,0,0,0,1
SES_03484,STU_8924,3600,0,0,0,72,2015,14388,13.75,0,5,6,0,2,0,0,0,0,0,0,1
SES_03485,STU_5880,3600,0,1,0,0,156,35888,10.2,12,0,0,0,0,0,0,0,0,0,0,1
SES_03486,STU_6151,3600,5,5,0,2194,7151,60787,19.07,6,8,5,0,0,0,0,0,0,0,0,1
SES_03487,STU_2951,3600,0,0,0,0,0,3013,2.98,1,0,0,0,0,0,0,0,0,0,0,0
SES_03488,STU_5484,3600,2,3,1,1766,2664,7831,2.7,1,0,0,0,0,0,0,0,0,0,0,0
SES_03489,STU_2619,3600,1,1,0,1000,1000,41793,19.26,1,0,0,0,0,0,1,0,0,0,0,1
SES_03490,STU_4175,3600,0,0,0,0,0,8821,1.02,1,0,0,0,0,0,1,0,0,0,0,0
SES_03491,STU_5860,3600,6,9,4,3406,4999,121282,19.33,7,1,2,0,0,0,0,0,0,0,0,1
SES_03492,STU_6471,3600,0,1,0,447,1142,10390,1.71,1,0,0,0,0,0,0,0,0,0,0,0
SES_03493,STU_8780,3600,0,1,0,423,1330,11250,1.04,0,0,0,0,0,0,0,0,0,0,0,0
SES_03494,STU_9204,3600,0,0,0,0,0,116802,5.62,0,0,0,0,0,0,0,0,0,1,0,1
SES_03495,STU_3471,3600,1,1,1,1313,1496,3305,2.77,1,0,0,0,0,0,0,0,0,1,0,0
SES_03496,STU_7778,3600,0,0,0,0,0,6692,3.43,1,0,0,0,0,0,0,0,0,1,0,0
SES_03497,STU_8189,3600,0,0,0,0,0,13812,1.05,1,0,0,0,0,0,0,0,0,1,0,0
SES_03498,STU_9044,3600,5,8,0,3389,7940,26386,20.96,10,1,2,0,11,0,0,0,1,0,0,1
SES_03499,STU_1505,3600,0,1,0,484,598,10754,0.46,1,0,0,0,0,0,0,0,1,0,0,0
SES_03500,STU_1564,3600,2,1,0,9204,11945,43073,15.53,3,2,4,0,3,0,0,0,0,0,0,1
SES_03501,STU_9327,3600,0,1,0,280,641,6606,3.09,1,0,0,0,0,0,0,0,0,0,0,0
SES_03502,STU_8491,3600,0,0,0,0,0,25218,10.28,1,0,0,1,0,1,0,0,0,0,0,1
SES_03503,STU_5597,3600,0,1,0,92,413,14929,1.99,1,0,0,0,0,1,0,0,0,0,0,0
SES_03504,STU_3979,3600,9,13,4,2967,5378,54995,18.96,12,2,1,1,1,0,0,0,0,0,0,1
SES_03505,STU_8045,3600,0,0,0,0,0,2956,1.28,0,0,0,0,0,0,0,0,0,0,0,0
SES_03506,STU_5178,3600,0,0,0,0,0,11168,2.14,0,0,0,0,0,0,0,0,0,0,0,0
SES_03507,STU_8033,3600,0,0,0,0,0,9772,1.62,1,0,0,0,0,0,0,0,0,0,0,0
SES_03508,STU_9815,3600,2,0,0,618,2118,10510,21.46,0,0,0,0,7,0,0,0,1,0,0,1
SES_03509,STU_6499,3600,0,1,0,68,1017,8100,0.53,1,0,0,0,0,0,0,0,1,0,0,0
SES_03510,STU_6229,3600,1,3,1,971,1638,5510,0.38,1,0,0,0,0,0,0,0,1,0,0,0
SES_03511,STU_4631,3600,0,1,0,500,500,11831,7.51,1,0,0,0,2,0,0,1,0,0,0,1
SES_03512,STU_7224,3600,1,3,1,788,1233,5033,0.52,1,0,0,0,0,0,0,1,0,0,0,0
SES_03513,STU_1147,3600,0,0,0,0,0,4455,2.07,0,0,0,0,0,0,0,1,0,0,0,0
SES_03514,STU_4661,3600,0,0,0,0,0,6254,2.44,0,0,0,0,0,0,0,1,0,0,0,0
SES_03515,STU_9307,3600,0,1,0,500,500,108855,17.31,1,0,0,1,0,0,0,1,0,0,0,1
SES_03516,STU_4512,3600,0,0,0,0,0,6195,2.82,1,0,0,0,0,0,0,1,0,0,0,0
SES_03517,STU_2654,3600,0,0,0,0,0,6886,1.34,1,0,0,0,0,0,0,1,0,0,0,0
SES_03518,STU_6032,3600,0,1,0,158,905,3544,2.57,1,0,0,0,0,0,0,1,0,0,0,0
SES_03519,STU_9884,3600,0,1,0,87,378,4661,3.4,0,0,0,0,0,0,0,1,0,0,0,0
SES_03520,STU_4591,3600,2,2,1,5556,8120,116969,11.21,3,8,9,0,1,0,0,0,0,0,0,1
SES_03521,STU_8740,3600,0,0,0,0,0,2313,0.33,0,0,0,0,0,0,0,0,0,0,0,0
SES_03522,STU_8940,3600,0,0,0,0,0,10169,1.93,1,0,0,0,0,0,0,0,0,0,0,0
SES_03523,STU_5070,3600,0,1,0,500,500,81789,5.81,1,0,0,0,2,0,0,1,0,0,0,1
SES_03524,STU_4795,3600,0,0,0,0,0,1281,0.42,0,0,0,0,0,0,0,1,0,0,0,0
SES_03525,STU_2293,3600,0,1,0,91,783,14843,3.08,1,0,0,0,0,0,0,1,0,0,0,0
SES_03526,STU_9259,3600,0,1,0,10,68,12074,3.11,0,0,0,0,0,0,0,1,0,0,0,0
SES_03527,STU_4226,3600,0,1,0,81,989,14838,2.25,0,0,0,0,0,0,0,1,0,0,0,0
SES_03528,STU_1707,3600,0,1,0,350,360,11617,1.27,1,0,0,0,0,0,0,1,0,0,0,0
SES_03529,STU_7964,3600,2,1,1,671,1288,9691,3.25,0,0,0,0,0,0,0,1,0,0,0,0
SES_03530,STU_6859,3600,0,0,1,0,0,61123,24.43,0,0,0,1,1,0,0,0,0,0,1,1
SES_03531,STU_9610,3600,7,12,1,1421,3668,64813,19.51,6,1,0,0,0,0,0,0,0,0,0,1
SES_03532,STU_9471,3600,2,1,0,274,2000,115468,8.91,1,0,0,0,4,0,0,0,1,0,0,1
SES_03533,STU_6119,3600,0,0,0,0,0,9777,0.74,1,0,0,0,0,0,0,0,1,0,0,0
SES_03534,STU_9527,3600,0,0,1,0,0,12766,18.74,0,0,0,0,0,0,0,0,0,0,1,1
SES_03535,STU_7122,3600,0,1,0,418,1153,9712,1.58,0,0,0,0,0,0,0,0,0,0,1,0
SES_03536,STU_7418,3600,5,6,1,13423,30607,18051,10.95,10,0,0,0,0,0,0,0,0,0,0,1
SES_03537,STU_6884,3600,0,0,0,0,0,6640,1.02,1,0,0,0,0,0,0,0,0,0,0,0
SES_03538,STU_2260,3600,0,1,0,242,402,14078,2.48,1,0,0,0,0,0,0,0,0,0,0,0
SES_03539,STU_6897,3600,0,0,0,0,0,6850,3.46,1,0,0,0,0,0,0,0,0,0,0,0
SES_03540,STU_6635,3600,9,15,3,10415,22056,126471,10.81,5,5,2,0,0,0,0,0,0,0,0,1
SES_03541,STU_5914,3600,2,3,1,1476,1527,1456,0.43,1,0,0,0,0,0,0,0,0,0,0,0
SES_03542,STU_5897,3600,0,0,0,0,0,8969,0.55,0,0,0,0,0,0,0,0,0,0,0,0
SES_03543,STU_2628,3600,0,0,0,441,544,89491,24.08,16,0,0,1,1,0,0,0,0,0,0,1
SES_03544,STU_9133,3600,0,0,0,0,0,12495,2.56,0,0,0,0,0,0,0,0,0,0,0,0
SES_03545,STU_9068,3600,0,4,0,33318,39941,90267,19.49,2,0,0,0,0,0,0,0,0,0,0,1
SES_03546,STU_3724,3600,0,1,0,500,500,118552,20.19,1,0,0,1,0,0,0,1,0,0,0,1
SES_03547,STU_9337,3600,0,1,0,161,718,1625,1.02,1,0,0,0,0,0,0,1,0,0,0,0
SES_03548,STU_8704,3600,0,0,0,0,0,7904,2.8,0,0,0,0,0,0,0,1,0,0,0,0
SES_03549,STU_5070,3600,0,1,0,348,876,5683,0.99,1,0,0,0,0,0,0,1,0,0,0,0
SES_03550,STU_6740,3600,0,0,0,0,0,4004,1.46,1,0,0,0,0,0,0,1,0,0,0,0
SES_03551,STU_8625,3600,8,10,2,1977,5846,133765,22.26,7,1,0,0,8,0,0,0,1,0,0,1
SES_03552,STU_5284,3600,0,0,1,0,0,58828,13.08,0,0,0,0,0,0,0,0,0,0,1,1
SES_03553,STU_6032,3600,0,0,0,0,0,5247,1.87,0,0,0,0,0,0,0,0,0,0,1,0
SES_03554,STU_3360,3600,0,0,1,0,0,75359,15.47,0,0,0,0,0,0,0,0,0,0,1,1
SES_03555,STU_3523,3600,0,1,0,296,1134,2705,1.02,1,0,0,0,0,0,0,0,0,0,1,0
SES_03556,STU_4849,3600,0,1,0,18,750,9434,1.98,0,0,0,0,0,0,0,0,0,0,1,0
SES_03557,STU_4012,3600,3,3,0,7350,10402,97113,5.88,1,5,3,0,8,0,0,0,0,0,0,1
SES_03558,STU_7373,3600,0,1,0,500,500,48394,24.22,1,0,0,0,0,0,0,1,0,0,0,1
SES_03559,STU_6294,3600,4,4,1,3839,5949,64297,11.51,5,0,0,0,8,0,0,0,1,0,0,1
SES_03560,STU_8022,3600,0,0,0,0,0,2010,2.54,1,0,0,0,0,0,0,0,1,0,0,0
SES_03561,STU_7251,3600,3,1,1,3589,9768,61643,19.58,5,3,2,0,2,0,0,0,0,0,0,1
SES_03562,STU_6952,3600,4,4,2,5461,10417,100258,16.89,3,3,2,1,2,0,0,0,0,0,0,1
SES_03563,STU_9634,3600,0,0,0,0,0,10256,1.74,0,0,0,0,0,0,0,0,0,0,0,0
SES_03564,STU_6148,3600,4,3,0,5592,8516,47391,20.86,3,3,2,0,0,0,0,0,0,0,0,1
SES_03565,STU_6465,3600,1,1,0,1000,1000,138933,19.06,1,0,0,0,0,0,1,0,0,0,0,1
SES_03566,STU_7661,3600,0,1,0,244,963,6128,1.67,1,0,0,0,0,0,1,0,0,0,0,0
SES_03567,STU_1360,3600,0,0,0,0,0,37835,7.56,1,0,0,0,0,1,0,0,0,0,0,1
SES_03568,STU_1881,3600,0,1,0,350,1179,7022,2.82,1,0,0,0,0,1,0,0,0,0,0,0
SES_03569,STU_6477,3600,0,1,0,9,266,8502,1.79,1,0,0,0,0,1,0,0,0,0,0,0
SES_03570,STU_3681,3600,0,1,0,226,1164,10531,1.81,0,0,0,0,0,1,0,0,0,0,0,0
SES_03571,STU_4809,3600,1,2,1,20993,35200,100241,15.66,2,0,0,0,0,0,0,0,0,0,0,1
SES_03572,STU_1403,3600,0,1,0,282,884,7831,0.32,0,0,0,0,0,0,0,0,0,0,0,0
SES_03573,STU_2267,3600,0,1,0,174,606,5051,2.12,1,0,0,0,0,0,0,0,0,0,0,0
SES_03574,STU_3492,3600,0,0,0,0,0,1073,1.97,0,0,0,0,0,0,0,0,0,0,0,0
SES_03575,STU_9416,3600,5,5,1,3723,5930,19919,8.94,9,2,1,0,9,0,0,0,1,0,0,1
SES_03576,STU_8361,3600,2,1,0,857,2668,31340,11.55,0,0,0,0,6,0,0,0,1,0,0,1
SES_03577,STU_9339,3600,2,1,1,1045,1283,1344,2.75,0,0,0,0,0,0,0,0,1,0,0,0
SES_03578,STU_1883,3600,0,1,0,23,371,10529,2.88,0,0,0,0,0,0,0,0,1,0,0,0
SES_03579,STU_3436,3600,1,3,3,20749,38972,127724,22.92,8,0,0,1,0,0,0,0,0,0,0,1
SES_03580,STU_5406,3600,0,0,0,0,0,8978,2.87,0,0,0,0,0,0,0,0,0,0,0,0
SES_03581,STU_7581,3600,0,1,0,430,798,5671,2.67,1,0,0,0,0,0,0,0,0,0,0,0
SES_03582,STU_7502,3600,0,0,0,0,0,1697,2.88,1,0,0,0,0,0,0,0,0,0,0,0
SES_03583,STU_8797,3600,0,1,0,315,1301,5255,3.15,1,0,0,0,0,0,0,0,0,0,0,0
SES_03584,STU_5887,3600,0,1,0,223,725,3214,1.14,1,0,0,0,0,0,0,0,0,0,0,0
SES_03585,STU_5282,3600,7,7,1,1750,4613,119582,9.72,10,0,1,0,8,0,0,0,1,0,0,1
SES_03586,STU_7042,3600,5,5,1,7116,8540,134074,7.02,5,3,8,0,0,0,0,0,0,0,0,1
SES_03587,STU_9108,3600,0,0,0,0,0,8928,2.89,0,0,0,0,0,0,0,0,0,0,0,0
SES_03588,STU_3795,3600,10,10,0,1658,2921,131394,5.78,5,0,1,0,0,0,0,0,0,0,0,1
SES_03589,STU_9761,3600,0,0,0,0,0,2356,2.11,0,0,0,0,0,0,0,0,0,0,0,0
SES_03590,STU_1977,3600,0,0,0,0,0,6346,1.2,0,0,0,0,0,0,0,0,0,0,0,0
SES_03591,STU_1616,3600,2,1,0,978,1793,19623,21.06,1,0,0,0,7,0,0,0,1,0,0,1
SES_03592,STU_7958,3600,0,0,0,0,0,6455,3.37,0,0,0,0,0,0,0,0,1,0,0,0
SES_03593,STU_9666,3600,0,0,0,0,0,9156,2.38,1,0,0,0,0,0,0,0,1,0,0,0
SES_03594,STU_1618,3600,0,0,0,0,0,12704,2.82,0,0,0,0,0,0,0,0,1,0,0,0
SES_03595,STU_7686,3600,0,0,0,0,0,49077,6.44,0,0,0,0,0,0,0,0,0,1,0,1
SES_03596,STU_3718,3600,1,2,1,963,1782,12367,1.67,0,0,0,0,0,0,0,0,0,1,0,0
SES_03597,STU_2326,3600,5,5,1,10906,23876,136237,7.29,10,0,0,0,0,0,0,0,0,0,0,1
SES_03598,STU_6886,3600,11,13,5,9180,21793,96936,5.08,13,4,2,0,0,0,0,0,0,0,0,1
SES_03599,STU_2707,3600,0,1,0,342,1326,13896,2.14,1,0,0,0,0,0,0,0,0,0,0,0
SES_03600,STU_5939,3600,13,17,2,8563,17769,81724,12.17,15,4,1,0,0,0,0,0,0,0,0,1
SES_03601,STU_8163,3600,0,1,0,291,465,1957,1.42,1,0,0,0,0,0,0,0,0,0,0,0
SES_03602,STU_5475,3600,0,1,0,122,1116,11022,2.06,1,0,0,0,0,0,0,0,0,0,0,0
SES_03603,STU_6201,3600,0,0,0,0,0,6656,1.92,0,0,0,0,0,0,0,0,0,0,0,0
SES_03604,STU_9035,3600,0,1,0,205,282,2733,2.96,1,0,0,0,0,0,0,0,0,0,0,0
SES_03605,STU_9459,3600,1,0,0,239,255,94297,5.25,2,0,0,0,7,0,0,0,1,0,0,1
SES_03606,STU_1806,3600,0,1,0,500,500,101015,14.43,1,0,0,0,0,0,0,1,0,0,0,1
SES_03607,STU_7047,3600,0,0,0,0,0,1430,3.44,1,0,0,0,0,0,0,1,0,0,0,0
SES_03608,STU_4496,3600,0,3,1,17251,25008,102293,10.26,1,0,0,0,0,0,0,0,0,0,0,1
SES_03609,STU_2376,3600,1,3,1,1884,2781,7605,1.16,0,0,0,0,0,0,0,0,0,0,0,0
SES_03610,STU_4083,3600,1,4,2,8787,13541,100686,22.31,4,1,1,0,0,0,0,0,0,0,0,1
SES_03611,STU_7340,3600,1,1,0,448,1197,35524,13.96,2,0,0,0,5,0,0,0,1,0,0,1
SES_03612,STU_2255,3600,0,0,0,0,0,6722,1.2,1,0,0,0,0,0,0,0,1,0,0,0
SES_03613,STU_8518,3600,0,1,0,162,266,1377,1.91,0,0,0,0,0,0,0,0,1,0,0,0
SES_03614,STU_7579,3600,2,4,2,22898,35004,20831,23.09,3,0,0,0,0,0,0,0,0,0,0,1
SES_03615,STU_8563,3600,0,0,0,0,0,1827,0.98,0,0,0,0,0,0,0,0,0,0,0,0
SES_03616,STU_2177,3600,0,1,0,31,353,6720,1.23,1,0,0,0,0,0,0,0,0,0,0,0
SES_03617,STU_5950,3600,0,0,0,0,0,2200,1.47,1,0,0,0,0,0,0,0,0,0,0,0
SES_03618,STU_1117,3600,0,0,0,801,1702,110796,15.07,0,0,0,0,12,0,0,0,1,0,0,1
SES_03619,STU_7282,3600,0,0,0,0,0,13191,1.05,0,0,0,0,0,0,0,0,1,0,0,0
SES_03620,STU_1963,3600,0,0,0,0,0,9182,0.9,0,0,0,0,0,0,0,0,1,0,0,0
SES_03621,STU_4560,3600,1,3,1,902,1229,10607,1.78,0,0,0,0,0,0,0,0,1,0,0,0
SES_03622,STU_6429,3600,0,0,0,0,0,3048,2.36,1,0,0,0,0,0,0,0,1,0,0,0
SES_03623,STU_5532,3600,0,1,0,355,1341,3087,2.45,0,0,0,0,0,0,0,0,1,0,0,0
SES_03624,STU_3520,3600,0,1,0,377,1196,2291,0.56,0,0,0,0,0,0,0,0,1,0,0,0
SES_03625,STU_5077,3600,0,1,0,14,303,5068,3.11,1,0,0,0,0,0,0,0,1,0,0,0
SES_03626,STU_4663,3600,0,0,1,0,0,91627,8.18,0,0,0,0,0,0,0,0,0,0,1,1
SES_03627,STU_6437,3600,0,0,0,0,0,141004,7.78,0,0,0,0,0,0,0,0,0,1,0,1
SES_03628,STU_3270,3600,0,0,0,0,0,4743,3.35,0,0,0,0,0,0,0,0,0,1,0,0
SES_03629,STU_1992,3600,0,1,0,482,1151,2933,2.88,1,0,0,0,0,0,0,0,0,1,0,0
SES_03630,STU_4074,3600,0,0,0,0,0,13501,1.65,1,0,0,0,0,0,0,0,0,1,0,0
SES_03631,STU_6572,3600,0,1,0,311,1112,6461,3.35,0,0,0,0,0,0,0,0,0,1,0,0
SES_03632,STU_9151,3600,0,0,0,0,0,14046,3.14,1,0,0,0,0,0,0,0,0,1,0,0
SES_03633,STU_1861,3600,0,0,0,0,0,22836,8.31,1,0,0,0,0,1,0,0,0,0,0,1
SES_03634,STU_3016,3600,2,3,1,903,1410,6036,2.46,0,0,0,0,0,1,0,0,0,0,0,0
SES_03635,STU_2349,3600,2,3,1,607,1187,7516,0.98,1,0,0,0,0,1,0,0,0,0,0,0
SES_03636,STU_4546,3600,0,1,0,425,1335,13425,1.96,0,0,0,0,0,1,0,0,0,0,0,0
SES_03637,STU_2209,3600,0,1,0,285,827,1396,0.93,1,0,0,0,0,1,0,0,0,0,0,0
SES_03638,STU_1367,3600,0,1,0,850,2699,105646,23.58,1,3,6,0,0,0,0,0,0,0,0,1
SES_03639,STU_4588,3600,1,1,0,1000,1000,100436,10.54,1,0,0,0,2,0,1,0,0,0,0,1
SES_03640,STU_7556,3600,1,3,1,8597,11508,41170,15.23,3,4,3,0,2,0,0,0,0,0,0,1
SES_03641,STU_2459,3600,2,2,1,1328,1532,3662,2.89,1,0,0,0,0,0,0,0,0,0,0,0
SES_03642,STU_3368,3600,0,1,0,6,385,6149,0.44,1,0,0,0,0,0,0,0,0,0,0,0
SES_03643,STU_9494,3600,0,2,1,29810,39113,128310,12.16,2,0,0,1,1,0,0,0,0,0,0,1
SES_03644,STU_5414,3600,0,1,0,451,1007,7148,1.75,0,0,0,0,0,0,0,0,0,0,0,0
SES_03645,STU_8147,3600,0,0,0,0,0,9760,1.82,0,0,0,0,0,0,0,0,0,0,0,0
SES_03646,STU_6597,3600,0,1,0,62,140,8891,3.39,1,0,0,0,0,0,0,0,0,0,0,0
SES_03647,STU_9495,3600,0,0,0,0,0,1202,0.52,1,0,0,0,0,0,0,0,0,0,0,0
SES_03648,STU_2068,3600,0,0,0,0,0,2861,2.56,1,0,0,0,0,0,0,0,0,0,0,0
SES_03649,STU_1496,3600,0,0,1,0,0,28330,22.06,0,0,0,0,0,0,0,0,0,0,1,1
SES_03650,STU_6814,3600,0,1,0,469,709,1215,2.2,0,0,0,0,0,0,0,0,0,0,1,0
SES_03651,STU_4373,3600,0,1,0,364,470,4121,0.93,1,0,0,0,0,0,0,0,0,0,1,0
SES_03652,STU_4267,3600,0,0,0,0,0,7034,1.45,0,0,0,0,0,0,0,0,0,0,1,0
SES_03653,STU_9889,3600,0,0,0,0,0,9526,2.85,0,0,0,0,0,0,0,0,0,0,1,0
SES_03654,STU_4795,3600,0,1,0,212,468,4735,1.44,1,0,0,0,0,0,0,0,0,0,1,0
SES_03655,STU_5549,3600,0,0,0,0,0,8621,0.51,1,0,0,0,0,0,0,0,0,0,1,0
SES_03656,STU_4746,3600,0,1,0,369,578,13049,2.98,0,0,0,0,0,0,0,0,0,0,1,0
SES_03657,STU_2408,3600,0,1,0,427,1120,4470,1.65,1,0,0,0,0,0,0,0,0,0,1,0
SES_03658,STU_6851,3600,0,0,0,0,0,6674,2.08,0,0,0,0,0,0,0,0,0,0,1,0
SES_03659,STU_8932,3600,13,19,2,10041,23102,40836,10.4,16,4,5,0,0,0,0,0,0,0,0,1
SES_03660,STU_9242,3600,0,0,0,0,0,1439,2.09,0,0,0,0,0,0,0,0,0,0,0,0
SES_03661,STU_9117,3600,0,1,0,500,500,50333,18.0,1,0,0,0,1,0,0,1,0,0,0,1
SES_03662,STU_1487,3600,0,1,0,12,923,6124,0.62,1,0,0,0,0,0,0,1,0,0,0,0
SES_03663,STU_6870,3600,0,1,0,217,521,11925,2.25,1,0,0,0,0,0,0,1,0,0,0,0
SES_03664,STU_6571,3600,0,1,0,500,500,35217,24.26,1,0,0,0,0,0,0,1,0,0,0,1
SES_03665,STU_5786,3600,1,2,1,1220,1424,9919,1.07,0,0,0,0,0,0,0,1,0,0,0,0
SES_03666,STU_9444,3600,0,1,0,55,155,3380,1.38,1,0,0,0,0,0,0,1,0,0,0,0
SES_03667,STU_5025,3600,0,0,0,0,0,10314,2.97,0,0,0,0,0,0,0,1,0,0,0,0
SES_03668,STU_1553,3600,0,1,0,249,697,8849,1.69,1,0,0,0,0,0,0,1,0,0,0,0
SES_03669,STU_9027,3600,0,0,0,0,0,9534,2.13,0,0,0,0,0,0,0,1,0,0,0,0
SES_03670,STU_2176,3600,6,11,1,2205,4672,34393,11.13,13,1,1,0,0,0,0,0,0,0,0,1
SES_03671,STU_3169,3600,0,1,0,423,1313,7254,3.34,1,0,0,0,0,0,0,0,0,0,0,0
SES_03672,STU_6563,3600,0,1,0,500,500,100362,17.85,1,0,0,0,0,0,0,1,0,0,0,1
SES_03673,STU_2968,3600,0,1,0,446,561,1452,2.73,1,0,0,0,0,0,0,1,0,0,0,0
SES_03674,STU_9427,3600,0,0,0,0,0,13389,2.69,1,0,0,0,0,0,0,1,0,0,0,0
SES_03675,STU_4333,3600,0,1,0,34,1404,57398,6.41,2,3,9,0,0,0,0,0,0,0,0,1
SES_03676,STU_4591,3600,0,0,0,0,0,11386,2.33,1,0,0,0,0,0,0,0,0,0,0,0
SES_03677,STU_5408,3600,1,1,1,1600,2343,14864,1.21,0,0,0,0,0,0,0,0,0,0,0,0
SES_03678,STU_8428,3600,0,1,0,380,1226,100028,9.0,20,0,0,1,1,0,0,0,0,0,0,1
SES_03679,STU_9426,3600,0,1,0,135,894,1503,3.33,1,0,0,0,0,0,0,0,0,0,0,0
SES_03680,STU_4477,3600,0,0,0,0,0,6170,3.33,0,0,0,0,0,0,0,0,0,0,0,0
SES_03681,STU_6044,3600,0,0,0,0,0,94568,7.93,1,0,0,0,0,1,0,0,0,0,0,1
SES_03682,STU_7749,3600,1,3,1,500,1172,7345,3.41,1,0,0,0,0,1,0,0,0,0,0,0
SES_03683,STU_1104,3600,0,0,0,0,0,20256,11.56,1,0,0,1,2,1,0,0,0,0,0,1
SES_03684,STU_6301,3600,1,0,0,468,604,57707,13.55,0,0,0,0,6,0,0,0,1,0,0,1
SES_03685,STU_6426,3600,0,1,0,537,1715,146508,12.48,0,7,6,0,0,0,0,0,0,0,0,1
SES_03686,STU_5711,3600,0,0,0,0,0,6398,1.68,1,0,0,0,0,0,0,0,0,0,0,0
SES_03687,STU_8120,3600,0,1,0,423,830,3835,1.24,1,0,0,0,0,0,0,0,0,0,0,0
SES_03688,STU_7861,3600,0,0,0,0,0,109885,19.81,0,0,0,0,0,0,0,0,0,1,0,1
SES_03689,STU_3276,3600,2,1,1,1786,2716,14262,3.26,0,0,0,0,0,0,0,0,0,1,0,0
SES_03690,STU_9888,3600,0,1,0,334,1023,11943,2.42,1,0,0,0,0,0,0,0,0,1,0,0
SES_03691,STU_8927,3600,0,1,0,418,551,4628,0.3,1,0,0,0,0,0,0,0,0,1,0,0
SES_03692,STU_5781,3600,13,14,0,1933,2863,51688,14.18,2,0,0,0,0,0,0,0,0,0,0,1
SES_03693,STU_8921,3600,3,3,1,7788,10898,102476,7.27,3,10,3,0,0,0,0,0,0,0,0,1
SES_03694,STU_8864,3600,0,0,0,0,0,13659,2.4,0,0,0,0,0,0,0,0,0,0,0,0
SES_03695,STU_1281,3600,0,0,0,0,0,2465,2.12,0,0,0,0,0,0,0,0,0,0,0,0
SES_03696,STU_4431,3600,0,0,0,0,0,2680,1.64,0,0,0,0,0,0,0,0,0,0,0,0
SES_03697,STU_8905,3600,0,0,0,0,0,10380,1.31,0,0,0,0,0,0,0,0,0,0,0,0
SES_03698,STU_1079,3600,0,1,0,28,54,8399,1.2,1,0,0,0,0,0,0,0,0,0,0,0
SES_03699,STU_6312,3600,0,0,1,0,0,40711,22.33,0,0,0,0,0,0,0,0,0,0,1,1
SES_03700,STU_4734,3600,0,1,0,312,1042,12085,2.37,1,0,0,0,0,0,0,0,0,0,1,0
SES_03701,STU_3289,3600,0,0,0,0,0,13935,0.38,1,0,0,0,0,0,0,0,0,0,1,0
SES_03702,STU_3928,3600,0,0,0,0,0,1789,1.33,1,0,0,0,0,0,0,0,0,0,1,0
SES_03703,STU_5211,3600,0,0,0,0,0,1316,1.66,1,0,0,0,0,0,0,0,0,0,1,0
SES_03704,STU_3640,3600,0,1,0,70,864,10090,1.7,0,0,0,0,0,0,0,0,0,0,1,0
SES_03705,STU_8216,3600,6,6,0,1811,3357,136385,17.09,3,0,0,0,0,0,0,0,0,0,0,1
SES_03706,STU_5421,3600,0,1,0,119,534,14335,2.98,1,0,0,0,0,0,0,0,0,0,0,0
SES_03707,STU_5226,3600,0,1,0,159,759,12787,2.55,1,0,0,0,0,0,0,0,0,0,0,0
SES_03708,STU_7488,3600,14,16,2,3410,5143,90296,5.65,13,1,1,0,0,0,0,0,0,0,0,1
SES_03709,STU_4900,3600,14,15,0,2753,3993,31122,15.79,1,1,0,0,0,0,0,0,0,0,0,1
SES_03710,STU_6742,3600,0,1,0,141,684,14871,3.02,1,0,0,0,0,0,0,0,0,0,0,0
SES_03711,STU_9390,3600,3,1,1,8376,13961,99870,12.4,2,6,5,0,7,0,0,0,0,0,0,1
SES_03712,STU_9528,3600,2,1,1,1168,2110,5565,3.44,1,0,0,0,0,0,0,0,0,0,0,0
SES_03713,STU_6249,3600,0,1,0,189,833,11593,3.3,0,0,0,0,0,0,0,0,0,0,0,0
SES_03714,STU_8729,3600,0,1,0,177,556,13933,3.4,0,0,0,0,0,0,0,0,0,0,0,0
SES_03715,STU_4502,3600,0,1,0,444,1506,123427,16.47,0,3,5,0,0,0,0,0,0,0,0,1
SES_03716,STU_6529,3600,1,3,0,26861,34713,12452,8.6,2,0,0,0,0,0,0,0,0,0,0,1
SES_03717,STU_3463,3600,0,0,0,0,0,13248,3.27,1,0,0,0,0,0,0,0,0,0,0,0
SES_03718,STU_2186,3600,0,0,0,0,0,14963,1.11,1,0,0,0,0,0,0,0,0,0,0,0
SES_03719,STU_3090,3600,15,16,0,2133,3738,143321,15.57,5,1,1,0,0,0,0,0,0,0,0,1
SES_03720,STU_9274,3600,0,1,0,476,658,13391,3.44,0,0,0,0,0,0,0,0,0,0,0,0
SES_03721,STU_2201,3600,6,7,1,3984,8359,43168,10.75,7,1,1,0,13,0,0,0,1,0,0,1
SES_03722,STU_7882,3600,2,4,2,11895,18275,129906,18.2,6,1,2,0,0,0,0,0,0,0,0,1
SES_03723,STU_9638,3600,0,1,0,496,1187,10228,1.29,0,0,0,0,0,0,0,0,0,0,0,0
SES_03724,STU_8090,3600,4,4,1,4595,7885,52071,8.51,6,7,9,0,0,0,0,0,0,0,0,1
SES_03725,STU_5218,3600,0,0,0,0,0,1118,1.74,1,0,0,0,0,0,0,0,0,0,0,0
SES_03726,STU_1192,3600,21,26,3,1611,3063,118576,17.71,15,0,2,0,2,0,0,0,0,0,0,1
SES_03727,STU_2946,3600,0,0,1,0,0,74531,8.49,0,0,0,0,0,0,0,0,0,0,1,1
SES_03728,STU_7526,3600,0,0,0,680,2022,49227,9.46,2,4,10,0,0,0,0,0,0,0,0,1
SES_03729,STU_1854,3600,0,0,0,0,0,9009,1.33,0,0,0,0,0,0,0,0,0,0,0,0
SES_03730,STU_2179,3600,0,1,0,481,1009,6934,0.7,1,0,0,0,0,0,0,0,0,0,0,0
SES_03731,STU_2228,3600,0,1,0,388,1371,14623,1.61,0,0,0,0,0,0,0,0,0,0,0,0
SES_03732,STU_8630,3600,8,12,2,4615,10138,86244,15.88,9,0,0,1,0,0,0,0,0,0,0,1
SES_03733,STU_6079,3600,8,9,0,2781,7368,111535,17.89,6,1,2,1,14,0,0,0,1,0,0,1
SES_03734,STU_6178,3600,0,0,0,0,0,12909,1.15,0,0,0,0,0,0,0,0,1,0,0,0
SES_03735,STU_3733,3600,2,3,1,566,639,10653,3.3,1,0,0,0,0,0,0,0,1,0,0,0
SES_03736,STU_4313,3600,0,1,0,179,800,2618,1.03,0,0,0,0,0,0,0,0,1,0,0,0
SES_03737,STU_2538,3600,0,1,0,271,681,13046,2.31,0,0,0,0,0,0,0,0,1,0,0,0
SES_03738,STU_7995,3600,1,1,1,1979,2225,3780,0.88,1,0,0,0,0,0,0,0,1,0,0,0
SES_03739,STU_8926,3600,0,1,0,459,1221,12517,3.22,0,0,0,0,0,0,0,0,1,0,0,0
SES_03740,STU_5495,3600,0,1,0,370,1368,13946,1.33,0,0,0,0,0,0,0,0,1,0,0,0
SES_03741,STU_5814,3600,0,0,1,0,0,105906,18.44,0,0,0,0,0,0,0,0,0,0,1,1
SES_03742,STU_6308,3600,2,0,0,902,2402,17881,6.05,1,0,0,0,8,0,0,0,1,0,0,1
SES_03743,STU_6335,3600,0,1,0,9,844,5018,2.94,0,0,0,0,0,0,0,0,1,0,0,0
SES_03744,STU_2488,3600,0,4,1,27382,32432,101116,20.47,1,0,0,0,2,0,0,0,0,0,0,1
SES_03745,STU_4999,3600,0,1,0,246,408,12810,0.99,1,0,0,0,0,0,0,0,0,0,0,0
SES_03746,STU_3800,3600,0,0,0,0,0,8243,2.13,1,0,0,0,0,0,0,0,0,0,0,0
SES_03747,STU_3957,3600,0,1,0,500,500,98842,11.52,1,0,0,0,0,0,0,1,0,0,0,1
SES_03748,STU_5730,3600,0,0,0,0,0,8898,1.67,0,0,0,0,0,0,0,1,0,0,0,0
SES_03749,STU_1625,3600,0,1,0,345,645,3205,3.09,1,0,0,0,0,0,0,1,0,0,0,0
SES_03750,STU_8993,3600,0,1,0,500,500,74999,20.33,1,0,0,0,0,0,0,1,0,0,0,1
SES_03751,STU_8894,3600,0,1,0,430,807,13240,2.62,0,0,0,0,0,0,0,1,0,0,0,0
SES_03752,STU_4895,3600,0,0,0,0,0,13715,0.7,0,0,0,0,0,0,0,1,0,0,0,0
SES_03753,STU_5342,3600,5,5,1,3969,6668,29081,16.71,5,8,3,1,0,0,0,0,0,0,0,1
SES_03754,STU_2805,3600,0,0,0,0,0,11920,1.78,1,0,0,0,0,0,0,0,0,0,0,0
SES_03755,STU_7213,3600,1,3,0,3920,6698,66208,24.89,3,4,3,0,2,0,0,0,0,0,0,1
SES_03756,STU_6710,3600,0,0,0,0,0,10953,2.53,1,0,0,0,0,0,0,0,0,0,0,0
SES_03757,STU_1748,3600,0,1,0,66,630,11974,1.85,0,0,0,0,0,0,0,0,0,0,0,0
SES_03758,STU_1525,3600,0,0,1,0,0,87820,7.19,0,0,0,0,0,0,0,0,0,0,1,1
SES_03759,STU_1052,3600,0,0,0,0,0,22164,24.22,1,0,0,0,0,1,0,0,0,0,0,1
SES_03760,STU_7551,3600,0,0,0,0,0,5675,1.98,1,0,0,0,0,1,0,0,0,0,0,0
SES_03761,STU_5596,3600,0,1,0,328,590,1937,0.46,1,0,0,0,0,1,0,0,0,0,0,0
SES_03762,STU_8999,3600,0,0,1,0,0,30686,22.04,0,0,0,0,0,0,0,0,0,0,1,1
SES_03763,STU_8948,3600,0,0,0,0,0,12210,3.17,0,0,0,0,0,0,0,0,0,0,1,0
SES_03764,STU_6195,3600,0,0,0,0,0,10650,2.83,0,0,0,0,0,0,0,0,0,0,1,0
SES_03765,STU_4203,3600,0,1,0,75,1918,18764,20.27,2,0,0,0,11,0,0,0,1,0,0,1
SES_03766,STU_1761,3600,0,1,0,123,733,12359,3.33,1,0,0,0,0,0,0,0,1,0,0,0
SES_03767,STU_2953,3600,0,0,0,0,0,8377,1.79,1,0,0,0,0,0,0,0,1,0,0,0
SES_03768,STU_4800,3600,0,1,0,398,507,12670,3.16,0,0,0,0,0,0,0,0,1,0,0,0
SES_03769,STU_3942,3600,0,1,0,224,325,6966,1.33,0,0,0,0,0,0,0,0,1,0,0,0
SES_03770,STU_7705,3600,0,0,0,0,0,4978,2.42,0,0,0,0,0,0,0,0,1,0,0,0
SES_03771,STU_4628,3600,2,1,0,298,2132,112102,17.44,2,0,0,0,5,0,0,0,1,0,0,1
SES_03772,STU_7792,3600,0,0,0,0,0,5434,0.98,1,0,0,0,0,0,0,0,1,0,0,0
SES_03773,STU_2693,3600,0,1,0,77,299,2819,1.38,1,0,0,0,0,0,0,0,1,0,0,0
SES_03774,STU_4850,3600,0,0,0,0,0,9043,0.45,0,0,0,0,0,0,0,0,1,0,0,0
SES_03775,STU_8188,3600,0,0,1,0,0,106287,13.9,0,0,0,0,2,0,0,0,0,0,1,1
SES_03776,STU_9476,3600,0,1,0,341,624,9097,2.3,0,0,0,0,0,0,0,0,0,0,1,0
SES_03777,STU_4171,3600,5,5,1,25559,34578,101337,12.75,6,0,0,0,0,0,0,0,0,0,0,1
SES_03778,STU_1288,3600,0,1,0,239,1147,10281,1.72,0,0,0,0,0,0,0,0,0,0,0,0
SES_03779,STU_8225,3600,0,5,1,30296,44998,97490,15.76,0,0,0,0,0,0,0,0,0,0,0,1
SES_03780,STU_4803,3600,0,1,0,370,876,9196,2.11,1,0,0,0,0,0,0,0,0,0,0,0
SES_03781,STU_4232,3600,0,0,0,0,0,11104,0.36,1,0,0,0,0,0,0,0,0,0,0,0
SES_03782,STU_9065,3600,0,0,0,0,0,35978,17.72,0,0,0,1,0,0,0,0,0,1,0,1
SES_03783,STU_5830,3600,0,0,0,0,0,10199,2.99,1,0,0,0,0,0,0,0,0,1,0,0
SES_03784,STU_6982,3600,2,2,0,4214,10078,99404,15.26,1,6,6,1,5,0,0,0,0,0,0,1
SES_03785,STU_5420,3600,0,1,0,52,450,7509,1.29,1,0,0,0,0,0,0,0,0,0,0,0
SES_03786,STU_5135,3600,0,0,0,0,0,3717,3.47,1,0,0,0,0,0,0,0,0,0,0,0
SES_03787,STU_8308,3600,0,0,0,0,0,1018,1.25,1,0,0,0,0,0,0,0,0,0,0,0
SES_03788,STU_4640,3600,0,0,0,0,0,7370,1.22,1,0,0,0,0,0,0,0,0,0,0,0
SES_03789,STU_2930,3600,1,2,1,17432,30210,37339,5.81,2,0,0,0,0,0,0,0,0,0,0,1
SES_03790,STU_5893,3600,0,1,0,393,456,12441,2.04,1,0,0,0,0,0,0,0,0,0,0,0
SES_03791,STU_6700,3600,0,1,0,426,570,14186,0.53,0,0,0,0,0,0,0,0,0,0,0,0
SES_03792,STU_7756,3600,0,1,0,359,1267,14696,1.51,0,0,0,0,0,0,0,0,0,0,0,0
SES_03793,STU_9295,3600,0,1,0,500,500,142160,13.4,1,0,0,0,0,0,0,1,0,0,0,1
SES_03794,STU_3375,3600,1,2,0,24695,38013,120499,12.17,2,0,0,0,1,0,0,0,0,0,0,1
SES_03795,STU_4537,3600,1,0,0,254,1559,130496,13.05,1,0,0,0,4,0,0,0,1,0,0,1
SES_03796,STU_7600,3600,2,3,0,4976,11272,68761,9.53,3,5,2,0,4,0,0,0,0,0,0,1
SES_03797,STU_7751,3600,13,18,5,7227,16510,30764,7.92,19,2,4,0,0,0,0,0,0,0,0,1
SES_03798,STU_7691,3600,0,0,0,0,0,9334,2.4,1,0,0,0,0,0,0,0,0,0,0,0
SES_03799,STU_3902,3600,0,0,0,0,0,14078,3.17,0,0,0,0,0,0,0,0,0,0,0,0
SES_03800,STU_3075,3600,10,11,0,1161,3093,69955,13.53,4,0,1,1,0,0,0,0,0,0,0,1
SES_03801,STU_7360,3600,0,1,0,111,672,6759,1.15,1,0,0,0,0,0,0,0,0,0,0,0
SES_03802,STU_7830,3600,0,0,0,0,0,6571,2.6,1,0,0,0,0,0,0,0,0,0,0,0
SES_03803,STU_4416,3600,2,1,1,1282,2010,1087,1.38,1,0,0,0,0,0,0,0,0,0,0,0
SES_03804,STU_7157,3600,0,0,0,0,0,3318,2.81,0,0,0,0,0,0,0,0,0,0,0,0
SES_03805,STU_6546,3600,0,0,0,392,573,12669,21.13,11,0,0,0,2,0,0,0,0,0,0,1
SES_03806,STU_1332,3600,1,1,0,1000,1000,15276,24.7,1,0,0,0,0,0,1,0,0,0,0,1
SES_03807,STU_7875,3600,0,1,0,352,1272,11018,3.18,0,0,0,0,0,0,1,0,0,0,0,0
SES_03808,STU_1294,3600,0,0,0,0,0,7783,1.07,1,0,0,0,0,0,1,0,0,0,0,0
SES_03809,STU_8909,3600,0,1,0,338,1120,12371,0.37,0,0,0,0,0,0,1,0,0,0,0,0
SES_03810,STU_9191,3600,0,1,0,68,607,7161,1.39,1,0,0,0,0,0,1,0,0,0,0,0
SES_03811,STU_4555,3600,0,0,0,0,0,10393,2.13,0,0,0,0,0,0,1,0,0,0,0,0
SES_03812,STU_2120,3600,0,1,0,93,887,6456,1.07,1,0,0,0,0,0,1,0,0,0,0,0
SES_03813,STU_9320,3600,0,0,0,0,0,12617,8.73,0,0,0,0,0,0,0,0,0,1,0,1
SES_03814,STU_4076,3600,0,0,0,0,0,27267,12.59,1,0,0,1,1,1,0,0,0,0,0,1
SES_03815,STU_7182,3600,0,0,0,0,0,8533,2.18,0,0,0,0,0,1,0,0,0,0,0,0
SES_03816,STU_3288,3600,0,0,0,0,0,7026,2.48,1,0,0,0,0,1,0,0,0,0,0,0
SES_03817,STU_8405,3600,0,0,0,0,0,14582,1.56,1,0,0,0,0,1,0,0,0,0,0,0
SES_03818,STU_9004,3600,0,0,0,0,0,2529,1.37,1,0,0,0,0,1,0,0,0,0,0,0
SES_03819,STU_6139,3600,1,1,0,1000,1000,21860,14.07,1,0,0,0,1,0,1,0,0,0,0,1
SES_03820,STU_5556,3600,0,0,0,0,0,8511,2.23,0,0,0,0,0,0,1,0,0,0,0,0
SES_03821,STU_6274,3600,0,1,0,500,500,28224,18.25,1,0,0,0,0,0,0,1,0,0,0,1
SES_03822,STU_1076,3600,0,0,0,0,0,9943,2.01,1,0,0,0,0,0,0,1,0,0,0,0
SES_03823,STU_5114,3600,2,3,1,1695,2109,7170,0.54,0,0,0,0,0,0,0,1,0,0,0,0
SES_03824,STU_1190,3600,1,2,1,1828,2186,11640,0.99,0,0,0,0,0,0,0,1,0,0,0,0
SES_03825,STU_5046,3600,0,0,0,0,0,41272,22.3,0,0,0,0,0,0,0,0,0,1,0,1
SES_03826,STU_4527,3600,0,0,0,0,0,7276,2.52,0,0,0,0,0,0,0,0,0,1,0,0
SES_03827,STU_5611,3600,5,5,1,3905,6114,73980,13.89,7,10,6,0,0,0,0,0,0,0,0,1
SES_03828,STU_2483,3600,2,3,1,9768,14986,71456,21.67,6,3,1,0,0,0,0,0,0,0,0,1
SES_03829,STU_3307,3600,0,0,0,0,0,3458,3.13,0,0,0,0,0,0,0,0,0,0,0,0
SES_03830,STU_6072,3600,0,0,0,0,0,74105,24.33,0,0,0,0,0,0,0,0,0,1,0,1
SES_03831,STU_5600,3600,0,0,0,0,0,4402,2.51,1,0,0,0,0,0,0,0,0,1,0,0
SES_03832,STU_1132,3600,0,1,0,397,467,2132,0.3,0,0,0,0,0,0,0,0,0,1,0,0
SES_03833,STU_2947,3600,0,0,0,0,0,8848,3.0,1,0,0,0,0,0,0,0,0,1,0,0
SES_03834,STU_8117,3600,0,1,0,490,970,11508,3.35,1,0,0,0,0,0,0,0,0,1,0,0
SES_03835,STU_4897,3600,14,18,4,6766,15387,95416,20.23,13,5,1,0,0,0,0,0,0,0,0,1
SES_03836,STU_8677,3600,3,1,1,4050,7161,46409,7.27,5,2,3,0,7,0,0,0,0,0,0,1
SES_03837,STU_6923,3600,0,0,0,0,0,14791,3.1,0,0,0,0,0,0,0,0,0,0,0,0
SES_03838,STU_6133,3600,0,1,0,272,487,12757,0.54,0,0,0,0,0,0,0,0,0,0,0,0
SES_03839,STU_2653,3600,1,1,0,1000,1000,105265,8.79,1,0,0,1,0,0,1,0,0,0,0,1
SES_03840,STU_7383,3600,0,0,0,0,0,4819,1.21,1,0,0,0,0,0,1,0,0,0,0,0
SES_03841,STU_9265,3600,2,2,3,12556,21002,116189,20.3,10,0,0,0,0,0,0,0,0,0,0,1
SES_03842,STU_8805,3600,0,1,0,441,1073,14145,3.1,1,0,0,0,0,0,0,0,0,0,0,0
SES_03843,STU_7800,3600,0,1,0,500,500,77578,5.38,1,0,0,0,0,0,0,1,0,0,0,1
SES_03844,STU_2308,3600,0,0,0,0,0,14439,1.98,0,0,0,0,0,0,0,1,0,0,0,0
SES_03845,STU_4657,3600,0,0,0,0,0,3236,1.92,1,0,0,0,0,0,0,1,0,0,0,0
SES_03846,STU_4608,3600,2,3,1,793,984,1243,3.42,0,0,0,0,0,0,0,1,0,0,0,0
SES_03847,STU_6930,3600,0,0,0,0,0,10808,2.06,0,0,0,0,0,0,0,1,0,0,0,0
SES_03848,STU_1620,3600,6,8,0,2273,5940,25931,20.5,7,1,0,1,10,0,0,0,1,0,0,1
SES_03849,STU_5664,3600,0,1,0,390,1193,5441,1.82,0,0,0,0,0,0,0,0,1,0,0,0
SES_03850,STU_8911,3600,2,4,1,8220,15187,117046,7.3,2,3,1,1,0,0,0,0,0,0,0,1
SES_03851,STU_7739,3600,1,4,0,21706,28356,100627,7.8,1,0,0,0,0,0,0,0,0,0,0,1
SES_03852,STU_7441,3600,0,1,0,76,730,5761,2.1,1,0,0,0,0,0,0,0,0,0,0,0
SES_03853,STU_6034,3600,7,9,0,3913,7162,33712,23.46,7,0,2,0,7,0,0,0,1,0,0,1
SES_03854,STU_7272,3600,0,0,0,0,0,3353,2.02,0,0,0,0,0,0,0,0,1,0,0,0
SES_03855,STU_4153,3600,0,1,0,147,864,100202,19.6,13,0,0,0,0,0,0,0,0,0,0,1
SES_03856,STU_4560,3600,2,1,1,1248,1587,3217,2.32,0,0,0,0,0,0,0,0,0,0,0,0
SES_03857,STU_8737,3600,2,2,1,1729,2349,7720,2.38,1,0,0,0,0,0,0,0,0,0,0,0
SES_03858,STU_9831,3600,9,11,4,3917,6689,36094,20.9,14,1,0,1,0,0,0,0,0,0,0,1
SES_03859,STU_5594,3600,0,1,0,325,765,140230,18.74,8,0,0,0,0,0,0,0,0,0,0,1
SES_03860,STU_8002,3600,0,0,0,0,0,75680,13.25,1,0,0,0,2,1,0,0,0,0,0,1
SES_03861,STU_8605,3600,0,1,0,426,426,1276,2.41,1,0,0,0,0,1,0,0,0,0,0,0
SES_03862,STU_9994,3600,4,4,1,5241,10066,115448,17.72,5,6,6,0,2,0,0,0,0,0,0,1
SES_03863,STU_4992,3600,0,0,0,0,0,8698,3.29,0,0,0,0,0,0,0,0,0,0,0,0
SES_03864,STU_8183,3600,0,0,0,0,0,1181,3.32,1,0,0,0,0,0,0,0,0,0,0,0
SES_03865,STU_7806,3600,0,0,0,0,0,12863,2.89,0,0,0,0,0,0,0,0,0,0,0,0
SES_03866,STU_8212,3600,0,1,0,247,284,11077,1.21,1,0,0,0,0,0,0,0,0,0,0,0
SES_03867,STU_8268,3600,0,1,0,307,867,5508,2.24,0,0,0,0,0,0,0,0,0,0,0,0
SES_03868,STU_9393,3600,0,1,0,394,417,14084,0.56,0,0,0,0,0,0,0,0,0,0,0,0
SES_03869,STU_4280,3600,0,1,0,484,1288,9476,3.36,0,0,0,0,0,0,0,0,0,0,0,0
SES_03870,STU_1747,3600,2,2,0,3646,6784,61333,20.05,2,3,7,0,0,0,0,0,0,0,0,1
SES_03871,STU_4638,3600,15,20,3,1386,5770,116028,15.06,11,1,0,0,0,0,0,0,0,0,0,1
SES_03872,STU_7785,3600,2,1,1,866,1157,4964,1.56,1,0,0,0,0,0,0,0,0,0,0,0
SES_03873,STU_1354,3600,0,0,0,0,0,7459,0.36,0,0,0,0,0,0,0,0,0,0,0,0
SES_03874,STU_4033,3600,0,0,0,13,1548,117602,14.86,2,0,0,0,7,0,0,0,1,0,0,1
SES_03875,STU_6125,3600,0,1,0,441,793,7298,1.01,0,0,0,0,0,0,0,0,1,0,0,0
SES_03876,STU_7675,3600,0,1,0,243,247,8618,0.69,0,0,0,0,0,0,0,0,1,0,0,0
SES_03877,STU_7428,3600,1,2,1,1281,2114,11881,3.46,0,0,0,0,0,0,0,0,1,0,0,0
SES_03878,STU_9890,3600,4,4,1,20005,27917,135621,19.0,6,0,0,0,1,0,0,0,0,0,0,1
SES_03879,STU_7041,3600,1,4,1,27728,37928,16632,23.79,2,0,0,0,0,0,0,0,0,0,0,1
SES_03880,STU_7973,3600,2,2,1,575,1265,5726,0.46,0,0,0,0,0,0,0,0,0,0,0,0
SES_03881,STU_5051,3600,0,0,0,0,0,44758,18.41,0,0,0,0,0,0,0,0,0,1,0,1
SES_03882,STU_5250,3600,0,0,0,0,0,4936,1.93,0,0,0,0,0,0,0,0,0,1,0,0
SES_03883,STU_2068,3600,0,0,0,0,0,105100,16.36,0,0,0,0,0,0,0,0,0,1,0,1
SES_03884,STU_7723,3600,0,0,0,0,0,1750,2.47,0,0,0,0,0,0,0,0,0,1,0,0
SES_03885,STU_2197,3600,0,1,0,299,817,5809,3.5,0,0,0,0,0,0,0,0,0,1,0,0
SES_03886,STU_7359,3600,0,1,0,500,500,74006,6.84,1,0,0,0,0,0,0,1,0,0,0,1
SES_03887,STU_2997,3600,0,0,0,0,0,11710,0.72,1,0,0,0,0,0,0,1,0,0,0,0
SES_03888,STU_3245,3600,1,1,0,466,1183,143931,21.94,0,0,0,1,6,0,0,0,1,0,0,1
SES_03889,STU_5206,3600,5,6,1,3981,8443,146355,10.44,8,1,2,0,15,0,0,0,1,0,0,1
SES_03890,STU_1765,3600,1,1,1,7413,11046,85410,19.92,1,5,5,0,5,0,0,0,0,0,0,1
SES_03891,STU_5042,3600,0,1,0,357,956,2846,1.4,0,0,0,0,0,0,0,0,0,0,0,0
SES_03892,STU_8810,3600,0,0,0,0,0,2233,0.43,0,0,0,0,0,0,0,0,0,0,0,0
SES_03893,STU_7806,3600,0,1,0,500,500,136728,7.39,1,0,0,1,0,0,0,1,0,0,0,1
SES_03894,STU_1534,3600,0,0,0,0,0,8976,2.26,1,0,0,0,0,0,0,1,0,0,0,0
SES_03895,STU_1363,3600,4,4,0,2529,4931,116103,21.67,8,9,5,1,2,0,0,0,0,0,0,1
SES_03896,STU_9396,3600,1,1,0,1000,1000,93206,12.49,1,0,0,0,0,0,1,0,0,0,0,1
SES_03897,STU_5559,3600,7,9,0,3728,5405,89029,12.65,4,0,1,1,7,0,0,0,1,0,0,1
SES_03898,STU_6777,3600,2,2,1,857,1538,6520,1.16,0,0,0,0,0,0,0,0,1,0,0,0
SES_03899,STU_6133,3600,0,1,0,561,824,95895,20.73,0,0,0,0,6,0,0,0,1,0,0,1
SES_03900,STU_9697,3600,0,0,0,695,1061,91124,22.01,2,8,6,1,0,0,0,0,0,0,0,1
SES_03901,STU_5588,3600,0,0,0,0,0,9908,1.81,0,0,0,0,0,0,0,0,0,0,0,0
SES_03902,STU_5543,3600,0,1,0,250,602,13201,2.01,1,0,0,0,0,0,0,0,0,0,0,0
SES_03903,STU_9857,3600,0,1,0,377,543,7617,0.98,0,0,0,0,0,0,0,0,0,0,0,0
SES_03904,STU_1985,3600,0,1,0,248,808,4817,0.45,1,0,0,0,0,0,0,0,0,0,0,0
SES_03905,STU_6915,3600,0,1,0,94,182,12723,3.32,0,0,0,0,0,0,0,0,0,0,0,0
SES_03906,STU_1083,3600,3,4,1,2615,6892,92075,17.32,9,1,2,0,5,0,0,0,1,0,0,1
SES_03907,STU_5882,3600,3,3,0,6533,12298,29474,7.16,4,6,3,1,5,0,0,0,0,0,0,1
SES_03908,STU_3720,3600,0,1,0,440,1426,10952,1.25,0,0,0,0,0,0,0,0,0,0,0,0
SES_03909,STU_4489,3600,0,1,0,195,280,9873,3.37,1,0,0,0,0,0,0,0,0,0,0,0
SES_03910,STU_8365,3600,0,1,0,327,876,2649,0.72,1,0,0,0,0,0,0,0,0,0,0,0
SES_03911,STU_1776,3600,0,0,0,0,0,12641,1.78,0,0,0,0,0,0,0,0,0,0,0,0
SES_03912,STU_9999,3600,2,1,1,1028,1782,6234,1.6,0,0,0,0,0,0,0,0,0,0,0,0
SES_03913,STU_9802,3600,0,1,0,31,525,14476,1.67,1,0,0,0,0,0,0,0,0,0,0,0
SES_03914,STU_9308,3600,0,1,0,96,352,11580,3.04,0,0,0,0,0,0,0,0,0,0,0,0
SES_03915,STU_5088,3600,3,3,1,6316,13567,93114,5.84,4,6,3,0,5,0,0,0,0,0,0,1
SES_03916,STU_4317,3600,0,0,0,0,0,2923,2.07,1,0,0,0,0,0,0,0,0,0,0,0
SES_03917,STU_1131,3600,0,0,0,161,1723,66862,10.51,0,7,5,0,0,0,0,0,0,0,0,1
SES_03918,STU_2044,3600,0,0,0,270,1177,100608,18.41,11,0,0,0,0,0,0,0,0,0,0,1
SES_03919,STU_2939,3600,0,0,0,298,2114,14643,10.37,2,0,0,0,6,0,0,0,1,0,0,1
SES_03920,STU_2640,3600,0,0,0,0,0,115293,8.95,1,0,0,0,0,1,0,0,0,0,0,1
SES_03921,STU_4138,3600,2,2,1,584,1108,2238,0.6,1,0,0,0,0,1,0,0,0,0,0,0
SES_03922,STU_2296,3600,0,1,0,292,428,55927,7.73,2,3,9,1,0,0,0,0,0,0,0,1
SES_03923,STU_8555,3600,2,2,1,794,1304,3883,2.67,0,0,0,0,0,0,0,0,0,0,0,0
SES_03924,STU_2079,3600,0,1,0,99,348,13475,1.87,1,0,0,0,0,0,0,0,0,0,0,0
SES_03925,STU_1392,3600,0,0,0,0,0,3337,0.45,1,0,0,0,0,0,0,0,0,0,0,0
SES_03926,STU_9479,3600,0,0,0,0,0,145417,12.67,0,0,0,1,0,0,0,0,0,1,0,1
SES_03927,STU_4180,3600,0,1,0,34,121,11385,1.5,0,0,0,0,0,0,0,0,0,1,0,0
SES_03928,STU_2775,3600,15,16,0,2204,2944,126580,11.77,4,0,0,0,1,0,0,0,0,0,0,1
SES_03929,STU_1105,3600,0,1,0,379,1111,5967,1.59,1,0,0,0,0,0,0,0,0,0,0,0
SES_03930,STU_6160,3600,0,1,0,297,324,7063,2.41,0,0,0,0,0,0,0,0,0,0,0,0
SES_03931,STU_3917,3600,0,0,0,0,0,12226,2.48,1,0,0,0,0,0,0,0,0,0,0,0
SES_03932,STU_1078,3600,0,1,0,480,1478,13901,1.31,1,0,0,0,0,0,0,0,0,0,0,0
SES_03933,STU_5846,3600,0,1,0,334,407,7485,2.41,0,0,0,0,0,0,0,0,0,0,0,0
SES_03934,STU_5436,3600,8,12,5,9233,16215,49738,19.31,13,3,1,0,0,0,0,0,0,0,0,1
SES_03935,STU_8651,3600,0,1,0,81,426,7692,0.51,1,0,0,0,0,0,0,0,0,0,0,0
SES_03936,STU_5244,3600,14,16,0,2736,3353,16514,24.65,2,0,0,0,0,0,0,0,0,0,0,1
SES_03937,STU_2365,3600,0,0,0,0,0,108151,13.95,1,0,0,1,0,1,0,0,0,0,0,1
SES_03938,STU_7628,3600,2,3,1,7553,11314,130082,16.98,3,3,2,0,0,0,0,0,0,0,0,1
SES_03939,STU_2288,3600,0,0,0,0,0,8641,1.98,0,0,0,0,0,0,0,0,0,0,0,0
SES_03940,STU_5262,3600,0,1,0,339,349,4339,2.14,0,0,0,0,0,0,0,0,0,0,0,0
SES_03941,STU_5722,3600,0,0,0,0,0,3065,2.56,1,0,0,0,0,0,0,0,0,0,0,0
SES_03942,STU_9869,3600,0,0,0,0,0,8826,3.18,1,0,0,0,0,0,0,0,0,0,0,0
SES_03943,STU_8521,3600,1,2,1,1115,1720,8181,1.55,1,0,0,0,0,0,0,0,0,0,0,0
SES_03944,STU_3464,3600,6,8,0,1152,2327,145023,21.11,4,0,0,0,0,0,0,0,0,0,0,1
SES_03945,STU_5249,3600,0,1,0,57,631,1442,2.03,0,0,0,0,0,0,0,0,0,0,0,0
SES_03946,STU_1363,3600,1,3,1,968,1915,5604,1.54,1,0,0,0,0,0,0,0,0,0,0,0
SES_03947,STU_4045,3600,1,2,1,1313,1441,12133,2.11,0,0,0,0,0,0,0,0,0,0,0,0
SES_03948,STU_5747,3600,0,1,0,290,495,22665,15.32,2,8,6,0,1,0,0,0,0,0,0,1
SES_03949,STU_5390,3600,0,0,0,0,0,12675,2.35,1,0,0,0,0,0,0,0,0,0,0,0
SES_03950,STU_7180,3600,0,5,0,18338,29795,81556,20.0,0,0,0,1,0,0,0,0,0,0,0,1
SES_03951,STU_3903,3600,1,3,1,1376,2269,8708,0.9,1,0,0,0,0,0,0,0,0,0,0,0
SES_03952,STU_6367,3600,0,1,0,283,424,12856,3.14,0,0,0,0,0,0,0,0,0,0,0,0
SES_03953,STU_8325,3600,0,1,0,493,1472,12832,2.9,1,0,0,0,0,0,0,0,0,0,0,0
SES_03954,STU_3361,3600,0,0,0,0,0,3840,1.73,1,0,0,0,0,0,0,0,0,0,0,0
SES_03955,STU_5919,3600,2,1,1,998,1681,9617,0.31,1,0,0,0,0,0,0,0,0,0,0,0
SES_03956,STU_5088,3600,0,1,0,338,1098,7776,1.63,0,0,0,0,0,0,0,0,0,0,0,0
SES_03957,STU_9925,3600,1,3,1,1449,1581,7417,3.26,0,0,0,0,0,0,0,0,0,0,0,0
SES_03958,STU_6072,3600,0,1,0,500,500,43813,9.2,1,0,0,1,0,0,0,1,0,0,0,1
SES_03959,STU_5794,3600,0,0,0,0,0,9155,3.22,0,0,0,0,0,0,0,1,0,0,0,0
SES_03960,STU_6260,3600,14,16,0,2879,4032,132258,11.41,4,1,1,0,0,0,0,0,0,0,0,1
SES_03961,STU_5450,3600,1,3,1,996,1746,1571,1.86,0,0,0,0,0,0,0,0,0,0,0,0
SES_03962,STU_3462,3600,0,1,0,489,503,6022,1.87,0,0,0,0,0,0,0,0,0,0,0,0
SES_03963,STU_7860,3600,7,9,0,2128,3339,13828,13.23,5,0,0,0,1,0,0,0,0,0,0,1
SES_03964,STU_7258,3600,0,0,0,0,0,8698,1.63,1,0,0,0,0,0,0,0,0,0,0,0
SES_03965,STU_5307,3600,0,0,0,0,0,11467,1.27,1,0,0,0,0,0,0,0,0,0,0,0
SES_03966,STU_6341,3600,0,0,0,0,0,12045,3.1,1,0,0,0,0,0,0,0,0,0,0,0
SES_03967,STU_4565,3600,0,1,0,432,911,12788,1.17,0,0,0,0,0,0,0,0,0,0,0,0
SES_03968,STU_8639,3600,1,1,1,1726,2338,9159,2.46,0,0,0,0,0,0,0,0,0,0,0,0
SES_03969,STU_3795,3600,2,2,1,1918,2580,3090,0.39,1,0,0,0,0,0,0,0,0,0,0,0
SES_03970,STU_5025,3600,0,0,0,0,0,6868,3.03,0,0,0,0,0,0,0,0,0,0,0,0
SES_03971,STU_1261,3600,1,1,1,745,1657,3039,1.84,0,0,0,0,0,0,0,0,0,0,0,0
SES_03972,STU_8106,3600,4,4,0,3599,6299,143685,18.3,4,0,2,0,14,0,0,0,1,0,0,1
SES_03973,STU_7716,3600,0,1,0,157,989,8027,3.31,0,0,0,0,0,0,0,0,1,0,0,0
SES_03974,STU_7804,3600,0,1,0,500,500,71145,20.56,1,0,0,0,0,0,0,1,0,0,0,1
SES_03975,STU_3548,3600,4,3,2,6188,11684,88590,18.36,2,3,2,0,0,0,0,0,0,0,0,1
SES_03976,STU_3237,3600,0,1,0,483,1043,5063,0.3,0,0,0,0,0,0,0,0,0,0,0,0
SES_03977,STU_5640,3600,4,4,0,2301,6079,128019,11.92,10,1,1,1,14,0,0,0,1,0,0,1
SES_03978,STU_4257,3600,0,1,0,720,2630,49355,9.59,1,7,10,0,0,0,0,0,0,0,0,1
SES_03979,STU_3226,3600,5,10,4,3593,8346,77890,5.26,3,1,0,0,0,0,0,0,0,0,0,1
SES_03980,STU_3744,3600,2,2,1,8310,11759,60015,5.4,6,3,3,1,0,0,0,0,0,0,0,1
SES_03981,STU_7000,3600,14,15,0,1469,2791,54631,9.89,5,0,0,0,0,0,0,0,0,0,0,1
SES_03982,STU_2165,3600,0,0,0,0,0,10431,2.33,1,0,0,0,0,0,0,0,0,0,0,0
SES_03983,STU_6271,3600,2,3,1,6323,8628,68829,8.9,3,2,5,0,2,0,0,0,0,0,0,1
SES_03984,STU_9054,3600,1,4,1,27209,37140,33346,6.68,0,0,0,0,0,0,0,0,0,0,0,1
SES_03985,STU_9744,3600,0,0,0,0,0,7647,2.54,1,0,0,0,0,0,0,0,0,0,0,0
SES_03986,STU_3048,3600,0,1,0,305,346,12982,0.51,0,0,0,0,0,0,0,0,0,0,0,0
SES_03987,STU_2790,3600,0,0,0,0,0,5874,2.08,0,0,0,0,0,0,0,0,0,0,0,0
SES_03988,STU_1735,3600,0,0,0,0,0,10666,0.64,1,0,0,0,0,0,0,0,0,0,0,0
SES_03989,STU_1785,3600,0,0,0,295,365,73828,23.31,17,0,0,0,2,0,0,0,0,0,0,1
SES_03990,STU_9529,3600,0,0,0,0,0,1172,2.94,1,0,0,0,0,0,0,0,0,0,0,0
SES_03991,STU_5517,3600,0,0,0,0,0,1102,1.35,0,0,0,0,0,0,0,0,0,0,0,0
SES_03992,STU_2161,3600,3,1,0,3682,8920,66650,17.4,2,4,5,0,6,0,0,0,0,0,0,1
SES_03993,STU_8468,3600,0,0,0,0,0,2379,2.17,1,0,0,0,0,0,0,0,0,0,0,0
SES_03994,STU_2606,3600,0,0,0,0,0,8069,3.21,0,0,0,0,0,0,0,0,0,0,0,0
SES_03995,STU_8214,3600,0,1,0,325,1191,14748,2.3,0,0,0,0,0,0,0,0,0,0,0,0
SES_03996,STU_8764,3600,0,1,0,81,248,61134,19.2,17,0,0,0,0,0,0,0,0,0,0,1
SES_03997,STU_8473,3600,0,1,0,229,792,10021,1.3,0,0,0,0,0,0,0,0,0,0,0,0
SES_03998,STU_4909,3600,4,5,2,1717,6004,44958,9.87,5,2,1,0,11,0,0,0,1,0,0,1
SES_03999,STU_9013,3600,0,0,1,0,0,61154,19.63,0,0,0,1,2,0,0,0,0,0,1,1
SES_04000,STU_4273,3600,0,1,0,172,1066,4609,0.85,0,0,0,0,0,0,0,0,0,0,1,0
SES_04001,STU_6175,3600,2,3,1,1239,1847,3925,2.55,1,0,0,0,0,0,0,0,0,0,1,0
SES_04002,STU_9653,3600,0,1,0,500,500,58268,12.89,1,0,0,0,0,0,0,1,0,0,0,1
SES_04003,STU_5295,3600,0,0,0,0,0,9110,2.11,0,0,0,0,0,0,0,1,0,0,0,0
SES_04004,STU_1866,3600,0,0,0,0,0,20830,23.3,0,0,0,0,0,0,0,0,0,1,0,1
SES_04005,STU_8381,3600,0,3,1,32232,44455,87440,18.52,0,0,0,0,0,0,0,0,0,0,0,1
SES_04006,STU_1547,3600,0,0,0,0,0,9600,1.87,0,0,0,0,0,0,0,0,0,0,0,0
SES_04007,STU_2890,3600,0,0,0,0,0,7507,3.48,0,0,0,0,0,0,0,0,0,0,0,0
SES_04008,STU_1474,3600,0,0,0,0,0,8090,2.6,1,0,0,0,0,0,0,0,0,0,0,0
SES_04009,STU_4371,3600,0,1,0,403,1097,8363,1.29,0,0,0,0,0,0,0,0,0,0,0,0
SES_04010,STU_3376,3600,3,5,0,1674,3642,22515,19.82,4,0,2,0,7,0,0,0,1,0,0,1
SES_04011,STU_9487,3600,0,0,0,0,0,3527,1.87,0,0,0,0,0,0,0,0,1,0,0,0
SES_04012,STU_6572,3600,1,2,2,14159,22851,54578,6.08,8,0,0,1,0,0,0,0,0,0,0,1
SES_04013,STU_1781,3600,0,1,0,174,189,13562,2.19,1,0,0,0,0,0,0,0,0,0,0,0
SES_04014,STU_3501,3600,0,1,0,122,977,8145,2.19,0,0,0,0,0,0,0,0,0,0,0,0
SES_04015,STU_5092,3600,0,0,0,6,581,46258,22.41,8,0,0,0,0,0,0,0,0,0,0,1
SES_04016,STU_9273,3600,0,1,0,239,755,7884,3.28,1,0,0,0,0,0,0,0,0,0,0,0
SES_04017,STU_1854,3600,0,1,0,446,1332,11610,2.93,1,0,0,0,0,0,0,0,0,0,0,0
SES_04018,STU_5773,3600,0,1,0,177,270,1507,2.37,1,0,0,0,0,0,0,0,0,0,0,0
SES_04019,STU_2306,3600,2,4,1,10482,16156,101345,7.79,6,1,2,1,0,0,0,0,0,0,0,1
SES_04020,STU_2006,3600,0,0,0,0,0,1930,1.68,0,0,0,0,0,0,0,0,0,0,0,0
SES_04021,STU_5186,3600,1,4,1,10391,16156,66530,24.8,4,3,1,0,0,0,0,0,0,0,0,1
SES_04022,STU_3389,3600,0,1,0,176,895,5953,1.41,0,0,0,0,0,0,0,0,0,0,0,0
SES_04023,STU_7879,3600,2,2,1,1534,2154,4060,2.13,0,0,0,0,0,0,0,0,0,0,0,0
SES_04024,STU_9734,3600,1,1,1,1997,2903,4669,1.98,1,0,0,0,0,0,0,0,0,0,0,0
SES_04025,STU_4737,3600,0,1,0,446,1165,14800,2.67,0,0,0,0,0,0,0,0,0,0,0,0
SES_04026,STU_1128,3600,0,1,0,10,780,12579,0.83,0,0,0,0,0,0,0,0,0,0,0,0
SES_04027,STU_3047,3600,13,18,4,2084,7188,34433,21.05,13,0,0,0,0,0,0,0,0,0,0,1
SES_04028,STU_4275,3600,1,5,1,29541,36101,138461,18.56,2,0,0,0,1,0,0,0,0,0,0,1
SES_04029,STU_3208,3600,0,0,0,0,0,8388,2.14,0,0,0,0,0,0,0,0,0,0,0,0
SES_04030,STU_1348,3600,1,2,1,5157,9888,82109,14.07,2,2,3,0,0,0,0,0,0,0,0,1
SES_04031,STU_8932,3600,0,1,0,200,1148,12434,15.92,14,0,0,0,0,0,0,0,0,0,0,1
SES_04032,STU_3567,3600,0,0,0,0,0,3508,2.58,0,0,0,0,0,0,0,0,0,0,0,0
SES_04033,STU_3488,3600,0,0,0,0,0,13391,1.58,0,0,0,0,0,0,0,0,0,0,0,0
SES_04034,STU_5190,3600,0,0,0,0,0,8408,2.92,0,0,0,0,0,0,0,0,0,0,0,0
SES_04035,STU_9233,3600,14,18,4,3474,9184,107649,6.23,9,0,2,0,1,0,0,0,0,0,0,1
SES_04036,STU_7348,3600,0,1,0,299,781,13140,2.87,1,0,0,0,0,0,0,0,0,0,0,0
SES_04037,STU_5725,3600,0,0,0,0,0,10164,0.69,0,0,0,0,0,0,0,0,0,0,0,0
SES_04038,STU_4928,3600,1,2,2,14545,27110,140952,19.52,6,0,0,1,0,0,0,0,0,0,0,1
SES_04039,STU_8901,3600,0,1,0,26,1000,5333,1.92,1,0,0,0,0,0,0,0,0,0,0,0
SES_04040,STU_6634,3600,0,0,0,0,0,6477,1.79,0,0,0,0,0,0,0,0,0,0,0,0
SES_04041,STU_1813,3600,0,1,0,104,1010,7107,1.04,0,0,0,0,0,0,0,0,0,0,0,0
SES_04042,STU_2122,3600,0,1,0,500,500,92451,22.09,1,0,0,0,0,0,0,1,0,0,0,1
SES_04043,STU_7671,3600,0,1,0,384,673,1136,1.19,1,0,0,0,0,0,0,1,0,0,0,0
SES_04044,STU_7995,3600,0,1,0,47,805,1845,3.43,1,0,0,0,0,0,0,1,0,0,0,0
SES_04045,STU_7184,3600,0,0,0,0,0,2277,2.08,0,0,0,0,0,0,0,1,0,0,0,0
SES_04046,STU_5400,3600,15,19,2,6229,16175,116634,19.19,17,3,2,1,2,0,0,0,0,0,0,1
SES_04047,STU_3833,3600,0,1,0,467,1313,12384,2.38,0,0,0,0,0,0,0,0,0,0,0,0
SES_04048,STU_7111,3600,0,1,0,166,938,28049,10.57,12,0,0,0,0,0,0,0,0,0,0,1
SES_04049,STU_7950,3600,0,1,0,436,969,9222,1.4,1,0,0,0,0,0,0,0,0,0,0,0
SES_04050,STU_4807,3600,0,0,0,0,0,10407,0.94,1,0,0,0,0,0,0,0,0,0,0,0
SES_04051,STU_6395,3600,0,0,0,0,0,14441,2.62,1,0,0,0,0,0,0,0,0,0,0,0
SES_04052,STU_9361,3600,0,1,0,272,750,1728,1.81,1,0,0,0,0,0,0,0,0,0,0,0
SES_04053,STU_9018,3600,0,1,0,72,938,7020,3.31,1,0,0,0,0,0,0,0,0,0,0,0
SES_04054,STU_2202,3600,0,1,0,500,500,20914,7.59,1,0,0,0,2,0,0,1,0,0,0,1
SES_04055,STU_7691,3600,25,25,3,4386,6360,110404,14.09,6,0,2,0,2,0,0,0,0,0,0,1
SES_04056,STU_6826,3600,1,1,0,1000,1000,92092,6.25,1,0,0,0,0,0,1,0,0,0,0,1
SES_04057,STU_9398,3600,11,17,4,9640,16376,111730,22.23,15,5,5,1,0,0,0,0,0,0,0,1
SES_04058,STU_3465,3600,0,0,1,0,0,111589,5.17,0,0,0,0,2,0,0,0,0,0,1,1
SES_04059,STU_1725,3600,0,1,0,310,718,13893,0.71,1,0,0,0,0,0,0,0,0,0,1,0
SES_04060,STU_5056,3600,0,1,0,15,1902,57409,22.17,0,7,5,0,2,0,0,0,0,0,0,1
SES_04061,STU_4215,3600,0,0,0,0,0,10797,3.48,1,0,0,0,0,0,0,0,0,0,0,0
SES_04062,STU_8709,3600,10,12,0,1215,2051,79267,12.06,4,0,1,0,2,0,0,0,0,0,0,1
SES_04063,STU_9778,3600,8,8,0,2078,2891,133469,19.33,3,1,1,0,0,0,0,0,0,0,0,1
SES_04064,STU_2027,3600,6,6,1,3526,5833,26422,14.78,7,2,2,1,6,0,0,0,1,0,0,1
SES_04065,STU_2490,3600,0,0,1,0,0,104649,10.46,0,0,0,0,1,0,0,0,0,0,1,1
SES_04066,STU_4257,3600,2,0,0,670,1424,125591,9.45,2,0,0,0,12,0,0,0,1,0,0,1
SES_04067,STU_2105,3600,0,0,0,0,0,11982,0.63,1,0,0,0,0,0,0,0,1,0,0,0
SES_04068,STU_5027,3600,9,15,4,9982,24723,112287,20.67,11,2,3,0,0,0,0,0,0,0,0,1
SES_04069,STU_3442,3600,0,0,0,0,0,8522,1.48,1,0,0,0,0,0,0,0,0,0,0,0
SES_04070,STU_3762,3600,10,12,0,2361,3107,26214,5.18,4,1,1,0,0,0,0,0,0,0,0,1
SES_04071,STU_8688,3600,0,0,0,0,0,9334,1.71,1,0,0,0,0,0,0,0,0,0,0,0
SES_04072,STU_2035,3600,8,13,2,1475,5756,140661,22.81,13,0,2,0,0,0,0,0,0,0,0,1
SES_04073,STU_7771,3600,0,0,0,0,0,2340,2.42,0,0,0,0,0,0,0,0,0,0,0,0
SES_04074,STU_6218,3600,0,0,0,0,0,13370,2.86,0,0,0,0,0,0,0,0,0,0,0,0
SES_04075,STU_7386,3600,2,2,1,598,1225,1596,0.8,1,0,0,0,0,0,0,0,0,0,0,0
SES_04076,STU_1398,3600,1,2,0,6031,13881,147546,11.34,3,2,2,0,5,0,0,0,0,0,0,1
SES_04077,STU_3704,3600,1,1,2,19635,33679,42064,12.94,6,0,0,1,2,0,0,0,0,0,0,1
SES_04078,STU_2317,3600,0,1,0,258,1152,9165,3.12,0,0,0,0,0,0,0,0,0,0,0,0
SES_04079,STU_8566,3600,0,1,0,345,896,10539,2.68,1,0,0,0,0,0,0,0,0,0,0,0
SES_04080,STU_9577,3600,1,2,1,1249,2223,14208,1.07,1,0,0,0,0,0,0,0,0,0,0,0
SES_04081,STU_3074,3600,0,0,0,0,0,13770,2.68,1,0,0,0,0,0,0,0,0,0,0,0
SES_04082,STU_7436,3600,1,2,1,1415,2165,9437,1.34,1,0,0,0,0,0,0,0,0,0,0,0
SES_04083,STU_2095,3600,0,1,0,354,644,80195,24.98,1,6,4,0,0,0,0,0,0,0,0,1
SES_04084,STU_2405,3600,0,1,0,52,1970,27696,21.29,2,7,5,0,0,0,0,0,0,0,0,1
SES_04085,STU_3022,3600,0,1,0,52,949,1189,3.44,1,0,0,0,0,0,0,0,0,0,0,0
SES_04086,STU_3073,3600,0,0,0,0,0,34325,16.53,1,0,0,0,0,1,0,0,0,0,0,1
SES_04087,STU_1106,3600,0,1,0,271,534,5711,1.63,1,0,0,0,0,1,0,0,0,0,0,0
SES_04088,STU_1510,3600,0,1,0,44,641,1161,1.69,1,0,0,0,0,1,0,0,0,0,0,0
SES_04089,STU_4392,3600,0,0,0,0,0,36954,15.75,1,0,0,0,0,1,0,0,0,0,0,1
SES_04090,STU_4064,3600,0,0,0,0,0,9472,0.5,0,0,0,0,0,1,0,0,0,0,0,0
SES_04091,STU_7828,3600,0,0,0,0,0,4435,3.36,1,0,0,0,0,1,0,0,0,0,0,0
SES_04092,STU_1112,3600,0,0,0,0,0,9218,2.8,0,0,0,0,0,1,0,0,0,0,0,0
SES_04093,STU_8413,3600,5,7,1,3400,6714,136023,20.78,4,1,2,0,11,0,0,0,1,0,0,1
SES_04094,STU_3417,3600,0,1,0,237,414,5094,0.84,0,0,0,0,0,0,0,0,1,0,0,0
SES_04095,STU_6304,3600,0,1,0,209,1170,7744,1.93,0,0,0,0,0,0,0,0,1,0,0,0
SES_04096,STU_6322,3600,8,10,2,3266,5352,59525,7.98,7,0,0,0,6,0,0,0,1,0,0,1
SES_04097,STU_4400,3600,0,0,0,0,0,5924,2.99,0,0,0,0,0,0,0,0,1,0,0,0
SES_04098,STU_3121,3600,0,0,0,0,0,5815,1.32,0,0,0,0,0,0,0,0,1,0,0,0
SES_04099,STU_6626,3600,0,1,0,648,693,91371,18.38,2,0,0,0,10,0,0,0,1,0,0,1
SES_04100,STU_8360,3600,0,1,0,299,725,10741,3.17,0,0,0,0,0,0,0,0,1,0,0,0
SES_04101,STU_8917,3600,1,1,0,1000,1000,20554,9.48,1,0,0,1,0,0,1,0,0,0,0,1
SES_04102,STU_5969,3600,0,1,0,312,414,7616,0.56,0,0,0,0,0,0,1,0,0,0,0,0
SES_04103,STU_5010,3600,0,1,0,563,672,126127,13.53,0,5,8,0,1,0,0,0,0,0,0,1
SES_04104,STU_1660,3600,1,1,0,356,1746,102809,13.09,1,0,0,0,4,0,0,0,1,0,0,1
SES_04105,STU_1819,3600,0,1,0,310,619,4966,2.83,0,0,0,0,0,0,0,0,1,0,0,0
SES_04106,STU_7980,3600,0,1,0,31,788,13561,0.55,0,0,0,0,0,0,0,0,1,0,0,0
SES_04107,STU_9719,3600,0,1,0,144,1011,8754,2.89,1,0,0,0,0,0,0,0,1,0,0,0
SES_04108,STU_8754,3600,10,14,3,9873,15023,38500,14.51,13,3,3,0,1,0,0,0,0,0,0,1
SES_04109,STU_2151,3600,6,7,0,2738,4848,60390,24.81,9,1,0,1,14,0,0,0,1,0,0,1
SES_04110,STU_1041,3600,0,0,0,0,0,14280,0.62,0,0,0,0,0,0,0,0,1,0,0,0
SES_04111,STU_8927,3600,0,1,0,73,678,8271,1.07,1,0,0,0,0,0,0,0,1,0,0,0
SES_04112,STU_8600,3600,4,7,2,3365,6739,53299,21.22,7,1,1,0,6,0,0,0,1,0,0,1
SES_04113,STU_9097,3600,2,1,1,735,899,4441,2.16,1,0,0,0,0,0,0,0,1,0,0,0
SES_04114,STU_8835,3600,4,6,1,27940,43726,31089,20.49,3,0,0,1,0,0,0,0,0,0,0,1
SES_04115,STU_9369,3600,0,0,0,0,0,128552,16.42,0,0,0,1,0,0,0,0,0,1,0,1
SES_04116,STU_9036,3600,1,2,0,4875,7470,35515,22.21,4,5,6,0,2,0,0,0,0,0,0,1
SES_04117,STU_6920,3600,1,3,1,1184,1399,14614,1.75,1,0,0,0,0,0,0,0,0,0,0,0
SES_04118,STU_8652,3600,1,1,1,1037,1697,2793,2.62,1,0,0,0,0,0,0,0,0,0,0,0
SES_04119,STU_5583,3600,12,12,0,2136,3479,41071,10.96,2,0,1,0,0,0,0,0,0,0,0,1
SES_04120,STU_9340,3600,0,0,0,0,0,7821,1.52,0,0,0,0,0,0,0,0,0,0,0,0
SES_04121,STU_1358,3600,0,1,0,363,481,4148,0.43,0,0,0,0,0,0,0,0,0,0,0,0
SES_04122,STU_8005,3600,0,0,0,0,0,5887,1.7,1,0,0,0,0,0,0,0,0,0,0,0
SES_04123,STU_5991,3600,1,2,1,567,849,7656,0.96,1,0,0,0,0,0,0,0,0,0,0,0
SES_04124,STU_5104,3600,0,0,0,0,0,2167,3.34,0,0,0,0,0,0,0,0,0,0,0,0
SES_04125,STU_1980,3600,1,3,0,15004,24525,62629,20.31,2,0,0,0,0,0,0,0,0,0,0,1
SES_04126,STU_3165,3600,0,1,0,112,264,10326,1.48,0,0,0,0,0,0,0,0,0,0,0,0
SES_04127,STU_8199,3600,0,0,0,0,0,13546,3.0,0,0,0,0,0,0,0,0,0,0,0,0
SES_04128,STU_9669,3600,0,0,1,0,0,124565,9.07,0,0,0,0,0,0,0,0,0,0,1,1
SES_04129,STU_1679,3600,1,1,1,1311,1849,10534,0.39,0,0,0,0,0,0,0,0,0,0,1,0
SES_04130,STU_3677,3600,0,1,0,500,500,130830,14.28,1,0,0,1,0,0,0,1,0,0,0,1
SES_04131,STU_7328,3600,0,0,0,0,0,13929,0.65,0,0,0,0,0,0,0,1,0,0,0,0
SES_04132,STU_4846,3600,0,1,0,20,674,6731,2.77,1,0,0,0,0,0,0,1,0,0,0,0
SES_04133,STU_3403,3600,0,1,0,227,1192,2715,1.21,1,0,0,0,0,0,0,1,0,0,0,0
SES_04134,STU_2406,3600,0,1,0,123,253,3066,2.4,1,0,0,0,0,0,0,1,0,0,0,0
SES_04135,STU_6854,3600,0,1,0,500,500,131297,10.42,1,0,0,0,0,0,0,1,0,0,0,1
SES_04136,STU_5830,3600,0,1,0,431,505,5612,1.57,1,0,0,0,0,0,0,1,0,0,0,0
SES_04137,STU_2389,3600,2,1,1,1733,2457,11330,1.35,1,0,0,0,0,0,0,1,0,0,0,0
SES_04138,STU_8157,3600,0,0,1,0,0,49910,6.58,0,0,0,0,1,0,0,0,0,0,1,1
SES_04139,STU_7054,3600,15,21,2,9607,14905,26422,21.32,19,4,5,1,0,0,0,0,0,0,0,1
SES_04140,STU_8975,3600,11,15,4,8401,13996,33679,20.19,8,1,3,0,0,0,0,0,0,0,0,1
SES_04141,STU_8650,3600,4,5,1,27676,40394,142243,11.64,5,0,0,0,0,0,0,0,0,0,0,1
SES_04142,STU_2106,3600,2,2,1,2775,5560,27489,18.91,6,7,6,0,0,0,0,0,0,0,0,1
SES_04143,STU_3377,3600,0,0,0,0,0,1258,0.73,1,0,0,0,0,0,0,0,0,0,0,0
SES_04144,STU_8993,3600,10,13,2,4429,12348,120129,6.9,12,2,1,0,0,0,0,0,0,0,0,1
SES_04145,STU_2495,3600,0,1,0,457,807,2945,1.97,0,0,0,0,0,0,0,0,0,0,0,0
SES_04146,STU_3299,3600,0,0,0,0,0,14702,1.67,0,0,0,0,0,0,0,0,0,0,0,0
SES_04147,STU_7801,3600,2,1,1,1883,2735,2956,1.6,0,0,0,0,0,0,0,0,0,0,0,0
SES_04148,STU_5815,3600,0,1,0,391,782,10462,2.94,0,0,0,0,0,0,0,0,0,0,0,0
SES_04149,STU_4642,3600,0,1,0,385,1473,102998,6.05,2,4,5,0,0,0,0,0,0,0,0,1
SES_04150,STU_6907,3600,0,0,0,0,0,53048,6.47,1,0,0,0,0,1,0,0,0,0,0,1
SES_04151,STU_6422,3600,1,1,0,1000,1000,18534,11.33,1,0,0,0,0,0,1,0,0,0,0,1
SES_04152,STU_8647,3600,25,29,4,4015,9305,38545,22.76,15,0,0,0,0,0,0,0,0,0,0,1
SES_04153,STU_1822,3600,4,2,2,5817,13462,42951,7.67,2,1,3,0,0,0,0,0,0,0,0,1
SES_04154,STU_5801,3600,0,0,0,0,0,11556,2.32,0,0,0,0,0,0,0,0,0,0,0,0
SES_04155,STU_3374,3600,0,0,0,0,0,79652,16.23,1,0,0,0,0,1,0,0,0,0,0,1
SES_04156,STU_2325,3600,0,0,0,0,0,10292,1.82,1,0,0,0,0,1,0,0,0,0,0,0
SES_04157,STU_6267,3600,2,2,0,5064,11182,51644,7.64,5,6,6,0,2,0,0,0,0,0,0,1
SES_04158,STU_5074,3600,0,0,0,0,0,8485,1.48,1,0,0,0,0,0,0,0,0,0,0,0
SES_04159,STU_9077,3600,8,8,0,3272,4549,47611,16.59,5,1,2,0,12,0,0,0,1,0,0,1
SES_04160,STU_5575,3600,2,3,1,734,1028,3342,0.97,1,0,0,0,0,0,0,0,1,0,0,0
SES_04161,STU_8498,3600,1,1,0,3215,6548,87103,10.91,1,5,3,0,5,0,0,0,0,0,0,1
SES_04162,STU_4113,3600,0,1,0,341,847,1047,2.25,0,0,0,0,0,0,0,0,0,0,0,0
SES_04163,STU_1811,3600,8,8,0,3616,7218,129228,15.2,9,0,1,0,13,0,0,0,1,0,0,1
SES_04164,STU_5321,3600,8,13,1,2132,7988,100120,9.03,15,0,2,0,2,0,0,0,0,0,0,1
SES_04165,STU_9486,3600,7,7,0,1700,3257,140911,17.2,4,0,0,1,2,0,0,0,0,0,0,1
SES_04166,STU_4609,3600,0,0,0,0,0,11133,2.32,0,0,0,0,0,0,0,0,0,0,0,0
SES_04167,STU_6834,3600,3,3,1,4250,9944,143858,24.15,1,4,2,0,8,0,0,0,0,0,0,1
SES_04168,STU_9354,3600,0,0,0,0,0,58558,11.36,0,0,0,0,0,0,0,0,0,1,0,1
SES_04169,STU_3835,3600,0,1,0,338,1028,11415,3.02,1,0,0,0,0,0,0,0,0,1,0,0
SES_04170,STU_9611,3600,0,1,0,337,1200,1233,0.33,1,0,0,0,0,0,0,0,0,1,0,0
SES_04171,STU_6559,3600,2,4,2,11874,19647,51693,22.95,5,3,2,0,0,0,0,0,0,0,0,1
SES_04172,STU_7745,3600,4,5,2,20400,38065,70355,18.71,6,0,0,1,2,0,0,0,0,0,0,1
SES_04173,STU_9008,3600,0,0,0,0,0,5432,2.06,0,0,0,0,0,0,0,0,0,0,0,0
SES_04174,STU_9841,3600,12,13,0,1054,2056,91576,22.69,3,0,1,0,0,0,0,0,0,0,0,1
SES_04175,STU_3709,3600,0,0,0,0,0,4311,0.76,1,0,0,0,0,0,0,0,0,0,0,0
SES_04176,STU_4357,3600,0,1,0,373,1067,9283,3.29,1,0,0,0,0,0,0,0,0,0,0,0
SES_04177,STU_1324,3600,0,1,0,0,0,9718,2.28,0,0,0,0,0,0,0,0,0,0,0,0
SES_04178,STU_9711,3600,1,3,1,1641,2182,9425,3.1,1,0,0,0,0,0,0,0,0,0,0,0
SES_04179,STU_9646,3600,0,0,0,0,0,11565,1.8,1,0,0,0,0,0,0,0,0,0,0,0
SES_04180,STU_2568,3600,0,1,0,500,500,113217,13.05,1,0,0,0,0,0,0,1,0,0,0,1
SES_04181,STU_4467,3600,3,3,0,3650,10944,122467,6.89,4,6,4,0,6,0,0,0,0,0,0,1
SES_04182,STU_6849,3600,0,1,0,223,622,7123,1.3,1,0,0,0,0,0,0,0,0,0,0,0
SES_04183,STU_2245,3600,0,1,0,332,394,7737,2.62,1,0,0,0,0,0,0,0,0,0,0,0
SES_04184,STU_8409,3600,0,0,1,0,0,77658,23.79,0,0,0,0,0,0,0,0,0,0,1,1
SES_04185,STU_4489,3600,0,0,0,0,0,9889,0.77,1,0,0,0,0,0,0,0,0,0,1,0
SES_04186,STU_9940,3600,0,1,0,169,496,7661,2.85,1,0,0,0,0,0,0,0,0,0,1,0
SES_04187,STU_1948,3600,2,0,0,927,1858,66647,24.75,0,0,0,0,10,0,0,0,1,0,0,1
SES_04188,STU_7085,3600,0,0,0,0,0,11092,1.33,1,0,0,0,0,0,0,0,1,0,0,0
SES_04189,STU_5848,3600,0,1,0,168,1023,7412,1.45,1,0,0,0,0,0,0,0,1,0,0,0
SES_04190,STU_2638,3600,14,18,5,11068,17262,80068,23.36,9,3,3,0,0,0,0,0,0,0,0,1
SES_04191,STU_7390,3600,2,1,0,941,1057,72662,14.45,0,0,0,0,5,0,0,0,1,0,0,1
SES_04192,STU_8727,3600,0,1,0,253,635,3398,2.86,1,0,0,0,0,0,0,0,1,0,0,0
SES_04193,STU_9400,3600,0,1,0,489,606,3371,2.01,1,0,0,0,0,0,0,0,1,0,0,0
SES_04194,STU_1304,3600,3,3,3,29974,44902,31038,6.3,10,0,0,0,0,0,0,0,0,0,0,1
SES_04195,STU_8370,3600,0,0,0,0,0,8964,3.32,1,0,0,0,0,0,0,0,0,0,0,0
SES_04196,STU_1956,3600,0,0,0,249,901,101390,9.3,15,0,0,0,0,0,0,0,0,0,0,1
SES_04197,STU_9172,3600,0,1,0,500,500,74081,6.6,1,0,0,0,1,0,0,1,0,0,0,1
SES_04198,STU_9781,3600,0,0,0,0,0,14116,2.01,0,0,0,0,0,0,0,1,0,0,0,0
SES_04199,STU_3001,3600,11,14,5,5761,15190,97438,9.59,11,5,4,0,1,0,0,0,0,0,0,1
SES_04200,STU_1362,3600,0,1,0,54,569,4208,2.58,0,0,0,0,0,0,0,0,0,0,0,0
SES_04201,STU_4702,3600,8,9,0,1460,2809,93525,8.02,4,1,0,1,1,0,0,0,0,0,0,1
SES_04202,STU_3288,3600,10,10,2,4233,6616,73700,18.21,6,1,0,0,0,0,0,0,0,0,0,1
SES_04203,STU_4626,3600,0,1,0,235,852,2852,3.11,1,0,0,0,0,0,0,0,0,0,0,0
SES_04204,STU_3202,3600,0,1,0,201,693,7280,1.51,0,0,0,0,0,0,0,0,0,0,0,0
SES_04205,STU_6059,3600,0,0,0,0,0,42153,22.07,0,0,0,0,0,0,0,0,0,1,0,1
SES_04206,STU_1118,3600,0,1,0,145,606,8586,0.35,0,0,0,0,0,0,0,0,0,1,0,0
SES_04207,STU_8755,3600,0,1,0,404,1073,9209,2.27,0,0,0,0,0,0,0,0,0,1,0,0
SES_04208,STU_1669,3600,0,3,0,17192,28897,108565,24.33,1,0,0,0,0,0,0,0,0,0,0,1
SES_04209,STU_9586,3600,1,1,1,1726,1767,10044,0.67,0,0,0,0,0,0,0,0,0,0,0,0
SES_04210,STU_3870,3600,0,0,0,0,0,3703,3.34,1,0,0,0,0,0,0,0,0,0,0,0
SES_04211,STU_7587,3600,1,3,1,5076,11034,39365,21.12,4,5,4,0,3,0,0,0,0,0,0,1
SES_04212,STU_6618,3600,0,1,0,192,530,11913,1.55,0,0,0,0,0,0,0,0,0,0,0,0
SES_04213,STU_3901,3600,21,25,3,1116,3995,27136,15.76,11,2,2,0,0,0,0,0,0,0,0,1
SES_04214,STU_8863,3600,0,1,0,448,985,4709,1.27,0,0,0,0,0,0,0,0,0,0,0,0
SES_04215,STU_2520,3600,0,1,0,190,898,6322,1.82,1,0,0,0,0,0,0,0,0,0,0,0
SES_04216,STU_5773,3600,0,0,0,0,0,67106,17.19,1,0,0,0,0,1,0,0,0,0,0,1
SES_04217,STU_4848,3600,0,0,0,715,1628,94345,19.31,1,8,3,0,0,0,0,0,0,0,0,1
SES_04218,STU_3401,3600,0,1,0,46,585,7487,1.8,0,0,0,0,0,0,0,0,0,0,0,0
SES_04219,STU_3797,3600,0,0,0,0,0,1592,2.98,1,0,0,0,0,0,0,0,0,0,0,0
SES_04220,STU_9222,3600,0,0,0,0,0,119615,13.2,1,0,0,0,1,1,0,0,0,0,0,1
SES_04221,STU_2127,3600,0,0,0,0,0,6725,1.01,1,0,0,0,0,1,0,0,0,0,0,0
SES_04222,STU_9688,3600,0,1,0,284,285,14876,3.3,0,0,0,0,0,1,0,0,0,0,0,0
SES_04223,STU_9629,3600,0,1,0,325,1092,3804,2.37,0,0,0,0,0,1,0,0,0,0,0,0
SES_04224,STU_7687,3600,14,15,0,2547,3223,24425,20.34,2,1,0,0,0,0,0,0,0,0,0,1
SES_04225,STU_9233,3600,0,0,0,0,0,7933,0.62,1,0,0,0,0,0,0,0,0,0,0,0
SES_04226,STU_3095,3600,0,0,0,0,0,6137,1.87,1,0,0,0,0,0,0,0,0,0,0,0
SES_04227,STU_5887,3600,0,1,0,500,500,49502,21.77,1,0,0,1,0,0,0,1,0,0,0,1
SES_04228,STU_6306,3600,10,15,2,4116,6174,42412,24.81,11,1,1,0,0,0,0,0,0,0,0,1
SES_04229,STU_4919,3600,0,1,0,425,913,9366,2.24,1,0,0,0,0,0,0,0,0,0,0,0
SES_04230,STU_6056,3600,0,1,0,500,500,114565,16.02,1,0,0,0,0,0,0,1,0,0,0,1
SES_04231,STU_4247,3600,0,0,0,214,1735,53694,20.45,1,8,3,0,0,0,0,0,0,0,0,1
SES_04232,STU_2735,3600,12,12,0,2828,4420,46299,9.23,5,0,1,0,0,0,0,0,0,0,0,1
SES_04233,STU_7006,3600,0,1,0,500,500,100228,15.49,1,0,0,0,2,0,0,1,0,0,0,1
SES_04234,STU_5158,3600,2,3,1,788,949,1755,3.33,1,0,0,0,0,0,0,1,0,0,0,0
SES_04235,STU_3421,3600,0,0,0,0,0,144613,5.09,1,0,0,0,2,1,0,0,0,0,0,1
SES_04236,STU_5203,3600,0,0,0,0,0,2330,2.54,0,0,0,0,0,1,0,0,0,0,0,0
SES_04237,STU_3575,3600,4,6,2,24097,38585,48602,21.31,5,0,0,0,0,0,0,0,0,0,0,1
SES_04238,STU_2108,3600,0,1,0,478,1101,2894,1.65,1,0,0,0,0,0,0,0,0,0,0,0
SES_04239,STU_3147,3600,0,0,0,0,0,1989,3.23,1,0,0,0,0,0,0,0,0,0,0,0
SES_04240,STU_6574,3600,0,1,0,143,1143,13310,2.49,1,0,0,0,0,0,0,0,0,0,0,0
SES_04241,STU_5217,3600,0,0,0,0,0,37292,18.25,0,0,0,1,0,0,0,0,0,1,0,1
SES_04242,STU_8776,3600,0,0,0,0,0,5913,3.06,1,0,0,0,0,0,0,0,0,1,0,0
SES_04243,STU_4323,3600,0,1,0,380,622,6224,1.59,0,0,0,0,0,0,0,0,0,1,0,0
SES_04244,STU_6186,3600,0,1,0,456,1240,2386,3.26,0,0,0,0,0,0,0,0,0,1,0,0
SES_04245,STU_5712,3600,0,1,0,288,715,2535,0.33,0,0,0,0,0,0,0,0,0,1,0,0
SES_04246,STU_9450,3600,0,1,0,272,289,10292,3.15,1,0,0,0,0,0,0,0,0,1,0,0
SES_04247,STU_9599,3600,1,1,0,3067,6408,51712,18.13,1,2,4,1,5,0,0,0,0,0,0,1
SES_04248,STU_6066,3600,17,20,3,2930,7389,66277,20.82,9,2,0,0,0,0,0,0,0,0,0,1
SES_04249,STU_4939,3600,0,1,0,500,500,92896,6.3,1,0,0,1,2,0,0,1,0,0,0,1
SES_04250,STU_7323,3600,0,0,0,0,0,1422,2.88,0,0,0,0,0,0,0,1,0,0,0,0
SES_04251,STU_9133,3600,0,1,0,22,902,14550,0.68,0,0,0,0,0,0,0,1,0,0,0,0
SES_04252,STU_7116,3600,0,0,0,0,0,13893,2.79,0,0,0,0,0,0,0,1,0,0,0,0
SES_04253,STU_7576,3600,0,1,0,37,357,7490,1.67,1,0,0,0,0,0,0,1,0,0,0,0
SES_04254,STU_9464,3600,7,9,0,1722,5078,88645,20.53,5,1,1,1,7,0,0,0,1,0,0,1
SES_04255,STU_4810,3600,3,3,1,11655,17798,126828,21.4,2,3,1,0,0,0,0,0,0,0,0,1
SES_04256,STU_1815,3600,1,1,1,954,1099,2050,1.49,1,0,0,0,0,0,0,0,0,0,0,0
SES_04257,STU_9684,3600,1,3,1,1454,2382,14374,2.92,1,0,0,0,0,0,0,0,0,0,0,0
SES_04258,STU_9302,3600,4,6,3,15407,32000,135078,20.36,6,0,0,0,0,0,0,0,0,0,0,1
SES_04259,STU_1100,3600,0,1,0,164,956,13312,0.65,0,0,0,0,0,0,0,0,0,0,0,0
SES_04260,STU_9885,3600,15,15,0,1436,2481,137225,8.03,3,0,1,0,0,0,0,0,0,0,0,1
SES_04261,STU_2785,3600,1,1,0,686,2591,50861,12.72,2,0,0,1,4,0,0,0,1,0,0,1
SES_04262,STU_4140,3600,1,2,0,8974,12465,72872,10.06,4,4,4,0,3,0,0,0,0,0,0,1
SES_04263,STU_9834,3600,0,0,0,0,0,12292,3.25,0,0,0,0,0,0,0,0,0,0,0,0
SES_04264,STU_6744,3600,0,0,0,0,0,87269,16.19,0,0,0,0,0,0,0,0,0,1,0,1
SES_04265,STU_5891,3600,0,1,0,88,127,1167,3.47,1,0,0,0,0,0,0,0,0,1,0,0
SES_04266,STU_2149,3600,5,7,1,3131,6858,10978,23.67,3,2,2,0,7,0,0,0,1,0,0,1
SES_04267,STU_5957,3600,0,0,0,0,0,7354,0.82,1,0,0,0,0,0,0,0,1,0,0,0
SES_04268,STU_7128,3600,2,2,1,522,1443,13369,1.16,0,0,0,0,0,0,0,0,1,0,0,0
SES_04269,STU_4763,3600,0,0,0,0,0,5497,2.33,0,0,0,0,0,0,0,0,1,0,0,0
SES_04270,STU_3176,3600,0,1,0,249,942,13214,2.98,1,0,0,0,0,0,0,0,1,0,0,0
SES_04271,STU_6368,3600,0,0,1,0,0,35294,13.06,0,0,0,0,0,0,0,0,0,0,1,1
SES_04272,STU_2661,3600,0,1,0,500,500,62403,11.32,1,0,0,1,0,0,0,1,0,0,0,1
SES_04273,STU_6408,3600,1,2,1,814,1766,4077,3.28,0,0,0,0,0,0,0,1,0,0,0,0
SES_04274,STU_1757,3600,0,0,0,0,0,145975,20.39,1,0,0,0,2,1,0,0,0,0,0,1
SES_04275,STU_5351,3600,0,0,0,0,0,2819,3.46,0,0,0,0,0,1,0,0,0,0,0,0
SES_04276,STU_6183,3600,1,2,1,1556,1621,2833,2.39,1,0,0,0,0,1,0,0,0,0,0,0
SES_04277,STU_7155,3600,0,0,0,616,1345,125141,19.19,0,9,8,0,0,0,0,0,0,0,0,1
SES_04278,STU_9605,3600,0,1,0,345,866,2435,1.31,1,0,0,0,0,0,0,0,0,0,0,0
SES_04279,STU_2073,3600,0,0,1,0,0,41005,23.45,0,0,0,0,0,0,0,0,0,0,1,1
SES_04280,STU_2973,3600,1,0,0,486,2006,26647,20.75,0,0,0,0,8,0,0,0,1,0,0,1
SES_04281,STU_5882,3600,0,0,0,677,1256,79108,9.43,0,6,9,1,0,0,0,0,0,0,0,1
SES_04282,STU_7689,3600,0,0,1,0,0,81880,9.69,0,0,0,0,0,0,0,0,0,0,1,1
SES_04283,STU_3727,3600,0,0,0,0,0,6563,0.59,1,0,0,0,0,0,0,0,0,0,1,0
SES_04284,STU_4979,3600,1,1,1,6967,10767,104070,5.29,5,6,2,0,6,0,0,0,0,0,0,1
SES_04285,STU_3505,3600,0,4,1,33630,45657,113053,20.03,0,0,0,0,0,0,0,0,0,0,0,1
SES_04286,STU_3325,3600,10,14,2,4935,17023,82721,23.43,12,1,2,1,0,0,0,0,0,0,0,1
SES_04287,STU_7971,3600,0,1,0,500,500,10264,12.3,1,0,0,1,0,0,0,1,0,0,0,1
SES_04288,STU_8252,3600,0,0,0,0,0,13768,3.11,1,0,0,0,0,0,0,1,0,0,0,0
SES_04289,STU_6856,3600,0,0,0,0,0,6430,0.74,1,0,0,0,0,0,0,1,0,0,0,0
SES_04290,STU_5401,3600,0,0,0,0,0,13548,1.83,0,0,0,0,0,0,0,1,0,0,0,0
SES_04291,STU_5098,3600,0,0,0,0,0,8688,3.11,0,0,0,0,0,0,0,1,0,0,0,0
SES_04292,STU_8381,3600,0,1,0,168,570,3468,1.05,1,0,0,0,0,0,0,1,0,0,0,0
SES_04293,STU_1148,3600,1,2,1,1566,1993,14780,0.33,0,0,0,0,0,0,0,1,0,0,0,0
SES_04294,STU_5023,3600,0,0,0,0,0,10537,2.43,0,0,0,0,0,0,0,1,0,0,0,0
SES_04295,STU_8960,3600,0,0,0,0,0,90946,6.38,1,0,0,0,1,1,0,0,0,0,0,1
SES_04296,STU_4857,3600,2,3,2,17803,26089,138473,17.98,5,0,0,0,2,0,0,0,0,0,0,1
SES_04297,STU_4953,3600,1,1,1,947,1004,12441,2.4,1,0,0,0,0,0,0,0,0,0,0,0
SES_04298,STU_7688,3600,0,1,0,413,1105,9469,2.35,0,0,0,0,0,0,0,0,0,0,0,0
SES_04299,STU_6921,3600,3,3,0,4592,8163,130604,6.31,8,5,7,0,0,0,0,0,0,0,0,1
SES_04300,STU_2501,3600,1,1,0,1000,1000,132452,10.73,1,0,0,0,0,0,1,0,0,0,0,1
SES_04301,STU_4384,3600,0,0,0,0,0,5323,1.41,1,0,0,0,0,0,1,0,0,0,0,0
SES_04302,STU_1402,3600,1,1,0,882,1806,102864,10.78,0,0,0,1,6,0,0,0,1,0,0,1
SES_04303,STU_5613,3600,0,0,0,0,0,11632,1.89,0,0,0,0,0,0,0,0,1,0,0,0
SES_04304,STU_9097,3600,0,1,0,460,868,8666,3.1,1,0,0,0,0,0,0,0,1,0,0,0
SES_04305,STU_3835,3600,0,1,0,107,1024,81968,15.33,10,0,0,0,0,0,0,0,0,0,0,1
SES_04306,STU_3124,3600,0,0,0,0,0,50104,13.09,0,0,0,0,0,0,0,0,0,1,0,1
SES_04307,STU_5075,3600,0,1,0,500,500,108625,21.72,1,0,0,0,0,0,0,1,0,0,0,1
SES_04308,STU_3996,3600,0,0,0,0,0,3569,1.37,0,0,0,0,0,0,0,1,0,0,0,0
SES_04309,STU_2224,3600,0,0,0,0,0,13943,1.68,1,0,0,0,0,0,0,1,0,0,0,0
SES_04310,STU_3530,3600,0,0,0,0,0,14861,0.97,0,0,0,0,0,0,0,1,0,0,0,0
SES_04311,STU_3790,3600,0,0,0,0,0,8511,2.0,0,0,0,0,0,0,0,1,0,0,0,0
SES_04312,STU_6038,3600,10,13,4,11900,23624,36820,18.8,7,2,5,1,0,0,0,0,0,0,0,1
SES_04313,STU_4642,3600,0,1,0,500,500,149065,6.57,1,0,0,1,0,0,0,1,0,0,0,1
SES_04314,STU_9239,3600,0,1,0,285,505,9103,2.86,1,0,0,0,0,0,0,1,0,0,0,0
SES_04315,STU_5292,3600,0,0,0,0,0,83052,24.68,0,0,0,0,0,0,0,0,0,1,0,1
SES_04316,STU_3990,3600,0,1,0,498,913,3899,2.03,0,0,0,0,0,0,0,0,0,1,0,0
SES_04317,STU_6976,3600,0,1,0,419,1263,6643,2.47,0,0,0,0,0,0,0,0,0,1,0,0
SES_04318,STU_8833,3600,1,1,1,1440,2375,11909,0.85,1,0,0,0,0,0,0,0,0,1,0,0
SES_04319,STU_2724,3600,0,0,0,0,0,3872,3.04,1,0,0,0,0,0,0,0,0,1,0,0
SES_04320,STU_9655,3600,0,1,0,170,396,11884,0.45,0,0,0,0,0,0,0,0,0,1,0,0
SES_04321,STU_9772,3600,9,11,0,2423,3669,11534,10.75,2,1,0,0,0,0,0,0,0,0,0,1
SES_04322,STU_5132,3600,0,0,0,0,0,11143,2.64,1,0,0,0,0,0,0,0,0,0,0,0
SES_04323,STU_6873,3600,4,4,2,2145,6318,36508,16.71,5,2,1,0,5,0,0,0,1,0,0,1
SES_04324,STU_9926,3600,0,1,0,462,923,2915,2.0,0,0,0,0,0,0,0,0,1,0,0,0
SES_04325,STU_3361,3600,0,1,0,434,738,12092,0.53,0,0,0,0,0,0,0,0,1,0,0,0
SES_04326,STU_2693,3600,0,0,0,0,0,68216,14.21,1,0,0,0,0,1,0,0,0,0,0,1
SES_04327,STU_1965,3600,0,1,0,217,417,1777,1.97,1,0,0,0,0,1,0,0,0,0,0,0
SES_04328,STU_9297,3600,6,9,2,1830,5474,52844,7.34,6,1,2,0,9,0,0,0,1,0,0,1
SES_04329,STU_4788,3600,0,0,0,0,0,2786,3.07,1,0,0,0,0,0,0,0,1,0,0,0
SES_04330,STU_9524,3600,1,1,0,1000,1000,74708,8.75,1,0,0,0,0,0,1,0,0,0,0,1
SES_04331,STU_8725,3600,1,3,1,1184,1606,7020,0.36,0,0,0,0,0,0,1,0,0,0,0,0
SES_04332,STU_5050,3600,0,0,0,0,0,9707,3.16,1,0,0,0,0,0,1,0,0,0,0,0
SES_04333,STU_4619,3600,0,1,0,500,500,115516,9.28,1,0,0,0,2,0,0,1,0,0,0,1
SES_04334,STU_5875,3600,0,0,0,0,0,63844,7.67,1,0,0,1,1,1,0,0,0,0,0,1
SES_04335,STU_2555,3600,0,1,0,33,161,11347,2.68,1,0,0,0,0,1,0,0,0,0,0,0
SES_04336,STU_1741,3600,0,1,0,425,944,14634,1.32,0,0,0,0,0,1,0,0,0,0,0,0
SES_04337,STU_3983,3600,0,1,0,49,855,12875,0.49,1,0,0,0,0,1,0,0,0,0,0,0
SES_04338,STU_4315,3600,0,0,1,0,0,77645,5.83,0,0,0,0,1,0,0,0,0,0,1,1
SES_04339,STU_9032,3600,3,3,1,5939,9197,116708,14.71,3,3,6,0,7,0,0,0,0,0,0,1
SES_04340,STU_2613,3600,0,0,0,0,0,13019,1.33,1,0,0,0,0,0,0,0,0,0,0,0
SES_04341,STU_8635,3600,0,0,0,0,0,10650,3.04,1,0,0,0,0,0,0,0,0,0,0,0
SES_04342,STU_4362,3600,0,1,0,449,946,2916,2.6,0,0,0,0,0,0,0,0,0,0,0,0
SES_04343,STU_2334,3600,1,1,0,4446,8895,94356,24.12,4,3,5,0,8,0,0,0,0,0,0,1
SES_04344,STU_1009,3600,1,1,1,951,1411,6507,0.6,1,0,0,0,0,0,0,0,0,0,0,0
SES_04345,STU_5903,3600,0,0,0,0,0,9578,2.88,1,0,0,0,0,0,0,0,0,0,0,0
SES_04346,STU_6884,3600,0,1,0,172,626,4370,0.41,0,0,0,0,0,0,0,0,0,0,0,0
SES_04347,STU_4079,3600,0,1,0,500,500,111033,17.35,1,0,0,0,0,0,0,1,0,0,0,1
SES_04348,STU_7629,3600,2,2,1,1114,1187,6295,3.23,0,0,0,0,0,0,0,1,0,0,0,0
SES_04349,STU_4012,3600,0,1,0,452,1297,12024,1.45,1,0,0,0,0,0,0,1,0,0,0,0
SES_04350,STU_5135,3600,0,1,0,328,602,3957,2.73,1,0,0,0,0,0,0,1,0,0,0,0
SES_04351,STU_5533,3600,0,0,0,0,0,7918,2.03,1,0,0,0,0,0,0,1,0,0,0,0
SES_04352,STU_7147,3600,7,9,0,1726,3429,63018,14.29,5,1,1,0,0,0,0,0,0,0,0,1
SES_04353,STU_7632,3600,0,1,0,500,500,44334,17.96,1,0,0,0,2,0,0,1,0,0,0,1
SES_04354,STU_4372,3600,0,0,1,0,0,33350,19.61,0,0,0,0,0,0,0,0,0,0,1,1
SES_04355,STU_9051,3600,2,1,1,1082,1388,10645,2.17,1,0,0,0,0,0,0,0,0,0,1,0
SES_04356,STU_1791,3600,0,0,0,395,1236,72705,20.27,7,0,0,0,0,0,0,0,0,0,0,1
SES_04357,STU_6427,3600,1,3,1,27986,38412,15763,13.84,3,0,0,1,0,0,0,0,0,0,0,1
SES_04358,STU_7287,3600,0,0,0,0,0,8878,0.71,0,0,0,0,0,0,0,0,0,0,0,0
SES_04359,STU_7873,3600,0,1,0,288,606,12062,1.56,0,0,0,0,0,0,0,0,0,0,0,0
SES_04360,STU_1861,3600,11,16,4,6090,15284,63823,21.56,15,5,3,0,0,0,0,0,0,0,0,1
SES_04361,STU_6015,3600,1,1,0,1000,1000,86314,10.8,1,0,0,0,0,0,1,0,0,0,0,1
SES_04362,STU_6723,3600,1,2,1,1906,2319,8464,2.64,0,0,0,0,0,0,1,0,0,0,0,0
SES_04363,STU_1860,3600,0,1,0,129,1069,5730,1.86,0,0,0,0,0,0,1,0,0,0,0,0
SES_04364,STU_3648,3600,1,3,1,1653,2225,3636,2.19,0,0,0,0,0,0,1,0,0,0,0,0
SES_04365,STU_9408,3600,0,0,0,0,0,6126,1.88,0,0,0,0,0,0,1,0,0,0,0,0
SES_04366,STU_4860,3600,0,0,0,0,0,96935,19.25,1,0,0,0,0,1,0,0,0,0,0,1
SES_04367,STU_3103,3600,0,0,0,0,0,14973,1.86,1,0,0,0,0,1,0,0,0,0,0,0
SES_04368,STU_2347,3600,0,1,0,236,1115,13681,1.28,1,0,0,0,0,1,0,0,0,0,0,0
SES_04369,STU_9080,3600,2,2,1,1823,2775,11127,2.16,1,0,0,0,0,1,0,0,0,0,0,0
SES_04370,STU_3357,3600,0,1,0,419,865,13752,2.74,1,0,0,0,0,1,0,0,0,0,0,0
SES_04371,STU_7797,3600,0,1,0,351,497,5722,2.51,0,0,0,0,0,1,0,0,0,0,0,0
SES_04372,STU_2608,3600,0,1,0,167,700,9961,1.4,0,0,0,0,0,1,0,0,0,0,0,0
SES_04373,STU_2923,3600,0,1,0,379,422,6336,2.37,1,0,0,0,0,1,0,0,0,0,0,0
SES_04374,STU_3507,3600,0,0,0,549,1772,94040,17.32,0,7,4,0,0,0,0,0,0,0,0,1
SES_04375,STU_3124,3600,0,1,0,474,941,3983,0.31,1,0,0,0,0,0,0,0,0,0,0,0
SES_04376,STU_2287,3600,0,1,0,9,841,3250,0.71,1,0,0,0,0,0,0,0,0,0,0,0
SES_04377,STU_9162,3600,0,0,0,0,0,7693,1.66,0,0,0,0,0,0,0,0,0,0,0,0
SES_04378,STU_3177,3600,10,15,2,2266,7912,55593,11.32,3,2,0,0,0,0,0,0,0,0,0,1
SES_04379,STU_9411,3600,0,0,0,0,0,14668,1.98,0,0,0,0,0,0,0,0,0,0,0,0
SES_04380,STU_7536,3600,0,0,0,0,0,14627,3.14,0,0,0,0,0,0,0,0,0,0,0,0
SES_04381,STU_5377,3600,15,16,0,2970,3678,134740,17.4,5,1,1,0,0,0,0,0,0,0,0,1
SES_04382,STU_2095,3600,1,1,0,1000,1000,83000,8.73,1,0,0,1,0,0,1,0,0,0,0,1
SES_04383,STU_8294,3600,0,0,0,370,1008,50058,17.51,18,0,0,1,0,0,0,0,0,0,0,1
SES_04384,STU_7520,3600,2,1,1,4103,11346,45205,17.25,2,4,5,0,4,0,0,0,0,0,0,1
SES_04385,STU_4627,3600,15,17,0,1380,2903,22495,8.96,1,0,0,1,0,0,0,0,0,0,0,1
SES_04386,STU_7622,3600,0,0,0,0,0,12780,1.38,0,0,0,0,0,0,0,0,0,0,0,0
SES_04387,STU_8269,3600,13,15,0,1822,2349,62175,5.13,1,0,0,0,1,0,0,0,0,0,0,1
SES_04388,STU_4828,3600,0,1,0,96,481,4780,1.34,0,0,0,0,0,0,0,0,0,0,0,0
SES_04389,STU_1555,3600,0,0,0,0,0,4088,2.38,1,0,0,0,0,0,0,0,0,0,0,0
SES_04390,STU_5336,3600,0,1,0,329,492,11347,1.88,0,0,0,0,0,0,0,0,0,0,0,0
SES_04391,STU_9754,3600,0,0,0,0,0,9915,2.95,1,0,0,0,0,0,0,0,0,0,0,0
SES_04392,STU_1396,3600,2,2,1,1068,1429,7891,3.27,1,0,0,0,0,0,0,0,0,0,0,0
SES_04393,STU_2873,3600,7,9,1,1867,5047,69158,18.41,7,1,2,0,0,0,0,0,0,0,0,1
SES_04394,STU_3847,3600,2,1,0,658,660,32682,16.43,1,0,0,0,6,0,0,0,1,0,0,1
SES_04395,STU_7530,3600,0,0,0,0,0,5293,2.49,1,0,0,0,0,0,0,0,1,0,0,0
SES_04396,STU_3769,3600,7,8,0,2778,3446,108278,5.73,5,1,1,0,0,0,0,0,0,0,0,1
SES_04397,STU_7471,3600,0,0,0,0,0,5298,0.93,1,0,0,0,0,0,0,0,0,0,0,0
SES_04398,STU_4765,3600,0,0,0,0,0,10574,3.01,0,0,0,0,0,0,0,0,0,0,0,0
SES_04399,STU_2330,3600,0,0,0,0,0,18977,10.1,0,0,0,1,0,0,0,0,0,1,0,1
SES_04400,STU_2640,3600,0,1,0,110,603,4238,2.27,0,0,0,0,0,0,0,0,0,1,0,0
SES_04401,STU_5860,3600,0,0,0,99,1075,118931,17.1,13,0,0,1,0,0,0,0,0,0,0,1
SES_04402,STU_8327,3600,0,0,0,0,0,14174,1.51,0,0,0,0,0,0,0,0,0,0,0,0
SES_04403,STU_3871,3600,9,10,0,2713,3478,134275,5.35,5,0,1,0,0,0,0,0,0,0,0,1
SES_04404,STU_7067,3600,7,9,0,1230,2006,85379,14.82,1,0,1,0,0,0,0,0,0,0,0,1
SES_04405,STU_6430,3600,0,1,0,411,1358,82590,12.32,13,0,0,0,0,0,0,0,0,0,0,1
SES_04406,STU_1925,3600,0,0,0,0,0,8845,1.9,1,0,0,0,0,0,0,0,0,0,0,0
SES_04407,STU_7276,3600,0,0,0,0,0,8029,1.4,1,0,0,0,0,0,0,0,0,0,0,0
SES_04408,STU_5704,3600,1,3,1,1139,1228,8674,1.54,1,0,0,0,0,0,0,0,0,0,0,0
SES_04409,STU_1180,3600,0,0,0,0,0,1591,3.16,1,0,0,0,0,0,0,0,0,0,0,0
SES_04410,STU_6409,3600,0,1,0,116,900,8039,1.72,0,0,0,0,0,0,0,0,0,0,0,0
SES_04411,STU_7569,3600,0,1,0,161,1103,7562,2.78,0,0,0,0,0,0,0,0,0,0,0,0
SES_04412,STU_9818,3600,0,0,0,0,0,54203,8.06,1,0,0,0,0,1,0,0,0,0,0,1
SES_04413,STU_1172,3600,1,1,1,1453,1647,3270,3.22,0,0,0,0,0,1,0,0,0,0,0,0
SES_04414,STU_1615,3600,0,0,0,0,0,5120,1.98,1,0,0,0,0,1,0,0,0,0,0,0
SES_04415,STU_3668,3600,0,0,0,0,0,8605,1.66,0,0,0,0,0,1,0,0,0,0,0,0
SES_04416,STU_9018,3600,4,5,0,3352,7299,95433,14.23,5,2,0,0,15,0,0,0,1,0,0,1
SES_04417,STU_9486,3600,0,1,0,247,1238,12511,3.0,1,0,0,0,0,0,0,0,1,0,0,0
SES_04418,STU_2909,3600,2,2,1,4387,5705,122149,20.16,2,7,4,0,1,0,0,0,0,0,0,1
SES_04419,STU_3885,3600,0,0,0,0,0,2550,1.16,0,0,0,0,0,0,0,0,0,0,0,0
SES_04420,STU_2231,3600,0,1,0,32,192,4382,3.16,1,0,0,0,0,0,0,0,0,0,0,0
SES_04421,STU_6111,3600,0,0,0,0,0,136093,6.01,0,0,0,0,0,0,0,0,0,1,0,1
SES_04422,STU_6743,3600,0,0,0,0,0,114677,14.06,0,0,0,0,0,0,0,0,0,1,0,1
SES_04423,STU_9758,3600,0,1,0,200,489,12091,3.36,1,0,0,0,0,0,0,0,0,1,0,0
SES_04424,STU_1159,3600,1,2,0,23139,30591,64535,11.61,0,0,0,0,0,0,0,0,0,0,0,1
SES_04425,STU_3255,3600,3,4,1,4937,7542,121567,6.25,8,1,0,0,15,0,0,0,1,0,0,1
SES_04426,STU_1842,3600,0,0,0,0,0,14402,2.91,1,0,0,0,0,0,0,0,1,0,0,0
SES_04427,STU_2998,3600,11,11,0,2291,3136,73850,12.51,3,1,0,0,0,0,0,0,0,0,0,1
SES_04428,STU_9188,3600,0,1,0,488,1268,12949,0.39,1,0,0,0,0,0,0,0,0,0,0,0
SES_04429,STU_7736,3600,0,1,0,138,922,4011,2.29,0,0,0,0,0,0,0,0,0,0,0,0
SES_04430,STU_3970,3600,1,1,1,1301,1920,6745,3.33,1,0,0,0,0,0,0,0,0,0,0,0
SES_04431,STU_5790,3600,0,1,0,121,1008,1568,2.33,0,0,0,0,0,0,0,0,0,0,0,0
SES_04432,STU_8837,3600,0,0,0,0,0,3433,3.28,1,0,0,0,0,0,0,0,0,0,0,0
SES_04433,STU_2042,3600,1,3,1,1414,2267,10800,2.76,1,0,0,0,0,0,0,0,0,0,0,0
SES_04434,STU_7605,3600,0,0,0,0,0,11838,2.59,0,0,0,0,0,0,0,0,0,0,0,0
SES_04435,STU_5114,3600,0,1,0,54,135,11964,1.8,1,0,0,0,0,0,0,0,0,0,0,0
SES_04436,STU_2048,3600,1,2,1,23861,35438,13183,10.04,0,0,0,0,0,0,0,0,0,0,0,1
SES_04437,STU_9469,3600,1,3,0,9212,11995,11249,16.77,2,3,6,0,7,0,0,0,0,0,0,1
SES_04438,STU_2075,3600,3,3,1,2161,5322,141509,15.34,4,10,10,0,1,0,0,0,0,0,0,1
SES_04439,STU_9025,3600,1,3,1,24055,33999,143674,17.26,2,0,0,0,0,0,0,0,0,0,0,1
SES_04440,STU_7629,3600,7,7,0,3935,6364,12104,12.24,3,1,1,0,6,0,0,0,1,0,0,1
SES_04441,STU_6388,3600,4,7,2,2954,7662,105900,8.8,8,0,1,0,7,0,0,0,1,0,0,1
SES_04442,STU_8448,3600,0,1,0,426,563,9744,1.06,0,0,0,0,0,0,0,0,1,0,0,0
SES_04443,STU_6549,3600,0,1,0,500,500,69985,12.66,1,0,0,0,0,0,0,1,0,0,0,1
SES_04444,STU_7197,3600,0,1,0,224,238,9527,1.2,1,0,0,0,0,0,0,1,0,0,0,0
SES_04445,STU_2153,3600,0,4,0,25340,36069,47406,5.95,0,0,0,0,0,0,0,0,0,0,0,1
SES_04446,STU_1924,3600,0,1,0,130,277,4516,2.01,0,0,0,0,0,0,0,0,0,0,0,0
SES_04447,STU_7133,3600,10,15,5,10387,18648,42835,13.16,7,1,2,0,0,0,0,0,0,0,0,1
SES_04448,STU_2662,3600,0,0,0,0,0,10044,0.89,1,0,0,0,0,0,0,0,0,0,0,0
SES_04449,STU_1272,3600,0,1,0,176,769,1128,2.41,1,0,0,0,0,0,0,0,0,0,0,0
SES_04450,STU_7412,3600,0,0,0,0,0,11129,1.43,0,0,0,0,0,0,0,0,0,0,0,0
SES_04451,STU_2860,3600,0,0,0,0,0,10703,3.1,1,0,0,0,0,0,0,0,0,0,0,0
SES_04452,STU_4368,3600,0,1,0,204,511,13330,0.61,0,0,0,0,0,0,0,0,0,0,0,0
SES_04453,STU_5671,3600,0,0,0,0,0,12242,2.51,1,0,0,0,0,0,0,0,0,0,0,0
SES_04454,STU_9777,3600,0,0,0,0,0,2997,1.94,1,0,0,0,0,0,0,0,0,0,0,0
SES_04455,STU_5092,3600,0,0,0,0,0,10010,0.8,1,0,0,0,0,0,0,0,0,0,0,0
SES_04456,STU_3402,3600,0,1,0,254,563,14366,2.68,1,0,0,0,0,0,0,0,0,0,0,0
SES_04457,STU_9983,3600,21,22,1,4439,8697,67697,23.5,6,0,0,0,2,0,0,0,0,0,0,1
SES_04458,STU_8975,3600,0,1,0,130,842,14500,2.16,0,0,0,0,0,0,0,0,0,0,0,0
SES_04459,STU_2148,3600,6,6,1,3861,8124,113002,12.36,3,0,0,0,9,0,0,0,1,0,0,1
SES_04460,STU_1688,3600,0,1,0,500,500,17854,22.83,1,0,0,0,2,0,0,1,0,0,0,1
SES_04461,STU_4740,3600,2,0,0,669,2262,132503,12.01,2,0,0,1,3,0,0,0,1,0,0,1
SES_04462,STU_5361,3600,0,1,0,209,827,5503,3.46,0,0,0,0,0,0,0,0,1,0,0,0
SES_04463,STU_8175,3600,2,3,0,9609,15907,84726,18.24,4,2,3,0,0,0,0,0,0,0,0,1
SES_04464,STU_3286,3600,0,1,0,135,555,5064,0.46,0,0,0,0,0,0,0,0,0,0,0,0
SES_04465,STU_3567,3600,0,0,0,0,0,12966,1.64,0,0,0,0,0,0,0,0,0,0,0,0
SES_04466,STU_7419,3600,2,1,1,1354,1898,12264,0.59,1,0,0,0,0,0,0,0,0,0,0,0
SES_04467,STU_3662,3600,1,3,3,24866,32261,145970,10.68,10,0,0,0,0,0,0,0,0,0,0,1
SES_04468,STU_3551,3600,6,7,0,1532,2052,15318,7.96,1,0,1,1,0,0,0,0,0,0,0,1
SES_04469,STU_6862,3600,0,1,0,117,911,2447,2.76,1,0,0,0,0,0,0,0,0,0,0,0
SES_04470,STU_1881,3600,0,1,0,225,520,5352,1.28,0,0,0,0,0,0,0,0,0,0,0,0
SES_04471,STU_6044,3600,0,0,0,0,0,75002,24.26,1,0,0,0,0,1,0,0,0,0,0,1
SES_04472,STU_1788,3600,0,0,0,0,0,8252,0.58,1,0,0,0,0,1,0,0,0,0,0,0
SES_04473,STU_1128,3600,0,1,0,500,500,20120,6.82,1,0,0,0,0,0,0,1,0,0,0,1
SES_04474,STU_4771,3600,0,0,0,0,0,80392,22.44,0,0,0,0,0,0,0,0,0,1,0,1
SES_04475,STU_8739,3600,0,1,0,242,740,8381,2.87,0,0,0,0,0,0,0,0,0,1,0,0
SES_04476,STU_1493,3600,0,1,0,241,947,11658,0.52,0,0,0,0,0,0,0,0,0,1,0,0
SES_04477,STU_6433,3600,0,1,0,423,458,2350,3.0,1,0,0,0,0,0,0,0,0,1,0,0
SES_04478,STU_8889,3600,2,2,0,3360,5989,103013,7.8,6,10,3,1,0,0,0,0,0,0,0,1
SES_04479,STU_8278,3600,0,1,0,393,416,3820,1.42,0,0,0,0,0,0,0,0,0,0,0,0
SES_04480,STU_8242,3600,0,1,0,407,856,6735,2.95,1,0,0,0,0,0,0,0,0,0,0,0
SES_04481,STU_9235,3600,0,1,0,194,1174,12930,2.37,0,0,0,0,0,0,0,0,0,0,0,0
SES_04482,STU_3292,3600,13,15,2,10276,24067,34324,7.8,16,5,5,1,0,0,0,0,0,0,0,1
SES_04483,STU_1792,3600,0,0,0,0,0,76596,14.97,1,0,0,1,0,1,0,0,0,0,0,1
SES_04484,STU_4458,3600,0,0,0,0,0,10932,3.49,1,0,0,0,0,1,0,0,0,0,0,0
SES_04485,STU_8219,3600,0,0,0,0,0,138314,20.13,1,0,0,0,0,1,0,0,0,0,0,1
SES_04486,STU_2401,3600,0,0,0,0,0,3745,3.49,1,0,0,0,0,1,0,0,0,0,0,0
SES_04487,STU_5077,3600,0,1,0,324,1164,2621,2.28,0,0,0,0,0,1,0,0,0,0,0,0
SES_04488,STU_4503,3600,0,0,0,0,0,8243,2.66,0,0,0,0,0,1,0,0,0,0,0,0
SES_04489,STU_8636,3600,0,1,0,282,665,1354,1.67,1,0,0,0,0,1,0,0,0,0,0,0
SES_04490,STU_1435,3600,1,3,0,19427,27231,62236,18.9,1,0,0,0,0,0,0,0,0,0,0,1
SES_04491,STU_9038,3600,0,1,0,345,1317,82910,23.67,1,5,9,0,0,0,0,0,0,0,0,1
SES_04492,STU_2631,3600,0,1,0,124,334,3875,1.69,0,0,0,0,0,0,0,0,0,0,0,0
SES_04493,STU_2577,3600,0,1,0,361,1120,2944,2.88,0,0,0,0,0,0,0,0,0,0,0,0
SES_04494,STU_7429,3600,3,3,1,6831,7881,56844,10.6,6,7,4,0,0,0,0,0,0,0,0,1
SES_04495,STU_5892,3600,15,17,4,6007,18727,59430,23.31,13,4,2,0,0,0,0,0,0,0,0,1
SES_04496,STU_5635,3600,0,1,0,149,933,8815,0.49,0,0,0,0,0,0,0,0,0,0,0,0
SES_04497,STU_3269,3600,0,0,0,0,0,11951,2.36,0,0,0,0,0,0,0,0,0,0,0,0
SES_04498,STU_6951,3600,2,2,0,6475,8630,29864,7.34,2,2,2,1,0,0,0,0,0,0,0,1
SES_04499,STU_4848,3600,0,0,0,0,0,5506,2.69,0,0,0,0,0,0,0,0,0,0,0,0
SES_04500,STU_6911,3600,4,4,1,3525,5299,12325,8.9,4,7,10,0,1,0,0,0,0,0,0,1
SES_04501,STU_1667,3600,0,0,0,0,0,14741,1.63,0,0,0,0,0,0,0,0,0,0,0,0
SES_04502,STU_4598,3600,5,7,2,4599,7617,116211,17.76,6,1,1,0,5,0,0,0,1,0,0,1
SES_04503,STU_7875,3600,1,2,0,4507,6511,92033,13.05,4,2,2,1,5,0,0,0,0,0,0,1
SES_04504,STU_8043,3600,0,1,0,464,1422,2016,2.23,0,0,0,0,0,0,0,0,0,0,0,0
SES_04505,STU_9670,3600,1,1,0,1000,1000,135728,17.26,1,0,0,0,0,0,1,0,0,0,0,1
SES_04506,STU_9607,3600,1,1,0,1000,1000,34581,6.94,1,0,0,1,0,0,1,0,0,0,0,1
SES_04507,STU_4187,3600,0,1,0,84,349,1737,3.04,0,0,0,0,0,0,1,0,0,0,0,0
SES_04508,STU_8826,3600,0,1,0,455,802,1936,2.77,0,0,0,0,0,0,1,0,0,0,0,0
SES_04509,STU_8820,3600,0,0,0,0,0,2058,2.72,1,0,0,0,0,0,1,0,0,0,0,0
SES_04510,STU_7276,3600,1,3,1,34178,46051,108483,20.79,2,0,0,1,0,0,0,0,0,0,0,1
SES_04511,STU_8844,3600,0,0,0,0,0,38235,18.47,0,0,0,0,0,0,0,0,0,1,0,1
SES_04512,STU_8786,3600,0,0,0,0,0,11705,1.48,1,0,0,0,0,0,0,0,0,1,0,0
SES_04513,STU_3665,3600,1,5,0,31938,41128,89806,15.21,2,0,0,1,0,0,0,0,0,0,0,1
SES_04514,STU_4294,3600,0,1,0,42,448,11343,2.11,1,0,0,0,0,0,0,0,0,0,0,0
SES_04515,STU_4021,3600,0,0,0,0,0,3444,1.58,0,0,0,0,0,0,0,0,0,0,0,0
SES_04516,STU_9984,3600,1,2,1,1895,2676,6606,2.23,1,0,0,0,0,0,0,0,0,0,0,0
SES_04517,STU_6736,3600,2,3,1,937,1284,10664,2.68,1,0,0,0,0,0,0,0,0,0,0,0
SES_04518,STU_3152,3600,0,0,0,0,0,10888,0.31,0,0,0,0,0,0,0,0,0,0,0,0
SES_04519,STU_9983,3600,1,1,1,1788,2580,11995,2.84,1,0,0,0,0,0,0,0,0,0,0,0
SES_04520,STU_7444,3600,1,1,1,1465,1519,12005,3.16,1,0,0,0,0,0,0,0,0,0,0,0
SES_04521,STU_8277,3600,0,0,0,0,0,6202,3.36,1,0,0,0,0,0,0,0,0,0,0,0
SES_04522,STU_7226,3600,23,23,3,3280,8810,119928,5.79,4,2,2,0,0,0,0,0,0,0,0,1
SES_04523,STU_2673,3600,0,1,0,113,307,3215,2.87,1,0,0,0,0,0,0,0,0,0,0,0
SES_04524,STU_3821,3600,1,1,0,1000,1000,85202,11.8,1,0,0,0,0,0,1,0,0,0,0,1
SES_04525,STU_6165,3600,1,4,1,9353,16105,75000,7.44,2,2,1,0,0,0,0,0,0,0,0,1
SES_04526,STU_5717,3600,0,1,0,75,161,14347,0.84,1,0,0,0,0,0,0,0,0,0,0,0
SES_04527,STU_1553,3600,0,0,0,0,0,12799,1.99,1,0,0,0,0,0,0,0,0,0,0,0
SES_04528,STU_8183,3600,0,0,0,0,0,11804,1.65,0,0,0,0,0,0,0,0,0,0,0,0
SES_04529,STU_6130,3600,0,1,0,91,580,1496,2.68,1,0,0,0,0,0,0,0,0,0,0,0
SES_04530,STU_5403,3600,20,21,1,2024,7322,19435,19.99,11,1,2,0,0,0,0,0,0,0,0,1
SES_04531,STU_7147,3600,0,0,0,0,0,3023,3.02,1,0,0,0,0,0,0,0,0,0,0,0
SES_04532,STU_8252,3600,0,0,0,0,0,10344,0.94,0,0,0,0,0,0,0,0,0,0,0,0
SES_04533,STU_5314,3600,0,1,0,475,880,13226,2.5,1,0,0,0,0,0,0,0,0,0,0,0
SES_04534,STU_4000,3600,0,1,0,317,628,4015,2.12,1,0,0,0,0,0,0,0,0,0,0,0
SES_04535,STU_2194,3600,1,0,0,209,1099,112038,7.19,2,0,0,0,11,0,0,0,1,0,0,1
SES_04536,STU_6690,3600,0,1,0,49,557,11149,2.04,0,0,0,0,0,0,0,0,1,0,0,0
SES_04537,STU_6902,3600,0,0,1,0,0,17246,14.48,0,0,0,0,0,0,0,0,0,0,1,1
SES_04538,STU_4112,3600,1,4,0,29643,36080,103655,9.06,1,0,0,0,0,0,0,0,0,0,0,1
SES_04539,STU_2947,3600,0,0,0,0,0,75785,11.86,0,0,0,0,1,0,0,0,0,1,0,1
SES_04540,STU_9396,3600,0,0,1,0,0,67754,18.03,0,0,0,0,0,0,0,0,0,0,1,1
SES_04541,STU_2500,3600,16,18,2,2774,6870,72379,18.85,11,1,1,0,2,0,0,0,0,0,0,1
SES_04542,STU_4779,3600,1,1,0,1000,1000,103422,14.19,1,0,0,1,2,0,1,0,0,0,0,1
SES_04543,STU_3367,3600,2,1,0,4244,7632,118991,7.82,2,5,4,0,6,0,0,0,0,0,0,1
SES_04544,STU_4169,3600,11,14,2,6563,11809,123993,19.44,15,5,5,0,2,0,0,0,0,0,0,1
SES_04545,STU_6797,3600,2,1,1,1395,1895,4118,0.81,1,0,0,0,0,0,0,0,0,0,0,0
SES_04546,STU_3991,3600,0,1,0,197,509,3562,2.5,1,0,0,0,0,0,0,0,0,0,0,0
SES_04547,STU_8032,3600,1,3,1,1684,2657,5740,1.93,0,0,0,0,0,0,0,0,0,0,0,0
SES_04548,STU_3274,3600,0,0,0,0,0,5456,1.4,0,0,0,0,0,0,0,0,0,0,0,0
SES_04549,STU_6509,3600,2,2,1,9933,13204,27049,12.19,1,6,4,0,2,0,0,0,0,0,0,1
SES_04550,STU_3397,3600,0,0,0,0,0,3250,1.43,1,0,0,0,0,0,0,0,0,0,0,0
SES_04551,STU_5303,3600,0,0,1,0,0,17796,12.62,0,0,0,0,0,0,0,0,0,0,1,1
SES_04552,STU_1082,3600,0,0,0,0,0,12833,2.16,0,0,0,0,0,0,0,0,0,0,1,0
SES_04553,STU_9260,3600,0,1,0,500,500,10693,24.02,1,0,0,0,0,0,0,1,0,0,0,1
SES_04554,STU_3261,3600,0,0,0,0,0,1345,2.65,0,0,0,0,0,0,0,1,0,0,0,0
SES_04555,STU_5437,3600,0,1,0,463,1460,11281,3.33,0,0,0,0,0,0,0,1,0,0,0,0
SES_04556,STU_6272,3600,0,0,0,0,0,11724,2.67,0,0,0,0,0,0,0,1,0,0,0,0
SES_04557,STU_9480,3600,0,0,0,0,0,7749,1.23,0,0,0,0,0,0,0,1,0,0,0,0
SES_04558,STU_7100,3600,0,1,0,500,500,92142,23.67,1,0,0,0,0,0,0,1,0,0,0,1
SES_04559,STU_8919,3600,4,4,3,10437,26081,147697,17.46,6,0,0,0,0,0,0,0,0,0,0,1
SES_04560,STU_9519,3600,0,1,0,118,694,14617,0.31,0,0,0,0,0,0,0,0,0,0,0,0
SES_04561,STU_8537,3600,0,0,0,0,0,19210,23.96,0,0,0,1,0,0,0,0,0,1,0,1
SES_04562,STU_1966,3600,0,0,0,0,0,5295,2.99,1,0,0,0,0,0,0,0,0,1,0,0
SES_04563,STU_6493,3600,0,0,0,0,0,21284,8.15,1,0,0,0,0,1,0,0,0,0,0,1
SES_04564,STU_6642,3600,0,1,0,370,370,11599,1.54,1,0,0,0,0,1,0,0,0,0,0,0
SES_04565,STU_1350,3600,0,0,0,0,0,11732,1.48,0,0,0,0,0,1,0,0,0,0,0,0
SES_04566,STU_4117,3600,22,26,4,2141,3471,128767,14.12,11,1,1,0,0,0,0,0,0,0,0,1
SES_04567,STU_2126,3600,3,4,2,3943,8897,53264,18.0,7,2,0,0,10,0,0,0,1,0,0,1
SES_04568,STU_5134,3600,0,1,0,452,494,12132,0.77,1,0,0,0,0,0,0,0,1,0,0,0
SES_04569,STU_7233,3600,0,0,0,0,0,5678,3.4,0,0,0,0,0,0,0,0,1,0,0,0
SES_04570,STU_6118,3600,0,1,0,232,953,14459,2.87,0,0,0,0,0,0,0,0,1,0,0,0
SES_04571,STU_5873,3600,0,0,0,0,0,4001,0.45,0,0,0,0,0,0,0,0,1,0,0,0
SES_04572,STU_8238,3600,0,0,0,0,0,7410,0.5,1,0,0,0,0,0,0,0,1,0,0,0
SES_04573,STU_9572,3600,0,0,0,809,894,32712,21.5,0,10,5,0,0,0,0,0,0,0,0,1
SES_04574,STU_9660,3600,0,0,0,0,0,3187,1.72,1,0,0,0,0,0,0,0,0,0,0,0
SES_04575,STU_5399,3600,2,2,1,893,1353,13814,3.22,0,0,0,0,0,0,0,0,0,0,0,0
SES_04576,STU_4955,3600,0,0,0,0,0,143335,5.05,1,0,0,0,1,1,0,0,0,0,0,1
SES_04577,STU_1160,3600,17,22,3,3038,7556,54907,16.83,6,1,2,0,0,0,0,0,0,0,0,1
SES_04578,STU_8450,3600,0,0,0,0,0,12472,1.18,1,0,0,0,0,0,0,0,0,0,0,0
SES_04579,STU_7111,3600,0,0,0,766,2755,28148,21.29,2,0,0,0,9,0,0,0,1,0,0,1
SES_04580,STU_8400,3600,0,0,0,0,0,2406,2.06,1,0,0,0,0,0,0,0,1,0,0,0
SES_04581,STU_5128,3600,0,1,0,247,903,8748,1.3,1,0,0,0,0,0,0,0,1,0,0,0
SES_04582,STU_3955,3600,0,0,0,0,0,9817,2.17,0,0,0,0,0,0,0,0,1,0,0,0
SES_04583,STU_6068,3600,3,3,1,6241,7617,89087,18.02,3,6,5,0,0,0,0,0,0,0,0,1
SES_04584,STU_2311,3600,0,0,0,0,0,5610,1.32,1,0,0,0,0,0,0,0,0,0,0,0
SES_04585,STU_4048,3600,1,3,1,511,936,8185,2.04,0,0,0,0,0,0,0,0,0,0,0,0
SES_04586,STU_1393,3600,0,1,0,440,484,2403,2.78,0,0,0,0,0,0,0,0,0,0,0,0
SES_04587,STU_6086,3600,0,1,0,205,576,4829,2.9,1,0,0,0,0,0,0,0,0,0,0,0
SES_04588,STU_7384,3600,0,1,0,241,947,7684,1.21,1,0,0,0,0,0,0,0,0,0,0,0
SES_04589,STU_8567,3600,1,3,1,677,1357,8302,0.54,1,0,0,0,0,0,0,0,0,0,0,0
SES_04590,STU_5143,3600,8,10,5,8755,18034,138953,23.88,13,4,1,0,0,0,0,0,0,0,0,1
SES_04591,STU_3325,3600,0,0,0,0,0,10559,3.16,0,0,0,0,0,0,0,0,0,0,0,0
SES_04592,STU_3872,3600,2,3,1,558,732,1745,0.52,1,0,0,0,0,0,0,0,0,0,0,0
SES_04593,STU_2120,3600,1,1,1,1776,2243,14812,0.43,0,0,0,0,0,0,0,0,0,0,0,0
SES_04594,STU_5582,3600,0,1,0,220,735,6776,0.88,1,0,0,0,0,0,0,0,0,0,0,0
SES_04595,STU_9693,3600,0,1,0,489,810,3074,2.95,0,0,0,0,0,0,0,0,0,0,0,0
SES_04596,STU_7036,3600,1,1,1,1494,2257,5204,2.34,1,0,0,0,0,0,0,0,0,0,0,0
SES_04597,STU_2072,3600,0,0,1,0,0,91970,13.98,0,0,0,0,0,0,0,0,0,0,1,1
SES_04598,STU_1169,3600,0,0,0,0,0,10808,3.1,0,0,0,0,0,0,0,0,0,0,1,0
SES_04599,STU_1357,3600,2,4,0,7545,14864,72544,9.01,4,1,1,0,1,0,0,0,0,0,0,1
SES_04600,STU_5847,3600,0,1,0,293,2231,77233,24.81,1,10,6,0,0,0,0,0,0,0,0,1
SES_04601,STU_6866,3600,6,6,0,1455,2809,21849,24.78,1,1,0,0,1,0,0,0,0,0,0,1
SES_04602,STU_2657,3600,0,1,0,16,549,2328,1.71,0,0,0,0,0,0,0,0,0,0,0,0
SES_04603,STU_5412,3600,0,0,0,0,0,7395,1.63,0,0,0,0,0,0,0,0,0,0,0,0
SES_04604,STU_2275,3600,0,1,0,448,703,6415,3.04,0,0,0,0,0,0,0,0,0,0,0,0
SES_04605,STU_8264,3600,0,0,0,0,0,3198,1.15,1,0,0,0,0,0,0,0,0,0,0,0
SES_04606,STU_1297,3600,0,0,1,0,0,23756,13.67,0,0,0,0,0,0,0,0,0,0,1,1
SES_04607,STU_6212,3600,0,0,0,0,0,11004,2.43,0,0,0,0,0,0,0,0,0,0,1,0
SES_04608,STU_4637,3600,0,0,0,0,0,7428,1.05,1,0,0,0,0,0,0,0,0,0,1,0
SES_04609,STU_9845,3600,0,0,0,0,0,1469,1.06,1,0,0,0,0,0,0,0,0,0,1,0
SES_04610,STU_3285,3600,0,0,0,0,0,31354,12.87,0,0,0,0,0,0,0,0,0,1,0,1
SES_04611,STU_7677,3600,0,1,0,500,500,144199,15.91,1,0,0,1,0,0,0,1,0,0,0,1
SES_04612,STU_6704,3600,0,1,0,178,479,7338,0.97,0,0,0,0,0,0,0,1,0,0,0,0
SES_04613,STU_7273,3600,0,1,0,440,683,5718,1.99,1,0,0,0,0,0,0,1,0,0,0,0
SES_04614,STU_7311,3600,0,0,0,0,0,4187,3.24,1,0,0,0,0,0,0,1,0,0,0,0
SES_04615,STU_9419,3600,0,1,0,183,952,10381,2.35,0,0,0,0,0,0,0,1,0,0,0,0
SES_04616,STU_7734,3600,0,1,0,65,248,9326,2.92,1,0,0,0,0,0,0,1,0,0,0,0
SES_04617,STU_7165,3600,13,19,2,8097,16293,133869,6.61,6,5,3,0,0,0,0,0,0,0,0,1
SES_04618,STU_8352,3600,2,1,0,490,866,100714,13.55,2,0,0,0,8,0,0,0,1,0,0,1
SES_04619,STU_5634,3600,0,1,0,135,362,11520,3.01,1,0,0,0,0,0,0,0,1,0,0,0
SES_04620,STU_3646,3600,0,1,0,324,744,9632,1.81,1,0,0,0,0,0,0,0,1,0,0,0
SES_04621,STU_5689,3600,0,1,0,293,888,5976,1.13,1,0,0,0,0,0,0,0,1,0,0,0
SES_04622,STU_9346,3600,2,0,0,850,1391,114955,9.31,2,0,0,1,12,0,0,0,1,0,0,1
SES_04623,STU_9928,3600,0,1,0,278,880,5474,1.38,0,0,0,0,0,0,0,0,1,0,0,0
SES_04624,STU_7612,3600,2,1,1,1217,1501,4349,2.01,0,0,0,0,0,0,0,0,1,0,0,0
SES_04625,STU_2001,3600,0,0,0,0,0,12547,3.16,0,0,0,0,0,0,0,0,1,0,0,0
SES_04626,STU_9472,3600,0,0,0,0,0,9977,2.29,0,0,0,0,0,0,0,0,1,0,0,0
SES_04627,STU_5116,3600,0,1,0,246,991,12895,2.48,1,0,0,0,0,0,0,0,1,0,0,0
SES_04628,STU_6162,3600,1,1,0,1000,1000,47783,21.21,1,0,0,0,0,0,1,0,0,0,0,1
SES_04629,STU_2454,3600,0,0,0,0,0,13541,3.22,1,0,0,0,0,0,1,0,0,0,0,0
SES_04630,STU_5173,3600,0,5,0,19750,30727,108563,20.97,1,0,0,0,0,0,0,0,0,0,0,1
SES_04631,STU_7875,3600,21,21,3,3423,8174,44074,22.8,3,2,2,0,2,0,0,0,0,0,0,1
SES_04632,STU_3868,3600,0,1,0,751,1635,45721,19.78,1,0,0,0,4,0,0,0,1,0,0,1
SES_04633,STU_9500,3600,0,1,0,320,1978,41728,14.28,1,0,0,0,8,0,0,0,1,0,0,1
SES_04634,STU_6245,3600,8,9,1,4905,7985,101717,9.42,9,1,1,0,12,0,0,0,1,0,0,1
SES_04635,STU_3195,3600,0,0,0,480,837,117384,21.22,15,0,0,0,0,0,0,0,0,0,0,1
SES_04636,STU_8056,3600,0,0,0,0,0,14663,1.2,1,0,0,0,0,0,0,0,0,0,0,0
SES_04637,STU_2213,3600,0,1,0,354,526,6779,1.07,0,0,0,0,0,0,0,0,0,0,0,0
SES_04638,STU_8408,3600,12,14,0,2767,4169,82294,21.77,1,1,1,0,0,0,0,0,0,0,0,1
SES_04639,STU_2496,3600,0,1,0,418,1006,4961,1.01,1,0,0,0,0,0,0,0,0,0,0,0
SES_04640,STU_2331,3600,0,0,0,0,0,6714,0.52,1,0,0,0,0,0,0,0,0,0,0,0
SES_04641,STU_6905,3600,1,1,1,1282,1699,2169,3.16,0,0,0,0,0,0,0,0,0,0,0,0
SES_04642,STU_6328,3600,0,1,0,153,985,10981,1.87,0,0,0,0,0,0,0,0,0,0,0,0
SES_04643,STU_6107,3600,0,0,0,0,0,7568,2.52,1,0,0,0,0,0,0,0,0,0,0,0
SES_04644,STU_1460,3600,2,1,1,1560,1576,13474,2.67,0,0,0,0,0,0,0,0,0,0,0,0
SES_04645,STU_4970,3600,10,12,5,4504,18105,32451,19.71,18,4,3,0,1,0,0,0,0,0,0,1
SES_04646,STU_1597,3600,11,14,4,7965,19726,13268,7.59,19,4,5,0,1,0,0,0,0,0,0,1
SES_04647,STU_8317,3600,0,0,0,0,0,6946,3.33,1,0,0,0,0,0,0,0,0,0,0,0
SES_04648,STU_1577,3600,0,1,0,49,852,5635,0.63,0,0,0,0,0,0,0,0,0,0,0,0
SES_04649,STU_2958,3600,0,1,0,465,519,12484,2.99,0,0,0,0,0,0,0,0,0,0,0,0
SES_04650,STU_2533,3600,0,0,0,0,0,5261,0.45,0,0,0,0,0,0,0,0,0,0,0,0
SES_04651,STU_4346,3600,0,1,0,500,500,88064,16.95,1,0,0,0,0,0,0,1,0,0,0,1
SES_04652,STU_9171,3600,0,1,0,155,209,14549,1.7,1,0,0,0,0,0,0,1,0,0,0,0
SES_04653,STU_2093,3600,0,0,0,0,0,13028,2.35,0,0,0,0,0,0,0,1,0,0,0,0
SES_04654,STU_6686,3600,0,1,0,139,234,9312,3.1,1,0,0,0,0,0,0,1,0,0,0,0
SES_04655,STU_4640,3600,8,8,2,2356,5909,117285,24.47,8,1,1,1,11,0,0,0,1,0,0,1
SES_04656,STU_8576,3600,0,1,0,51,604,61169,19.3,9,0,0,0,0,0,0,0,0,0,0,1
SES_04657,STU_2786,3600,0,5,0,32251,47074,29328,11.7,0,0,0,1,0,0,0,0,0,0,0,1
SES_04658,STU_8401,3600,8,12,3,4037,12143,102580,24.41,13,2,5,1,0,0,0,0,0,0,0,1
SES_04659,STU_9443,3600,0,0,0,0,0,7654,2.34,1,0,0,0,0,0,0,0,0,0,0,0
SES_04660,STU_3564,3600,0,0,0,0,0,7509,2.21,1,0,0,0,0,0,0,0,0,0,0,0
SES_04661,STU_7549,3600,1,1,0,908,2576,72633,17.52,1,0,0,0,8,0,0,0,1,0,0,1
SES_04662,STU_7010,3600,0,1,0,438,1163,10609,2.38,0,0,0,0,0,0,0,0,1,0,0,0
SES_04663,STU_6726,3600,0,0,0,0,0,13384,2.23,1,0,0,0,0,0,0,0,1,0,0,0
SES_04664,STU_3482,3600,0,0,0,0,0,7683,0.6,0,0,0,0,0,0,0,0,1,0,0,0
SES_04665,STU_6866,3600,0,0,0,0,0,1429,2.33,0,0,0,0,0,0,0,0,1,0,0,0
SES_04666,STU_8129,3600,0,0,0,0,0,1518,1.42,1,0,0,0,0,0,0,0,1,0,0,0
SES_04667,STU_6537,3600,1,2,1,810,1045,9011,2.24,1,0,0,0,0,0,0,0,1,0,0,0
SES_04668,STU_5871,3600,0,1,0,672,1195,24681,13.51,1,10,7,0,0,0,0,0,0,0,0,1
SES_04669,STU_3640,3600,0,0,0,0,0,9011,1.8,0,0,0,0,0,0,0,0,0,0,0,0
SES_04670,STU_1263,3600,0,0,1,0,0,140663,24.31,0,0,0,0,0,0,0,0,0,0,1,1
SES_04671,STU_8236,3600,0,0,0,0,0,133412,24.27,0,0,0,0,1,0,0,0,0,1,0,1
SES_04672,STU_3142,3600,4,5,3,25012,36803,76303,18.12,3,0,0,0,0,0,0,0,0,0,0,1
SES_04673,STU_5374,3600,0,1,0,430,471,7981,1.94,0,0,0,0,0,0,0,0,0,0,0,0
SES_04674,STU_2275,3600,0,0,0,0,0,3098,1.24,0,0,0,0,0,0,0,0,0,0,0,0
SES_04675,STU_2408,3600,0,0,0,0,0,2630,2.48,1,0,0,0,0,0,0,0,0,0,0,0
SES_04676,STU_6019,3600,1,1,0,1000,1000,56511,22.92,1,0,0,0,0,0,1,0,0,0,0,1
SES_04677,STU_6672,3600,0,0,0,0,0,13670,2.09,1,0,0,0,0,0,1,0,0,0,0,0
SES_04678,STU_7339,3600,0,1,0,203,999,6116,1.22,1,0,0,0,0,0,1,0,0,0,0,0
SES_04679,STU_3242,3600,0,1,0,364,816,4920,3.02,1,0,0,0,0,0,1,0,0,0,0,0
SES_04680,STU_8358,3600,0,0,0,0,0,9288,2.34,1,0,0,0,0,0,1,0,0,0,0,0
SES_04681,STU_7329,3600,0,0,0,0,0,2859,0.41,0,0,0,0,0,0,1,0,0,0,0,0
SES_04682,STU_5751,3600,2,3,1,1128,1267,7831,1.83,1,0,0,0,0,0,1,0,0,0,0,0
SES_04683,STU_2358,3600,0,1,0,500,500,65591,17.81,1,0,0,1,0,0,0,1,0,0,0,1
SES_04684,STU_6242,3600,0,1,0,145,502,7886,1.36,1,0,0,0,0,0,0,1,0,0,0,0
SES_04685,STU_5745,3600,1,3,3,13287,29052,59235,24.21,3,0,0,0,1,0,0,0,0,0,0,1
SES_04686,STU_2251,3600,0,1,0,27,696,11150,1.53,0,0,0,0,0,0,0,0,0,0,0,0
SES_04687,STU_2850,3600,0,0,0,0,0,8863,0.5,1,0,0,0,0,0,0,0,0,0,0,0
SES_04688,STU_2120,3600,3,3,2,19824,39665,24691,13.03,2,0,0,0,0,0,0,0,0,0,0,1
SES_04689,STU_7407,3600,0,1,0,85,723,10894,2.66,1,0,0,0,0,0,0,0,0,0,0,0
SES_04690,STU_7481,3600,14,14,0,1112,2165,33543,18.05,1,1,0,0,0,0,0,0,0,0,0,1
SES_04691,STU_2887,3600,0,0,0,0,0,7284,2.26,0,0,0,0,0,0,0,0,0,0,0,0
SES_04692,STU_6976,3600,1,1,0,7622,13800,63991,6.5,5,3,2,1,7,0,0,0,0,0,0,1
SES_04693,STU_9217,3600,8,11,4,11158,23024,72852,17.32,16,5,1,0,0,0,0,0,0,0,0,1
SES_04694,STU_1062,3600,0,0,0,0,0,12034,0.62,0,0,0,0,0,0,0,0,0,0,0,0
SES_04695,STU_4495,3600,0,1,0,268,1040,14579,1.78,1,0,0,0,0,0,0,0,0,0,0,0
SES_04696,STU_1666,3600,0,1,0,333,930,5864,2.46,1,0,0,0,0,0,0,0,0,0,0,0
SES_04697,STU_4819,3600,9,13,3,6670,14758,126378,24.99,20,4,4,0,0,0,0,0,0,0,0,1
SES_04698,STU_7588,3600,0,1,0,73,1054,2462,0.96,1,0,0,0,0,0,0,0,0,0,0,0
SES_04699,STU_4709,3600,0,0,0,0,0,60817,16.44,0,0,0,0,0,0,0,0,0,1,0,1
SES_04700,STU_3946,3600,0,1,0,47,1002,11551,3.4,1,0,0,0,0,0,0,0,0,1,0,0
SES_04701,STU_4537,3600,0,1,0,53,734,14382,1.26,0,0,0,0,0,0,0,0,0,1,0,0
SES_04702,STU_5377,3600,4,5,1,25053,44460,16807,19.18,10,0,0,0,0,0,0,0,0,0,0,1
SES_04703,STU_9683,3600,0,0,0,0,0,29745,7.62,1,0,0,1,2,1,0,0,0,0,0,1
SES_04704,STU_5275,3600,0,0,0,0,0,1001,2.74,1,0,0,0,0,1,0,0,0,0,0,0
SES_04705,STU_3831,3600,0,0,0,0,0,13500,2.48,1,0,0,0,0,1,0,0,0,0,0,0
SES_04706,STU_7175,3600,0,1,0,289,371,11821,1.38,0,0,0,0,0,1,0,0,0,0,0,0
SES_04707,STU_9852,3600,0,1,0,138,847,13450,2.44,0,0,0,0,0,1,0,0,0,0,0,0
SES_04708,STU_7590,3600,8,11,3,4374,10233,81408,11.43,6,2,2,0,0,0,0,0,0,0,0,1
SES_04709,STU_6460,3600,1,1,0,733,1596,19601,9.82,0,0,0,0,11,0,0,0,1,0,0,1
SES_04710,STU_5955,3600,0,1,0,500,500,144856,19.46,1,0,0,0,0,0,0,1,0,0,0,1
SES_04711,STU_2062,3600,0,0,0,0,0,12908,1.22,1,0,0,0,0,0,0,1,0,0,0,0
SES_04712,STU_5707,3600,0,0,0,0,0,13757,1.69,1,0,0,0,0,0,0,1,0,0,0,0
SES_04713,STU_3318,3600,1,1,0,1000,1000,56622,22.77,1,0,0,0,2,0,1,0,0,0,0,1
SES_04714,STU_9403,3600,0,0,0,0,0,88073,8.02,0,0,0,1,0,0,0,0,0,1,0,1
SES_04715,STU_7590,3600,2,2,1,1601,2257,5949,1.12,1,0,0,0,0,0,0,0,0,1,0,0
SES_04716,STU_8359,3600,1,1,1,1773,2447,3459,2.44,0,0,0,0,0,0,0,0,0,1,0,0
SES_04717,STU_9383,3600,0,0,0,0,0,3459,1.7,0,0,0,0,0,0,0,0,0,1,0,0
SES_04718,STU_5990,3600,0,1,0,500,500,123927,19.42,1,0,0,0,0,0,0,1,0,0,0,1
SES_04719,STU_8977,3600,13,13,0,2282,2943,132225,22.54,4,0,0,1,1,0,0,0,0,0,0,1
SES_04720,STU_9787,3600,0,0,0,0,0,13252,1.87,0,0,0,0,0,0,0,0,0,0,0,0
SES_04721,STU_8499,3600,0,1,0,221,351,11803,2.87,0,0,0,0,0,0,0,0,0,0,0,0
SES_04722,STU_1385,3600,2,3,2,8656,13931,36305,12.07,4,3,3,0,0,0,0,0,0,0,0,1
SES_04723,STU_1690,3600,8,12,3,11760,25812,52694,24.58,14,4,2,1,0,0,0,0,0,0,0,1
SES_04724,STU_1066,3600,0,1,0,206,526,14850,2.68,1,0,0,0,0,0,0,0,0,0,0,0
SES_04725,STU_9361,3600,0,0,0,0,0,14559,0.59,1,0,0,0,0,0,0,0,0,0,0,0
SES_04726,STU_7792,3600,0,0,0,0,0,10708,3.25,0,0,0,0,0,0,0,0,0,0,0,0
SES_04727,STU_1478,3600,6,6,0,4226,6529,52869,13.83,9,0,2,0,10,0,0,0,1,0,0,1
SES_04728,STU_2327,3600,4,4,0,2070,5959,86947,20.72,3,3,5,0,0,0,0,0,0,0,0,1
SES_04729,STU_5116,3600,13,14,0,1464,2292,51811,24.42,2,1,0,0,0,0,0,0,0,0,0,1
SES_04730,STU_3940,3600,0,0,0,0,0,5041,1.69,0,0,0,0,0,0,0,0,0,0,0,0
SES_04731,STU_6079,3600,4,3,2,5172,12627,23027,7.05,6,3,3,0,0,0,0,0,0,0,0,1
SES_04732,STU_6329,3600,20,20,3,4346,9782,69250,16.35,7,1,2,0,0,0,0,0,0,0,0,1
SES_04733,STU_3956,3600,0,1,0,145,906,7783,3.2,0,0,0,0,0,0,0,0,0,0,0,0
SES_04734,STU_1186,3600,0,1,0,45,267,104951,8.52,1,0,0,0,4,0,0,0,1,0,0,1
SES_04735,STU_5281,3600,1,3,0,8982,14437,98674,22.92,3,3,2,0,0,0,0,0,0,0,0,1
SES_04736,STU_4192,3600,15,21,2,8029,17431,139029,8.5,12,2,5,0,0,0,0,0,0,0,0,1
SES_04737,STU_8109,3600,0,0,0,0,0,57451,20.83,0,0,0,1,0,0,0,0,0,1,0,1
SES_04738,STU_7781,3600,8,14,3,10464,21179,16001,14.78,7,5,1,0,0,0,0,0,0,0,0,1
SES_04739,STU_6522,3600,0,0,0,0,0,142825,9.4,1,0,0,1,1,1,0,0,0,0,0,1
SES_04740,STU_2036,3600,0,0,0,0,0,3859,2.39,0,0,0,0,0,1,0,0,0,0,0,0
SES_04741,STU_9677,3600,0,0,0,0,0,14923,3.49,1,0,0,0,0,1,0,0,0,0,0,0
SES_04742,STU_4228,3600,1,1,1,1167,1409,5334,1.55,1,0,0,0,0,1,0,0,0,0,0,0
SES_04743,STU_5872,3600,0,0,0,0,0,9326,0.43,0,0,0,0,0,1,0,0,0,0,0,0
SES_04744,STU_3962,3600,0,0,0,321,450,41225,12.01,12,0,0,0,0,0,0,0,0,0,0,1
SES_04745,STU_2978,3600,0,1,0,260,357,14527,0.57,0,0,0,0,0,0,0,0,0,0,0,0
SES_04746,STU_5473,3600,0,0,0,856,1161,60260,12.83,2,5,6,1,0,0,0,0,0,0,0,1
SES_04747,STU_3424,3600,0,1,0,206,367,102938,24.07,11,0,0,0,2,0,0,0,0,0,0,1
SES_04748,STU_7910,3600,0,0,0,0,0,9935,2.81,1,0,0,0,0,0,0,0,0,0,0,0
SES_04749,STU_5752,3600,1,3,1,1522,1851,8769,0.94,0,0,0,0,0,0,0,0,0,0,0,0
SES_04750,STU_1687,3600,0,0,0,0,0,1658,2.24,0,0,0,0,0,0,0,0,0,0,0,0
SES_04751,STU_2724,3600,0,0,0,0,0,5747,1.57,0,0,0,0,0,0,0,0,0,0,0,0
SES_04752,STU_5532,3600,0,1,0,442,778,4644,0.67,1,0,0,0,0,0,0,0,0,0,0,0
SES_04753,STU_5055,3600,1,3,1,1644,2566,2372,1.44,0,0,0,0,0,0,0,0,0,0,0,0
SES_04754,STU_8175,3600,1,1,1,1963,2613,6310,0.41,1,0,0,0,0,0,0,0,0,0,0,0
SES_04755,STU_8929,3600,2,2,1,916,1011,4581,0.83,0,0,0,0,0,0,0,0,0,0,0,0
SES_04756,STU_9016,3600,0,0,0,0,0,9040,1.99,1,0,0,0,0,0,0,0,0,0,0,0
SES_04757,STU_3129,3600,0,1,0,24,204,10853,3.08,0,0,0,0,0,0,0,0,0,0,0,0
SES_04758,STU_4753,3600,5,5,1,20438,34478,35131,23.05,7,0,0,1,0,0,0,0,0,0,0,1
SES_04759,STU_4295,3600,0,1,0,16,243,4893,2.05,0,0,0,0,0,0,0,0,0,0,0,0
SES_04760,STU_2888,3600,13,13,0,2355,2982,47930,20.08,4,0,0,0,0,0,0,0,0,0,0,1
SES_04761,STU_5991,3600,0,0,0,0,0,5962,3.26,0,0,0,0,0,0,0,0,0,0,0,0
SES_04762,STU_2434,3600,4,5,1,15124,24995,66901,22.85,4,0,0,0,0,0,0,0,0,0,0,1
SES_04763,STU_4202,3600,2,1,1,656,1521,6905,2.17,0,0,0,0,0,0,0,0,0,0,0,0
SES_04764,STU_3988,3600,0,1,0,276,1159,4901,2.78,0,0,0,0,0,0,0,0,0,0,0,0
SES_04765,STU_5035,3600,0,0,1,0,0,63458,22.29,0,0,0,1,0,0,0,0,0,0,1,1
SES_04766,STU_8413,3600,0,1,0,210,293,8775,1.91,1,0,0,0,0,0,0,0,0,0,1,0
SES_04767,STU_2383,3600,0,0,0,0,0,5208,0.48,0,0,0,0,0,0,0,0,0,0,1,0
SES_04768,STU_7498,3600,0,1,0,346,1298,12350,3.19,1,0,0,0,0,0,0,0,0,0,1,0
SES_04769,STU_9756,3600,15,16,0,2830,4332,139231,22.84,2,0,0,0,0,0,0,0,0,0,0,1
SES_04770,STU_5967,3600,0,1,0,500,500,33088,14.2,1,0,0,0,0,0,0,1,0,0,0,1
SES_04771,STU_9647,3600,0,0,0,0,0,4359,3.31,0,0,0,0,0,0,0,1,0,0,0,0
SES_04772,STU_7047,3600,1,3,0,6072,13546,135194,15.27,5,2,5,0,2,0,0,0,0,0,0,1
SES_04773,STU_4902,3600,1,1,0,1000,1000,80056,11.05,1,0,0,0,0,0,1,0,0,0,0,1
SES_04774,STU_4000,3600,18,19,3,4386,9288,41473,6.22,5,2,0,0,0,0,0,0,0,0,0,1
SES_04775,STU_6577,3600,0,1,0,462,1225,1754,2.15,0,0,0,0,0,0,0,0,0,0,0,0
SES_04776,STU_2766,3600,0,0,0,0,0,1402,1.37,1,0,0,0,0,0,0,0,0,0,0,0
SES_04777,STU_8674,3600,0,0,0,0,0,6736,1.24,0,0,0,0,0,0,0,0,0,0,0,0
SES_04778,STU_3565,3600,2,3,1,743,1185,5088,0.54,1,0,0,0,0,0,0,0,0,0,0,0
SES_04779,STU_5107,3600,0,0,1,0,0,55886,21.81,0,0,0,0,0,0,0,0,0,0,1,1
SES_04780,STU_1605,3600,0,0,0,0,0,2132,1.4,0,0,0,0,0,0,0,0,0,0,1,0
SES_04781,STU_5434,3600,0,0,0,0,0,13240,1.42,1,0,0,0,0,0,0,0,0,0,1,0
SES_04782,STU_9166,3600,3,4,3,21611,39456,139201,24.68,5,0,0,1,0,0,0,0,0,0,0,1
SES_04783,STU_8280,3600,3,3,1,5672,9842,61951,23.0,5,2,2,0,1,0,0,0,0,0,0,1
SES_04784,STU_3958,3600,0,1,0,40,802,7907,1.43,1,0,0,0,0,0,0,0,0,0,0,0
SES_04785,STU_8916,3600,1,3,0,5902,13276,19992,15.12,5,5,4,0,7,0,0,0,0,0,0,1
SES_04786,STU_9626,3600,1,1,1,519,893,9926,0.46,0,0,0,0,0,0,0,0,0,0,0,0
SES_04787,STU_5091,3600,0,1,0,305,460,67424,19.38,1,0,0,0,8,0,0,0,1,0,0,1
SES_04788,STU_1258,3600,5,5,1,3959,5052,124672,23.18,5,8,10,0,0,0,0,0,0,0,0,1
SES_04789,STU_9237,3600,3,2,2,5605,8105,82093,15.21,4,3,3,0,0,0,0,0,0,0,0,1
SES_04790,STU_6606,3600,0,1,0,392,687,14397,1.9,0,0,0,0,0,0,0,0,0,0,0,0
SES_04791,STU_2787,3600,2,3,1,6324,10850,64215,14.37,5,3,5,0,3,0,0,0,0,0,0,1
SES_04792,STU_1437,3600,0,0,1,0,0,85401,17.78,0,0,0,0,0,0,0,0,0,0,1,1
SES_04793,STU_5260,3600,0,1,0,76,130,6215,0.37,0,0,0,0,0,0,0,0,0,0,1,0
SES_04794,STU_1659,3600,1,1,1,1177,2144,9447,0.64,1,0,0,0,0,0,0,0,0,0,1,0
SES_04795,STU_3200,3600,0,1,0,398,1574,17093,15.45,2,7,6,0,0,0,0,0,0,0,0,1
SES_04796,STU_9535,3600,0,1,0,130,543,2516,1.63,1,0,0,0,0,0,0,0,0,0,0,0
SES_04797,STU_9404,3600,0,0,0,0,0,5660,3.01,0,0,0,0,0,0,0,0,0,0,0,0
SES_04798,STU_1909,3600,6,8,4,3270,8462,33949,13.82,10,1,1,1,0,0,0,0,0,0,0,1
SES_04799,STU_7181,3600,0,1,0,120,712,12588,1.61,1,0,0,0,0,0,0,0,0,0,0,0
SES_04800,STU_8400,3600,10,10,0,1496,3199,117677,11.58,5,1,0,1,0,0,0,0,0,0,0,1
SES_04801,STU_9089,3600,12,15,4,9557,16065,138909,24.27,12,4,5,0,2,0,0,0,0,0,0,1
SES_04802,STU_8626,3600,0,1,0,497,1058,1334,1.55,0,0,0,0,0,0,0,0,0,0,0,0
SES_04803,STU_7860,3600,0,0,0,0,0,123453,15.18,0,0,0,0,0,0,0,0,0,1,0,1
SES_04804,STU_2650,3600,0,1,0,371,404,1148,1.51,0,0,0,0,0,0,0,0,0,1,0,0
SES_04805,STU_8208,3600,6,6,0,2552,3214,132679,18.99,2,1,0,1,1,0,0,0,0,0,0,1
SES_04806,STU_1241,3600,0,1,0,35,329,10966,0.41,1,0,0,0,0,0,0,0,0,0,0,0
SES_04807,STU_8507,3600,0,0,0,0,0,10241,1.54,1,0,0,0,0,0,0,0,0,0,0,0
SES_04808,STU_1000,3600,0,0,0,0,0,73133,20.81,0,0,0,0,1,0,0,0,0,1,0,1
SES_04809,STU_5835,3600,3,3,1,5692,12467,84637,11.77,5,2,2,1,5,0,0,0,0,0,0,1
SES_04810,STU_9859,3600,0,0,0,0,0,7241,3.22,1,0,0,0,0,0,0,0,0,0,0,0
SES_04811,STU_3254,3600,1,2,1,957,1198,2135,2.67,1,0,0,0,0,0,0,0,0,0,0,0
SES_04812,STU_8219,3600,0,0,0,0,0,11813,1.29,0,0,0,0,0,0,0,0,0,0,0,0
SES_04813,STU_3095,3600,0,1,0,202,1176,14939,1.81,1,0,0,0,0,0,0,0,0,0,0,0
SES_04814,STU_8456,3600,0,0,0,0,0,13656,0.33,0,0,0,0,0,0,0,0,0,0,0,0
SES_04815,STU_4230,3600,2,1,1,1899,2315,2658,2.15,0,0,0,0,0,0,0,0,0,0,0,0
SES_04816,STU_7157,3600,4,4,1,6569,8959,93932,10.2,2,5,3,0,1,0,0,0,0,0,0,1
SES_04817,STU_7092,3600,0,0,0,0,0,3279,3.22,0,0,0,0,0,0,0,0,0,0,0,0
SES_04818,STU_5066,3600,0,0,0,0,0,6769,3.39,0,0,0,0,0,0,0,0,0,0,0,0
SES_04819,STU_5473,3600,0,0,0,0,0,10936,1.18,1,0,0,0,0,0,0,0,0,0,0,0
SES_04820,STU_9376,3600,0,0,0,0,0,56980,7.45,1,0,0,0,0,1,0,0,0,0,0,1
SES_04821,STU_5752,3600,0,0,0,0,0,5323,0.78,1,0,0,0,0,1,0,0,0,0,0,0
SES_04822,STU_2640,3600,0,1,0,466,530,9411,3.38,1,0,0,0,0,1,0,0,0,0,0,0
SES_04823,STU_4779,3600,0,0,0,0,0,86078,10.59,0,0,0,0,0,0,0,0,0,1,0,1
SES_04824,STU_2933,3600,18,20,3,2510,7506,132004,23.95,13,2,1,0,0,0,0,0,0,0,0,1
SES_04825,STU_3719,3600,0,0,0,0,0,13994,2.6,0,0,0,0,0,0,0,0,0,0,0,0
SES_04826,STU_7796,3600,0,1,0,883,2706,17350,8.13,1,10,4,0,0,0,0,0,0,0,0,1
SES_04827,STU_3187,3600,0,0,0,0,0,7435,1.27,1,0,0,0,0,0,0,0,0,0,0,0
SES_04828,STU_7559,3600,0,0,0,0,0,8556,0.7,0,0,0,0,0,0,0,0,0,0,0,0
SES_04829,STU_7947,3600,0,1,0,191,871,1654,2.85,0,0,0,0,0,0,0,0,0,0,0,0
SES_04830,STU_5557,3600,0,0,0,0,0,3591,2.95,1,0,0,0,0,0,0,0,0,0,0,0
SES_04831,STU_8694,3600,2,1,0,6170,10956,87250,22.41,2,5,2,0,4,0,0,0,0,0,0,1
SES_04832,STU_3818,3600,0,1,0,500,500,128640,7.87,1,0,0,0,0,0,0,1,0,0,0,1
SES_04833,STU_3932,3600,0,1,0,350,457,4736,3.49,1,0,0,0,0,0,0,1,0,0,0,0
SES_04834,STU_7487,3600,0,1,0,44,222,6498,3.17,1,0,0,0,0,0,0,1,0,0,0,0
SES_04835,STU_1179,3600,3,4,1,11949,17496,13761,23.59,4,1,1,0,0,0,0,0,0,0,0,1
SES_04836,STU_9205,3600,0,0,0,0,0,8499,2.3,0,0,0,0,0,0,0,0,0,0,0,0
SES_04837,STU_2823,3600,0,1,0,391,1183,6153,0.95,1,0,0,0,0,0,0,0,0,0,0,0
SES_04838,STU_9236,3600,0,1,0,299,1006,75753,20.76,0,10,8,1,0,0,0,0,0,0,0,1
SES_04839,STU_5321,3600,0,1,0,223,483,11468,3.2,0,0,0,0,0,0,0,0,0,0,0,0
SES_04840,STU_9886,3600,0,0,0,0,0,1635,2.62,1,0,0,0,0,0,0,0,0,0,0,0
SES_04841,STU_3062,3600,7,8,1,4504,8087,70981,7.51,7,0,1,0,8,0,0,0,1,0,0,1
SES_04842,STU_6897,3600,0,0,0,0,0,7265,3.11,1,0,0,0,0,0,0,0,1,0,0,0
SES_04843,STU_5186,3600,0,0,0,0,0,14682,0.44,1,0,0,0,0,0,0,0,1,0,0,0
SES_04844,STU_2608,3600,1,4,1,18856,29920,130511,12.86,2,0,0,0,0,0,0,0,0,0,0,1
SES_04845,STU_9442,3600,0,1,0,416,530,8112,1.93,0,0,0,0,0,0,0,0,0,0,0,0
SES_04846,STU_7624,3600,0,0,0,0,0,14198,3.18,1,0,0,0,0,0,0,0,0,0,0,0
SES_04847,STU_4175,3600,0,0,0,0,0,98484,15.34,1,0,0,0,0,1,0,0,0,0,0,1
SES_04848,STU_7648,3600,9,10,0,2696,4433,58130,21.42,3,0,0,0,0,0,0,0,0,0,0,1
SES_04849,STU_6903,3600,0,0,0,0,0,42710,18.0,0,0,0,0,0,0,0,0,0,1,0,1
SES_04850,STU_8833,3600,0,0,1,0,0,25248,5.07,0,0,0,0,0,0,0,0,0,0,1,1
SES_04851,STU_8892,3600,0,1,0,403,1120,6587,2.05,1,0,0,0,0,0,0,0,0,0,1,0
SES_04852,STU_3194,3600,0,1,0,175,555,11849,23.15,17,0,0,0,0,0,0,0,0,0,0,1
SES_04853,STU_6222,3600,0,0,0,0,0,8555,0.87,0,0,0,0,0,0,0,0,0,0,0,0
SES_04854,STU_3740,3600,0,0,0,0,0,2393,0.76,1,0,0,0,0,0,0,0,0,0,0,0
SES_04855,STU_9644,3600,0,0,0,0,0,12418,2.17,0,0,0,0,0,0,0,0,0,0,0,0
SES_04856,STU_6108,3600,0,1,0,198,794,6516,1.07,0,0,0,0,0,0,0,0,0,0,0,0
SES_04857,STU_3464,3600,0,1,0,487,920,3742,0.69,1,0,0,0,0,0,0,0,0,0,0,0
SES_04858,STU_6579,3600,0,0,0,0,0,1825,2.93,0,0,0,0,0,0,0,0,0,0,0,0
SES_04859,STU_8682,3600,15,16,0,2834,4127,25417,13.78,1,0,0,0,0,0,0,0,0,0,0,1
SES_04860,STU_9689,3600,0,1,0,175,813,1158,2.45,0,0,0,0,0,0,0,0,0,0,0,0
SES_04861,STU_3705,3600,0,1,0,19,371,3889,2.08,0,0,0,0,0,0,0,0,0,0,0,0
SES_04862,STU_2979,3600,0,0,0,0,0,7192,0.48,1,0,0,0,0,0,0,0,0,0,0,0
SES_04863,STU_2954,3600,11,13,0,1943,3215,23981,21.83,1,1,0,0,0,0,0,0,0,0,0,1
SES_04864,STU_1184,3600,3,2,1,3915,8328,80407,16.89,4,2,6,0,5,0,0,0,0,0,0,1
SES_04865,STU_7244,3600,0,0,0,0,0,1749,0.61,0,0,0,0,0,0,0,0,0,0,0,0
SES_04866,STU_1347,3600,0,0,1,0,0,42070,18.73,0,0,0,0,1,0,0,0,0,0,1,1
SES_04867,STU_8880,3600,2,2,1,1587,1680,6547,1.6,0,0,0,0,0,0,0,0,0,0,1,0
SES_04868,STU_2228,3600,20,24,2,4459,7041,75894,18.96,7,2,2,0,0,0,0,0,0,0,0,1
SES_04869,STU_1858,3600,9,15,4,9236,23350,19407,18.39,5,2,4,0,0,0,0,0,0,0,0,1
SES_04870,STU_1977,3600,0,1,0,205,933,1210,3.48,1,0,0,0,0,0,0,0,0,0,0,0
SES_04871,STU_1897,3600,1,1,0,1000,1000,126708,24.79,1,0,0,1,0,0,1,0,0,0,0,1
SES_04872,STU_3182,3600,18,22,4,3549,5961,82666,18.17,6,2,2,0,0,0,0,0,0,0,0,1
SES_04873,STU_2001,3600,0,0,0,495,1763,60338,8.84,0,6,7,0,0,0,0,0,0,0,0,1
SES_04874,STU_6242,3600,4,3,1,7962,15683,127438,13.03,6,3,2,0,0,0,0,0,0,0,0,1
SES_04875,STU_4393,3600,0,0,0,0,0,8282,0.74,0,0,0,0,0,0,0,0,0,0,0,0
SES_04876,STU_5708,3600,1,1,0,1000,1000,91969,8.38,1,0,0,0,0,0,1,0,0,0,0,1
SES_04877,STU_6072,3600,0,0,0,150,756,85755,15.72,12,0,0,0,1,0,0,0,0,0,0,1
SES_04878,STU_5159,3600,0,1,0,333,629,4301,0.48,1,0,0,0,0,0,0,0,0,0,0,0
SES_04879,STU_8073,3600,0,1,0,10,859,4891,0.93,0,0,0,0,0,0,0,0,0,0,0,0
SES_04880,STU_8534,3600,0,1,0,814,868,96083,12.73,2,5,10,1,0,0,0,0,0,0,0,1
SES_04881,STU_7983,3600,1,3,2,27987,38349,66268,16.66,8,0,0,0,0,0,0,0,0,0,0,1
SES_04882,STU_9046,3600,2,0,0,809,2260,120307,24.38,1,0,0,1,9,0,0,0,1,0,0,1
SES_04883,STU_5107,3600,0,1,0,454,1059,13235,3.04,1,0,0,0,0,0,0,0,1,0,0,0
SES_04884,STU_4759,3600,0,0,0,0,0,96483,13.39,1,0,0,0,0,1,0,0,0,0,0,1
SES_04885,STU_6680,3600,0,0,0,0,0,8984,1.92,1,0,0,0,0,1,0,0,0,0,0,0
SES_04886,STU_9750,3600,2,2,1,793,1186,3542,3.24,0,0,0,0,0,1,0,0,0,0,0,0
SES_04887,STU_7223,3600,3,4,2,5156,8755,20572,6.61,4,2,1,0,0,0,0,0,0,0,0,1
SES_04888,STU_9094,3600,0,0,0,0,0,7735,3.35,1,0,0,0,0,0,0,0,0,0,0,0
SES_04889,STU_4775,3600,0,0,0,0,0,75920,5.38,1,0,0,0,2,1,0,0,0,0,0,1
SES_04890,STU_3332,3600,0,1,0,80,871,1551,2.03,1,0,0,0,0,1,0,0,0,0,0,0
SES_04891,STU_2468,3600,0,0,0,0,0,6728,1.74,1,0,0,0,0,1,0,0,0,0,0,0
SES_04892,STU_1741,3600,0,1,0,412,504,55619,5.55,4,0,0,0,0,0,0,0,0,0,0,1
SES_04893,STU_4728,3600,3,3,0,4998,7005,78105,23.51,6,10,5,0,0,0,0,0,0,0,0,1
SES_04894,STU_3997,3600,0,0,0,0,0,49773,10.71,0,0,0,0,0,0,0,0,0,1,0,1
SES_04895,STU_8095,3600,6,9,1,4991,6579,138127,14.2,7,2,2,0,6,0,0,0,1,0,0,1
SES_04896,STU_5470,3600,0,1,0,305,592,12481,0.5,1,0,0,0,0,0,0,0,1,0,0,0
SES_04897,STU_3583,3600,9,10,0,1371,2198,13863,16.81,1,0,0,1,2,0,0,0,0,0,0,1
SES_04898,STU_6583,3600,0,1,0,327,362,3797,2.77,0,0,0,0,0,0,0,0,0,0,0,0
SES_04899,STU_8167,3600,2,3,1,647,948,5116,3.17,0,0,0,0,0,0,0,0,0,0,0,0
SES_04900,STU_2725,3600,2,4,1,9655,17260,143935,21.32,5,3,2,0,0,0,0,0,0,0,0,1
SES_04901,STU_7320,3600,1,0,0,614,1764,65858,8.66,2,0,0,0,11,0,0,0,1,0,0,1
SES_04902,STU_2433,3600,0,0,0,0,0,3419,2.99,0,0,0,0,0,0,0,0,1,0,0,0
SES_04903,STU_4577,3600,2,2,1,1529,2233,2585,2.32,0,0,0,0,0,0,0,0,1,0,0,0
SES_04904,STU_3261,3600,3,2,0,8695,14549,121722,6.49,2,5,3,0,4,0,0,0,0,0,0,1
SES_04905,STU_6615,3600,0,0,0,0,0,7525,3.45,0,0,0,0,0,0,0,0,0,0,0,0
SES_04906,STU_9154,3600,0,1,0,500,500,69010,5.75,1,0,0,1,0,0,0,1,0,0,0,1
SES_04907,STU_5552,3600,0,0,0,0,0,4912,2.28,1,0,0,0,0,0,0,1,0,0,0,0
SES_04908,STU_4817,3600,0,0,0,0,0,127373,17.63,0,0,0,0,0,0,0,0,0,1,0,1
SES_04909,STU_2717,3600,0,1,0,46,370,1092,3.38,1,0,0,0,0,0,0,0,0,1,0,0
SES_04910,STU_5650,3600,0,0,0,0,0,11998,2.09,1,0,0,0,0,0,0,0,0,1,0,0
SES_04911,STU_7651,3600,0,0,0,0,0,8659,2.27,0,0,0,0,0,0,0,0,0,1,0,0
SES_04912,STU_9638,3600,1,1,0,5325,10929,53043,10.17,3,5,6,0,3,0,0,0,0,0,0,1
SES_04913,STU_2056,3600,1,2,0,15278,30031,95513,17.76,1,0,0,1,0,0,0,0,0,0,0,1
SES_04914,STU_4906,3600,0,1,0,86,334,14062,1.33,1,0,0,0,0,0,0,0,0,0,0,0
SES_04915,STU_7811,3600,0,1,0,472,680,12776,2.75,1,0,0,0,0,0,0,0,0,0,0,0
SES_04916,STU_6678,3600,6,9,0,2175,6611,27399,16.36,8,0,1,0,6,0,0,0,1,0,0,1
SES_04917,STU_5897,3600,0,0,0,0,0,4549,2.67,1,0,0,0,0,0,0,0,1,0,0,0
SES_04918,STU_9740,3600,0,0,0,0,0,3328,1.27,1,0,0,0,0,0,0,0,1,0,0,0
SES_04919,STU_5512,3600,0,1,0,369,1099,4639,1.56,1,0,0,0,0,0,0,0,1,0,0,0
SES_04920,STU_9174,3600,0,1,0,137,738,1621,2.13,1,0,0,0,0,0,0,0,1,0,0,0
SES_04921,STU_4132,3600,2,1,1,620,1596,7392,1.69,1,0,0,0,0,0,0,0,1,0,0,0
SES_04922,STU_6725,3600,0,1,0,371,1354,10335,2.23,1,0,0,0,0,0,0,0,1,0,0,0
SES_04923,STU_4474,3600,3,3,0,4698,6556,127060,12.56,8,7,4,0,0,0,0,0,0,0,0,1
SES_04924,STU_2900,3600,0,0,0,380,922,31220,14.2,0,7,4,0,0,0,0,0,0,0,0,1
SES_04925,STU_6689,3600,7,7,0,2488,5488,146198,7.26,9,1,0,0,12,0,0,0,1,0,0,1
SES_04926,STU_9689,3600,0,0,0,0,0,3418,2.48,1,0,0,0,0,0,0,0,1,0,0,0
SES_04927,STU_1644,3600,11,13,0,1557,2397,70444,21.75,4,0,0,1,0,0,0,0,0,0,0,1
SES_04928,STU_7436,3600,0,1,0,190,768,7993,2.24,1,0,0,0,0,0,0,0,0,0,0,0
SES_04929,STU_5401,3600,2,2,1,706,1327,14347,3.45,0,0,0,0,0,0,0,0,0,0,0,0
SES_04930,STU_2909,3600,0,0,0,0,0,2825,2.47,0,0,0,0,0,0,0,0,0,0,0,0
SES_04931,STU_3802,3600,0,0,0,0,0,5699,2.86,1,0,0,0,0,0,0,0,0,0,0,0
SES_04932,STU_8151,3600,3,3,1,3319,6934,62612,14.06,4,6,2,0,5,0,0,0,0,0,0,1
SES_04933,STU_8581,3600,0,1,0,24,857,11319,3.36,1,0,0,0,0,0,0,0,0,0,0,0
SES_04934,STU_4952,3600,17,22,3,2383,7353,49899,5.75,10,1,0,0,0,0,0,0,0,0,0,1
SES_04935,STU_1045,3600,0,0,0,0,0,1730,1.58,0,0,0,0,0,0,0,0,0,0,0,0
SES_04936,STU_7865,3600,1,3,1,1474,1503,9293,1.1,1,0,0,0,0,0,0,0,0,0,0,0
SES_04937,STU_7213,3600,0,1,0,361,1215,3304,1.92,0,0,0,0,0,0,0,0,0,0,0,0
SES_04938,STU_8890,3600,0,1,0,175,359,14614,1.49,0,0,0,0,0,0,0,0,0,0,0,0
SES_04939,STU_6190,3600,0,1,0,314,1145,6612,2.29,0,0,0,0,0,0,0,0,0,0,0,0
SES_04940,STU_2855,3600,0,0,0,0,0,4649,1.57,1,0,0,0,0,0,0,0,0,0,0,0
SES_04941,STU_8476,3600,0,1,0,173,832,8877,1.55,0,0,0,0,0,0,0,0,0,0,0,0
SES_04942,STU_8347,3600,4,3,1,8189,14505,108927,22.64,3,1,2,1,0,0,0,0,0,0,0,1
SES_04943,STU_1353,3600,4,4,0,11647,19052,61076,21.04,5,2,1,0,0,0,0,0,0,0,0,1
SES_04944,STU_1221,3600,0,0,0,0,0,7510,2.49,1,0,0,0,0,0,0,0,0,0,0,0
SES_04945,STU_6162,3600,0,1,0,315,950,4570,2.39,0,0,0,0,0,0,0,0,0,0,0,0
SES_04946,STU_8379,3600,0,1,0,231,607,1382,2.69,1,0,0,0,0,0,0,0,0,0,0,0
SES_04947,STU_5424,3600,0,1,0,490,725,6639,1.4,0,0,0,0,0,0,0,0,0,0,0,0
SES_04948,STU_9131,3600,0,0,0,0,0,3714,1.32,1,0,0,0,0,0,0,0,0,0,0,0
SES_04949,STU_2457,3600,13,19,2,8383,14090,143903,13.68,17,5,1,0,0,0,0,0,0,0,0,1
SES_04950,STU_7365,3600,0,0,0,0,0,101733,17.17,0,0,0,0,0,0,0,0,0,1,0,1
SES_04951,STU_5397,3600,0,0,0,0,0,10071,3.23,1,0,0,0,0,0,0,0,0,1,0,0
SES_04952,STU_6180,3600,1,1,1,1930,2186,12224,1.27,1,0,0,0,0,0,0,0,0,1,0,0
SES_04953,STU_7921,3600,0,0,0,0,0,38691,10.26,0,0,0,0,2,0,0,0,0,1,0,1
SES_04954,STU_5287,3600,0,1,0,323,536,4144,2.17,0,0,0,0,0,0,0,0,0,1,0,0
SES_04955,STU_1872,3600,0,0,0,0,0,14118,3.16,0,0,0,0,0,0,0,0,0,1,0,0
SES_04956,STU_9043,3600,0,1,0,346,695,3995,2.17,1,0,0,0,0,0,0,0,0,1,0,0
SES_04957,STU_6283,3600,0,0,0,0,0,7579,3.31,1,0,0,0,0,0,0,0,0,1,0,0
SES_04958,STU_3805,3600,0,0,0,0,0,66277,6.84,0,0,0,0,0,0,0,0,0,1,0,1
SES_04959,STU_6180,3600,0,0,0,0,0,11778,2.92,1,0,0,0,0,0,0,0,0,1,0,0
SES_04960,STU_6557,3600,2,1,1,1979,2368,7844,2.51,0,0,0,0,0,0,0,0,0,1,0,0
SES_04961,STU_4025,3600,1,2,1,1837,2677,10748,1.75,1,0,0,0,0,0,0,0,0,1,0,0
SES_04962,STU_4941,3600,2,2,1,1402,2205,2702,1.23,0,0,0,0,0,0,0,0,0,1,0,0
SES_04963,STU_6759,3600,1,1,1,698,781,13652,1.39,1,0,0,0,0,0,0,0,0,1,0,0
SES_04964,STU_4538,3600,0,0,0,0,0,12061,2.45,1,0,0,0,0,0,0,0,0,1,0,0
SES_04965,STU_1573,3600,0,1,0,247,819,10662,3.31,0,0,0,0,0,0,0,0,0,1,0,0
SES_04966,STU_5508,3600,0,1,0,38,54,1615,3.02,1,0,0,0,0,0,0,0,0,1,0,0
SES_04967,STU_7819,3600,0,1,0,185,772,10311,0.65,1,0,0,0,0,0,0,0,0,1,0,0
SES_04968,STU_3348,3600,0,1,0,449,599,11329,0.66,1,0,0,0,0,0,0,0,0,1,0,0
SES_04969,STU_3283,3600,0,0,0,0,0,5625,2.22,1,0,0,0,0,0,0,0,0,1,0,0
SES_04970,STU_5244,3600,0,1,0,424,1354,12254,1.41,1,0,0,0,0,0,0,0,0,1,0,0
SES_04971,STU_2681,3600,0,1,0,213,1026,3710,1.75,1,0,0,0,0,0,0,0,0,1,0,0
SES_04972,STU_8120,3600,0,1,0,358,703,6677,0.48,1,0,0,0,0,0,0,0,0,1,0,0
SES_04973,STU_4801,3600,0,0,0,0,0,11792,2.97,1,0,0,0,0,0,0,0,0,1,0,0
SES_04974,STU_5056,3600,4,2,1,10763,15891,99022,6.89,6,2,2,0,1,0,0,0,0,0,0,1
SES_04975,STU_8289,3600,0,1,0,505,1099,124709,16.43,1,0,0,0,5,0,0,0,1,0,0,1
SES_04976,STU_9917,3600,0,1,0,75,925,4657,2.05,1,0,0,0,0,0,0,0,1,0,0,0
SES_04977,STU_7646,3600,0,0,0,0,0,8353,0.73,1,0,0,0,0,0,0,0,1,0,0,0
SES_04978,STU_7645,3600,1,2,1,746,1120,2541,1.54,1,0,0,0,0,0,0,0,1,0,0,0
SES_04979,STU_7374,3600,0,0,0,0,0,70839,17.1,1,0,0,0,0,1,0,0,0,0,0,1
SES_04980,STU_2591,3600,1,1,0,1000,1000,112920,14.43,1,0,0,1,0,0,1,0,0,0,0,1
SES_04981,STU_2451,3600,3,4,2,21897,41079,42549,21.51,2,0,0,1,2,0,0,0,0,0,0,1
SES_04982,STU_8731,3600,0,1,0,164,907,2854,2.23,0,0,0,0,0,0,0,0,0,0,0,0
SES_04983,STU_3677,3600,8,13,5,5040,14370,58981,8.03,10,4,1,0,0,0,0,0,0,0,0,1
SES_04984,STU_5169,3600,2,3,1,701,935,6521,1.3,0,0,0,0,0,0,0,0,0,0,0,0
SES_04985,STU_2948,3600,0,1,0,383,880,11220,1.63,1,0,0,0,0,0,0,0,0,0,0,0
SES_04986,STU_7048,3600,0,1,0,83,663,12981,0.56,0,0,0,0,0,0,0,0,0,0,0,0
SES_04987,STU_8360,3600,10,10,2,1225,6237,51889,5.12,8,0,1,0,0,0,0,0,0,0,0,1
SES_04988,STU_6628,3600,0,0,0,0,0,12882,2.94,0,0,0,0,0,0,0,0,0,0,0,0
SES_04989,STU_5649,3600,4,2,0,10892,15464,129137,8.74,3,2,1,0,0,0,0,0,0,0,0,1
SES_04990,STU_7678,3600,1,1,0,484,1019,47183,21.35,0,0,0,0,9,0,0,0,1,0,0,1
SES_04991,STU_4599,3600,0,1,0,338,1254,9417,0.55,0,0,0,0,0,0,0,0,1,0,0,0
SES_04992,STU_4355,3600,2,0,0,929,1296,43954,14.59,0,0,0,0,8,0,0,0,1,0,0,1
SES_04993,STU_7028,3600,5,5,0,2637,7207,14646,16.01,2,6,3,0,0,0,0,0,0,0,0,1
SES_04994,STU_3421,3600,10,11,0,2796,3312,149568,10.41,4,1,0,0,2,0,0,0,0,0,0,1
SES_04995,STU_8508,3600,15,21,5,8965,22801,110360,6.33,8,2,3,0,0,0,0,0,0,0,0,1
SES_04996,STU_5114,3600,1,3,1,1095,1164,4558,3.18,0,0,0,0,0,0,0,0,0,0,0,0
SES_04997,STU_3338,3600,0,0,0,0,0,13264,3.5,1,0,0,0,0,0,0,0,0,0,0,0
SES_04998,STU_9035,3600,14,19,4,8128,21934,54816,11.59,6,3,2,0,2,0,0,0,0,0,0,1
SES_04999,STU_4216,3600,0,0,1,0,0,20375,11.95,0,0,0,0,0,0,0,0,0,0,1,1
SES_05000,STU_8554,3600,0,0,0,0,0,3589,2.01,0,0,0,0,0,0,0,0,0,0,1,0
